ISO-10303-21;
HEADER;
/* Generated by software containing ST-Developer
 * from STEP Tools, Inc. (www.steptools.com) 
 */
/* OPTION: using custom renumber hook */

FILE_DESCRIPTION(
/* description */ ('STEP AP242 Edition 2',
'CAx-IF Rec.Pracs.---Representation and Presentation of Product Manufa
cturing Information (PMI)---4.0---2014-10-13',
'CAx-IF Rec.Pracs.---3D Tessellated Geometry---0.4---2014-09-14','2;1',
'CAx-IF Rec.Pracs.---User Defined Attributes---1.5---2016-08-15'),
/* implementation_level */ '2;1');

FILE_NAME(
/* name */ 'Bed Bunk',
/* time_stamp */ '2026-09-09T01:30:48Z',
/* author */ (''),
/* organization */ (''),
/* preprocessor_version */ 'ST-DEVELOPER v20',
/* originating_system */ 'ONSHAPE BY PTC INC, 1.220',
/* authorisation */ '  ');

FILE_SCHEMA (('AP242_MANAGED_MODEL_BASED_3D_ENGINEERING_MIM_LF { 1 0 10303 442 3 1 4 }'));
ENDSEC;

DATA;
#10=ELLIPSE('',#4481,0.00204852813742386,0.00144852813742386);
#11=ELLIPSE('',#4484,0.00204852813742386,0.00144852813742386);
#12=ELLIPSE('',#4487,0.00204852813742386,0.00144852813742386);
#13=ELLIPSE('',#4490,0.00204852813742386,0.00144852813742386);
#14=ELLIPSE('',#4522,0.00565685424949238,0.004);
#15=ELLIPSE('',#4523,0.00565685424949238,0.004);
#16=ELLIPSE('',#4525,0.00565685424949238,0.004);
#17=ELLIPSE('',#4527,0.00565685424949238,0.004);
#18=ELLIPSE('',#4590,0.00204852813742386,0.00144852813742386);
#19=ELLIPSE('',#4591,0.00204852813742386,0.00144852813742386);
#20=ELLIPSE('',#4593,0.00204852813742386,0.00144852813742386);
#21=ELLIPSE('',#4595,0.00204852813742386,0.00144852813742386);
#22=ELLIPSE('',#4597,0.00204852813742386,0.00144852813742386);
#23=ELLIPSE('',#4599,0.00204852813742386,0.00144852813742386);
#24=ELLIPSE('',#4602,0.00204852813742386,0.00144852813742386);
#25=ELLIPSE('',#4603,0.00204852813742386,0.00144852813742386);
#26=ELLIPSE('',#4605,0.00204852813742386,0.00144852813742386);
#27=ELLIPSE('',#4607,0.00204852813742386,0.00144852813742386);
#28=ELLIPSE('',#4609,0.00204852813742386,0.00144852813742386);
#29=ELLIPSE('',#4611,0.00204852813742386,0.00144852813742386);
#30=ELLIPSE('',#4613,0.00204852813742386,0.00144852813742386);
#31=ELLIPSE('',#4615,0.00204852813742386,0.00144852813742386);
#32=ELLIPSE('',#4617,0.00204852813742386,0.00144852813742386);
#33=ELLIPSE('',#4619,0.00204852813742386,0.00144852813742386);
#34=ELLIPSE('',#4621,0.00204852813742386,0.00144852813742386);
#35=ELLIPSE('',#4623,0.00204852813742386,0.00144852813742386);
#36=ELLIPSE('',#4626,0.00204852813742386,0.00144852813742386);
#37=ELLIPSE('',#4627,0.00204852813742386,0.00144852813742386);
#38=ELLIPSE('',#4629,0.00204852813742386,0.00144852813742386);
#39=ELLIPSE('',#4631,0.00204852813742386,0.00144852813742386);
#40=ELLIPSE('',#4634,0.00204852813742386,0.00144852813742386);
#41=ELLIPSE('',#4635,0.00204852813742386,0.00144852813742386);
#42=ELLIPSE('',#4637,0.00204852813742386,0.00144852813742386);
#43=ELLIPSE('',#4639,0.00204852813742386,0.00144852813742386);
#44=TOROIDAL_SURFACE('',#4339,0.01510516,0.00158556);
#45=TOROIDAL_SURFACE('',#4421,0.01193404,0.00158556);
#46=(
BOUNDED_SURFACE()
B_SPLINE_SURFACE(3,2,((#5968,#5969,#5970),(#5971,#5972,#5973),(#5974,#5975,
#5976),(#5977,#5978,#5979)),.UNSPECIFIED.,.F.,.F.,.F.)
B_SPLINE_SURFACE_WITH_KNOTS((4,4),(3,3),(0.0253442629223267,0.0867909341046109),
(0.,1.),.PIECEWISE_BEZIER_KNOTS.)
GEOMETRIC_REPRESENTATION_ITEM()
RATIONAL_B_SPLINE_SURFACE(((1.,0.36477450584853,1.),(1.,0.368095544464848,
1.),(1.,0.371413524487262,1.),(1.,0.37472172098564,1.)))
REPRESENTATION_ITEM('')
SURFACE()
);
#47=B_SPLINE_CURVE_WITH_KNOTS('',3,(#5850,#5851,#5852,#5853),
 .UNSPECIFIED.,.F.,.F.,(4,4),(0.,1.),.UNSPECIFIED.);
#48=B_SPLINE_CURVE_WITH_KNOTS('',3,(#5861,#5862,#5863,#5864),
 .UNSPECIFIED.,.F.,.F.,(4,4),(0.,1.),.UNSPECIFIED.);
#49=B_SPLINE_CURVE_WITH_KNOTS('',3,(#5878,#5879,#5880,#5881),
 .UNSPECIFIED.,.F.,.F.,(4,4),(0.,1.),.UNSPECIFIED.);
#50=B_SPLINE_CURVE_WITH_KNOTS('',3,(#5890,#5891,#5892,#5893),
 .UNSPECIFIED.,.F.,.F.,(4,4),(2.1858475674864E-5,1.),.UNSPECIFIED.);
#51=B_SPLINE_CURVE_WITH_KNOTS('',3,(#5895,#5896,#5897,#5898),
 .UNSPECIFIED.,.F.,.F.,(4,4),(0.,0.999999976563572),.UNSPECIFIED.);
#52=B_SPLINE_CURVE_WITH_KNOTS('',3,(#5903,#5904,#5905,#5906),
 .UNSPECIFIED.,.F.,.F.,(4,4),(0.,0.060692347249003),.UNSPECIFIED.);
#53=B_SPLINE_CURVE_WITH_KNOTS('',3,(#5912,#5913,#5914,#5915,#5916,#5917,
#5918),.UNSPECIFIED.,.F.,.F.,(4,1,1,1,4),(0.,0.00115117647931751,0.00230235295863503,
0.00345352943795255,0.00460470591727006),.UNSPECIFIED.);
#54=B_SPLINE_CURVE_WITH_KNOTS('',3,(#5920,#5921,#5922,#5923),
 .UNSPECIFIED.,.F.,.F.,(4,4),(0.,1.),.UNSPECIFIED.);
#55=B_SPLINE_CURVE_WITH_KNOTS('',3,(#5925,#5926,#5927,#5928),
 .UNSPECIFIED.,.F.,.F.,(4,4),(0.,1.),.UNSPECIFIED.);
#56=B_SPLINE_CURVE_WITH_KNOTS('',3,(#5937,#5938,#5939,#5940),
 .UNSPECIFIED.,.F.,.F.,(4,4),(0.,1.),.UNSPECIFIED.);
#57=B_SPLINE_CURVE_WITH_KNOTS('',3,(#5942,#5943,#5944,#5945),
 .UNSPECIFIED.,.F.,.F.,(4,4),(0.,1.),.UNSPECIFIED.);
#58=B_SPLINE_CURVE_WITH_KNOTS('',3,(#5947,#5948,#5949,#5950,#5951,#5952,
#5953),.UNSPECIFIED.,.F.,.F.,(4,1,1,1,4),(0.,0.00114077056913548,0.00228154113827097,
0.00342231170740645,0.00456308227654194),.UNSPECIFIED.);
#59=B_SPLINE_CURVE_WITH_KNOTS('',3,(#5964,#5965,#5966,#5967),
 .UNSPECIFIED.,.F.,.F.,(4,4),(0.,0.0606927690257874),.UNSPECIFIED.);
#60=B_SPLINE_CURVE_WITH_KNOTS('',3,(#6145,#6146,#6147,#6148),
 .UNSPECIFIED.,.F.,.F.,(4,4),(0.00101190181104117,0.00295240277340755),
 .UNSPECIFIED.);
#61=B_SPLINE_CURVE_WITH_KNOTS('',3,(#6156,#6157,#6158,#6159),
 .UNSPECIFIED.,.F.,.F.,(4,4),(0.000741347912613682,0.00236039003161564),
 .UNSPECIFIED.);
#62=B_SPLINE_CURVE_WITH_KNOTS('',3,(#6669,#6670,#6671,#6672,#6673),
 .UNSPECIFIED.,.F.,.F.,(4,1,4),(0.,0.00159840622897199,0.00319681245794398),
 .UNSPECIFIED.);
#63=B_SPLINE_CURVE_WITH_KNOTS('',3,(#6681,#6682,#6683,#6684,#6685),
 .UNSPECIFIED.,.F.,.F.,(4,1,4),(0.,0.00159840622897196,0.00319681245794393),
 .UNSPECIFIED.);
#64=B_SPLINE_CURVE_WITH_KNOTS('',3,(#6689,#6690,#6691,#6692,#6693),
 .UNSPECIFIED.,.F.,.F.,(4,1,4),(0.,0.00192435494841191,0.00384870989682382),
 .UNSPECIFIED.);
#65=B_SPLINE_CURVE_WITH_KNOTS('',3,(#6695,#6696,#6697,#6698,#6699),
 .UNSPECIFIED.,.F.,.F.,(4,1,4),(0.,0.00159840622897199,0.00319681245794398),
 .UNSPECIFIED.);
#66=B_SPLINE_CURVE_WITH_KNOTS('',3,(#6701,#6702,#6703,#6704,#6705),
 .UNSPECIFIED.,.F.,.F.,(4,1,4),(0.,0.00159840622897196,0.00319681245794391),
 .UNSPECIFIED.);
#67=B_SPLINE_CURVE_WITH_KNOTS('',3,(#6707,#6708,#6709,#6710,#6711),
 .UNSPECIFIED.,.F.,.F.,(4,1,4),(0.,0.00192435494841187,0.00384870989682374),
 .UNSPECIFIED.);
#68=B_SPLINE_CURVE_WITH_KNOTS('',3,(#6713,#6714,#6715,#6716,#6717),
 .UNSPECIFIED.,.F.,.F.,(4,1,4),(0.,0.00159840622897194,0.00319681245794389),
 .UNSPECIFIED.);
#69=B_SPLINE_CURVE_WITH_KNOTS('',3,(#6719,#6720,#6721,#6722,#6723),
 .UNSPECIFIED.,.F.,.F.,(4,1,4),(0.,0.00192435494841189,0.00384870989682377),
 .UNSPECIFIED.);
#70=B_SPLINE_CURVE_WITH_KNOTS('',3,(#6727,#6728,#6729,#6730,#6731),
 .UNSPECIFIED.,.F.,.F.,(4,1,4),(0.,0.00192435494841189,0.00384870989682377),
 .UNSPECIFIED.);
#71=B_SPLINE_CURVE_WITH_KNOTS('',3,(#6733,#6734,#6735,#6736,#6737),
 .UNSPECIFIED.,.F.,.F.,(4,1,4),(0.,0.00192435494841189,0.00384870989682377),
 .UNSPECIFIED.);
#72=B_SPLINE_CURVE_WITH_KNOTS('',3,(#6741,#6742,#6743,#6744,#6745),
 .UNSPECIFIED.,.F.,.F.,(4,1,4),(0.,0.00159840622897196,0.00319681245794391),
 .UNSPECIFIED.);
#73=B_SPLINE_CURVE_WITH_KNOTS('',3,(#6747,#6748,#6749,#6750,#6751),
 .UNSPECIFIED.,.F.,.F.,(4,1,4),(0.,0.00159840622897196,0.00319681245794391),
 .UNSPECIFIED.);
#74=B_SPLINE_CURVE_WITH_KNOTS('',3,(#6753,#6754,#6755,#6756,#6757),
 .UNSPECIFIED.,.F.,.F.,(4,1,4),(0.,0.00192435494841189,0.00384870989682378),
 .UNSPECIFIED.);
#75=B_SPLINE_CURVE_WITH_KNOTS('',3,(#6763,#6764,#6765,#6766,#6767),
 .UNSPECIFIED.,.F.,.F.,(4,1,4),(0.,0.00192435494841189,0.00384870989682378),
 .UNSPECIFIED.);
#76=B_SPLINE_CURVE_WITH_KNOTS('',3,(#6769,#6770,#6771,#6772,#6773),
 .UNSPECIFIED.,.F.,.F.,(4,1,4),(0.,0.00159840622897197,0.00319681245794393),
 .UNSPECIFIED.);
#77=B_SPLINE_CURVE_WITH_KNOTS('',3,(#6775,#6776,#6777,#6778,#6779),
 .UNSPECIFIED.,.F.,.F.,(4,1,4),(0.,0.00159840622897196,0.00319681245794393),
 .UNSPECIFIED.);
#78=B_SPLINE_CURVE_WITH_KNOTS('',3,(#6781,#6782,#6783,#6784,#6785),
 .UNSPECIFIED.,.F.,.F.,(4,1,4),(0.,0.00192435494841189,0.00384870989682377),
 .UNSPECIFIED.);
#79=B_SPLINE_CURVE_WITH_KNOTS('',3,(#6789,#6790,#6791,#6792,#6793),
 .UNSPECIFIED.,.F.,.F.,(4,1,4),(0.,0.00159840622897196,0.00319681245794391),
 .UNSPECIFIED.);
#80=B_SPLINE_SURFACE_WITH_KNOTS('',3,1,((#5831,#5832),(#5833,#5834),(#5835,
#5836),(#5837,#5838)),.RULED_SURF.,.F.,.F.,.F.,(4,4),(2,2),(0.,1.),(0.,
1.),.PIECEWISE_BEZIER_KNOTS.);
#81=B_SPLINE_SURFACE_WITH_KNOTS('',3,1,((#5867,#5868),(#5869,#5870),(#5871,
#5872),(#5873,#5874)),.RULED_SURF.,.F.,.F.,.F.,(4,4),(2,2),(0.,0.770361592180327),
(0.,1.),.PIECEWISE_BEZIER_KNOTS.);
#82=B_SPLINE_SURFACE_WITH_KNOTS('',1,3,((#5956,#5957,#5958,#5959),(#5960,
#5961,#5962,#5963)),.RULED_SURF.,.F.,.F.,.F.,(2,2),(4,4),(0.,1.),(0.08853172741248,
0.163670495473427),.PIECEWISE_BEZIER_KNOTS.);
#83=DRAUGHTING_PRE_DEFINED_COLOUR('red');
#84=SHAPE_REPRESENTATION_RELATIONSHIP('','',#4285,#88);
#85=SHAPE_REPRESENTATION_RELATIONSHIP('','',#4286,#89);
#86=SHAPE_REPRESENTATION_RELATIONSHIP('','',#4287,#90);
#87=SHAPE_REPRESENTATION_RELATIONSHIP('','',#4288,#91);
#88=ADVANCED_BREP_SHAPE_REPRESENTATION('',(#4277),#7188);
#89=ADVANCED_BREP_SHAPE_REPRESENTATION('',(#4278),#7189);
#90=ADVANCED_BREP_SHAPE_REPRESENTATION('',(#4279),#7190);
#91=ADVANCED_BREP_SHAPE_REPRESENTATION('',(#4280),#7191);
#92=CYLINDRICAL_SURFACE('',#4298,0.00193137084989848);
#93=CYLINDRICAL_SURFACE('',#4337,0.00158556405236498);
#94=CYLINDRICAL_SURFACE('',#4410,0.003);
#95=CYLINDRICAL_SURFACE('',#4411,0.003);
#96=CYLINDRICAL_SURFACE('',#4412,0.003);
#97=CYLINDRICAL_SURFACE('',#4413,0.003);
#98=CYLINDRICAL_SURFACE('',#4415,0.0135196);
#99=CYLINDRICAL_SURFACE('',#4417,0.0135196);
#100=CYLINDRICAL_SURFACE('',#4418,0.00158556405236498);
#101=CYLINDRICAL_SURFACE('',#4419,0.00158556);
#102=CYLINDRICAL_SURFACE('',#4423,0.00158556);
#103=CYLINDRICAL_SURFACE('',#4424,0.00606853559227204);
#104=CYLINDRICAL_SURFACE('',#4425,0.00606853559227204);
#105=CYLINDRICAL_SURFACE('',#4426,0.00606853559227204);
#106=CYLINDRICAL_SURFACE('',#4427,0.00606853559227204);
#107=CYLINDRICAL_SURFACE('',#4428,0.00606853559227204);
#108=CYLINDRICAL_SURFACE('',#4429,0.00606853559227204);
#109=CYLINDRICAL_SURFACE('',#4480,0.00144852813742386);
#110=CYLINDRICAL_SURFACE('',#4482,0.00144852813742386);
#111=CYLINDRICAL_SURFACE('',#4483,0.00144852813742386);
#112=CYLINDRICAL_SURFACE('',#4485,0.00144852813742386);
#113=CYLINDRICAL_SURFACE('',#4486,0.00144852813742386);
#114=CYLINDRICAL_SURFACE('',#4488,0.00144852813742386);
#115=CYLINDRICAL_SURFACE('',#4489,0.00144852813742386);
#116=CYLINDRICAL_SURFACE('',#4491,0.00144852813742386);
#117=CYLINDRICAL_SURFACE('',#4492,0.00144852813742386);
#118=CYLINDRICAL_SURFACE('',#4493,0.00144852813742386);
#119=CYLINDRICAL_SURFACE('',#4494,0.00144852813742386);
#120=CYLINDRICAL_SURFACE('',#4495,0.00144852813742386);
#121=CYLINDRICAL_SURFACE('',#4496,0.00144852813742386);
#122=CYLINDRICAL_SURFACE('',#4497,0.00144852813742386);
#123=CYLINDRICAL_SURFACE('',#4498,0.00144852813742386);
#124=CYLINDRICAL_SURFACE('',#4499,0.00144852813742386);
#125=CYLINDRICAL_SURFACE('',#4500,0.00144852813742386);
#126=CYLINDRICAL_SURFACE('',#4501,0.00144852813742386);
#127=CYLINDRICAL_SURFACE('',#4502,0.00144852813742386);
#128=CYLINDRICAL_SURFACE('',#4503,0.00144852813742386);
#129=CYLINDRICAL_SURFACE('',#4504,0.00144852813742386);
#130=CYLINDRICAL_SURFACE('',#4505,0.00144852813742386);
#131=CYLINDRICAL_SURFACE('',#4506,0.00144852813742386);
#132=CYLINDRICAL_SURFACE('',#4507,0.00144852813742386);
#133=CYLINDRICAL_SURFACE('',#4508,0.0024142135623731);
#134=CYLINDRICAL_SURFACE('',#4509,0.0024142135623731);
#135=CYLINDRICAL_SURFACE('',#4510,0.0024142135623731);
#136=CYLINDRICAL_SURFACE('',#4511,0.0024142135623731);
#137=CYLINDRICAL_SURFACE('',#4512,0.0024142135623731);
#138=CYLINDRICAL_SURFACE('',#4513,0.004);
#139=CYLINDRICAL_SURFACE('',#4514,0.004);
#140=CYLINDRICAL_SURFACE('',#4515,0.004);
#141=CYLINDRICAL_SURFACE('',#4516,0.004);
#142=CYLINDRICAL_SURFACE('',#4521,0.004);
#143=CYLINDRICAL_SURFACE('',#4524,0.004);
#144=CYLINDRICAL_SURFACE('',#4526,0.004);
#145=CYLINDRICAL_SURFACE('',#4528,0.004);
#146=CYLINDRICAL_SURFACE('',#4535,0.004);
#147=CYLINDRICAL_SURFACE('',#4547,0.0497619918566307);
#148=CYLINDRICAL_SURFACE('',#4549,0.00500704975455685);
#149=CYLINDRICAL_SURFACE('',#4550,0.00500704975455685);
#150=CYLINDRICAL_SURFACE('',#4551,0.00500704975455684);
#151=CYLINDRICAL_SURFACE('',#4553,0.00500704975455685);
#152=CYLINDRICAL_SURFACE('',#4589,0.00144852813742386);
#153=CYLINDRICAL_SURFACE('',#4592,0.00144852813742386);
#154=CYLINDRICAL_SURFACE('',#4594,0.00144852813742386);
#155=CYLINDRICAL_SURFACE('',#4596,0.00144852813742386);
#156=CYLINDRICAL_SURFACE('',#4598,0.00144852813742386);
#157=CYLINDRICAL_SURFACE('',#4600,0.00144852813742386);
#158=CYLINDRICAL_SURFACE('',#4601,0.00144852813742386);
#159=CYLINDRICAL_SURFACE('',#4604,0.00144852813742386);
#160=CYLINDRICAL_SURFACE('',#4606,0.00144852813742386);
#161=CYLINDRICAL_SURFACE('',#4608,0.00144852813742386);
#162=CYLINDRICAL_SURFACE('',#4610,0.00144852813742386);
#163=CYLINDRICAL_SURFACE('',#4612,0.00144852813742386);
#164=CYLINDRICAL_SURFACE('',#4614,0.00144852813742386);
#165=CYLINDRICAL_SURFACE('',#4616,0.00144852813742386);
#166=CYLINDRICAL_SURFACE('',#4618,0.00144852813742386);
#167=CYLINDRICAL_SURFACE('',#4620,0.00144852813742386);
#168=CYLINDRICAL_SURFACE('',#4622,0.00144852813742386);
#169=CYLINDRICAL_SURFACE('',#4624,0.00144852813742386);
#170=CYLINDRICAL_SURFACE('',#4625,0.00144852813742386);
#171=CYLINDRICAL_SURFACE('',#4628,0.00144852813742386);
#172=CYLINDRICAL_SURFACE('',#4630,0.00144852813742386);
#173=CYLINDRICAL_SURFACE('',#4632,0.00144852813742386);
#174=CYLINDRICAL_SURFACE('',#4633,0.00144852813742386);
#175=CYLINDRICAL_SURFACE('',#4636,0.00144852813742386);
#176=CYLINDRICAL_SURFACE('',#4638,0.00144852813742386);
#177=CYLINDRICAL_SURFACE('',#4640,0.00144852813742386);
#178=CIRCLE('',#4291,0.00193137084989848);
#179=CIRCLE('',#4294,0.00193137084989848);
#180=CIRCLE('',#4312,0.0497619918566307);
#181=CIRCLE('',#4313,0.0135196);
#182=CIRCLE('',#4314,0.0135196);
#183=CIRCLE('',#4317,0.00606853559227204);
#184=CIRCLE('',#4318,0.00606853559227204);
#185=CIRCLE('',#4320,0.003);
#186=CIRCLE('',#4321,0.003);
#187=CIRCLE('',#4322,0.003);
#188=CIRCLE('',#4323,0.003);
#189=CIRCLE('',#4324,0.00500704975455684);
#190=CIRCLE('',#4325,0.00500704975455685);
#191=CIRCLE('',#4326,0.00500704975455685);
#192=CIRCLE('',#4327,0.00500704975455685);
#193=CIRCLE('',#4330,0.00158556);
#194=CIRCLE('',#4332,0.00158556405236498);
#195=CIRCLE('',#4333,0.00158556405236498);
#196=CIRCLE('',#4335,0.01193404);
#197=CIRCLE('',#4336,0.01510516);
#198=CIRCLE('',#4338,0.00158556405236498);
#199=CIRCLE('',#4340,0.00158556);
#200=CIRCLE('',#4341,0.0135196);
#201=CIRCLE('',#4345,0.0497619918566307);
#202=CIRCLE('',#4346,0.00158556405236498);
#203=CIRCLE('',#4347,0.0135196);
#204=CIRCLE('',#4349,0.00144852813742386);
#205=CIRCLE('',#4350,0.00144852813742386);
#206=CIRCLE('',#4356,0.00144852813742386);
#207=CIRCLE('',#4357,0.00144852813742386);
#208=CIRCLE('',#4359,0.004);
#209=CIRCLE('',#4363,0.004);
#210=CIRCLE('',#4365,0.00144852813742386);
#211=CIRCLE('',#4366,0.00144852813742386);
#212=CIRCLE('',#4371,0.00500704975455685);
#213=CIRCLE('',#4372,0.00500704975455684);
#214=CIRCLE('',#4373,0.00500704975455685);
#215=CIRCLE('',#4374,0.00500704975455685);
#216=CIRCLE('',#4375,0.003);
#217=CIRCLE('',#4376,0.003);
#218=CIRCLE('',#4377,0.003);
#219=CIRCLE('',#4378,0.003);
#220=CIRCLE('',#4391,0.00606853559227204);
#221=CIRCLE('',#4392,0.00606853559227204);
#222=CIRCLE('',#4394,0.00606853559227204);
#223=CIRCLE('',#4395,0.00606853559227204);
#224=CIRCLE('',#4398,0.00606853559227204);
#225=CIRCLE('',#4399,0.00606853559227204);
#226=CIRCLE('',#4401,0.00606853559227204);
#227=CIRCLE('',#4402,0.00606853559227204);
#228=CIRCLE('',#4405,0.00606853559227204);
#229=CIRCLE('',#4406,0.00606853559227204);
#230=CIRCLE('',#4416,0.0135196);
#231=CIRCLE('',#4420,0.00158556);
#232=CIRCLE('',#4422,0.00158556);
#233=CIRCLE('',#4431,0.004);
#234=CIRCLE('',#4432,0.0024142135623731);
#235=CIRCLE('',#4434,0.004);
#236=CIRCLE('',#4435,0.0024142135623731);
#237=CIRCLE('',#4437,0.0024142135623731);
#238=CIRCLE('',#4438,0.004);
#239=CIRCLE('',#4440,0.004);
#240=CIRCLE('',#4441,0.0024142135623731);
#241=CIRCLE('',#4443,0.0024142135623731);
#242=CIRCLE('',#4444,0.004);
#243=CIRCLE('',#4446,0.004);
#244=CIRCLE('',#4447,0.0024142135623731);
#245=CIRCLE('',#4449,0.0024142135623731);
#246=CIRCLE('',#4450,0.004);
#247=CIRCLE('',#4452,0.0024142135623731);
#248=CIRCLE('',#4454,0.0024142135623731);
#249=CIRCLE('',#4455,0.004);
#250=CIRCLE('',#4457,0.0024142135623731);
#251=CIRCLE('',#4460,0.00144852813742386);
#252=CIRCLE('',#4461,0.00144852813742386);
#253=CIRCLE('',#4462,0.00144852813742386);
#254=CIRCLE('',#4463,0.00144852813742386);
#255=CIRCLE('',#4465,0.00144852813742386);
#256=CIRCLE('',#4466,0.00144852813742386);
#257=CIRCLE('',#4467,0.00144852813742386);
#258=CIRCLE('',#4468,0.00144852813742386);
#259=CIRCLE('',#4470,0.00144852813742386);
#260=CIRCLE('',#4471,0.00144852813742386);
#261=CIRCLE('',#4472,0.00144852813742386);
#262=CIRCLE('',#4473,0.00144852813742386);
#263=CIRCLE('',#4475,0.00144852813742386);
#264=CIRCLE('',#4476,0.00144852813742386);
#265=CIRCLE('',#4477,0.00144852813742386);
#266=CIRCLE('',#4478,0.00144852813742386);
#267=CIRCLE('',#4532,0.004);
#268=CIRCLE('',#4552,0.00500704975455684);
#269=CIRCLE('',#4554,0.00500704975455685);
#270=ORIENTED_EDGE('',*,*,#1492,.F.);
#271=ORIENTED_EDGE('',*,*,#1493,.T.);
#272=ORIENTED_EDGE('',*,*,#1494,.T.);
#273=ORIENTED_EDGE('',*,*,#1495,.T.);
#274=ORIENTED_EDGE('',*,*,#1496,.F.);
#275=ORIENTED_EDGE('',*,*,#1497,.T.);
#276=ORIENTED_EDGE('',*,*,#1498,.F.);
#277=ORIENTED_EDGE('',*,*,#1499,.F.);
#278=ORIENTED_EDGE('',*,*,#1496,.T.);
#279=ORIENTED_EDGE('',*,*,#1500,.F.);
#280=ORIENTED_EDGE('',*,*,#1501,.T.);
#281=ORIENTED_EDGE('',*,*,#1502,.F.);
#282=ORIENTED_EDGE('',*,*,#1498,.T.);
#283=ORIENTED_EDGE('',*,*,#1503,.T.);
#284=ORIENTED_EDGE('',*,*,#1494,.F.);
#285=ORIENTED_EDGE('',*,*,#1504,.T.);
#286=ORIENTED_EDGE('',*,*,#1500,.T.);
#287=ORIENTED_EDGE('',*,*,#1505,.F.);
#288=ORIENTED_EDGE('',*,*,#1502,.T.);
#289=ORIENTED_EDGE('',*,*,#1506,.T.);
#290=ORIENTED_EDGE('',*,*,#1492,.T.);
#291=ORIENTED_EDGE('',*,*,#1499,.T.);
#292=ORIENTED_EDGE('',*,*,#1495,.F.);
#293=ORIENTED_EDGE('',*,*,#1505,.T.);
#294=ORIENTED_EDGE('',*,*,#1503,.F.);
#295=ORIENTED_EDGE('',*,*,#1497,.F.);
#296=ORIENTED_EDGE('',*,*,#1493,.F.);
#297=ORIENTED_EDGE('',*,*,#1506,.F.);
#298=ORIENTED_EDGE('',*,*,#1501,.F.);
#299=ORIENTED_EDGE('',*,*,#1504,.F.);
#300=ORIENTED_EDGE('',*,*,#1507,.F.);
#301=ORIENTED_EDGE('',*,*,#1508,.F.);
#302=ORIENTED_EDGE('',*,*,#1509,.T.);
#303=ORIENTED_EDGE('',*,*,#1510,.T.);
#304=ORIENTED_EDGE('',*,*,#1511,.F.);
#305=ORIENTED_EDGE('',*,*,#1512,.T.);
#306=ORIENTED_EDGE('',*,*,#1513,.T.);
#307=ORIENTED_EDGE('',*,*,#1514,.T.);
#308=ORIENTED_EDGE('',*,*,#1515,.F.);
#309=ORIENTED_EDGE('',*,*,#1516,.T.);
#310=ORIENTED_EDGE('',*,*,#1517,.T.);
#311=ORIENTED_EDGE('',*,*,#1508,.T.);
#312=ORIENTED_EDGE('',*,*,#1518,.T.);
#313=ORIENTED_EDGE('',*,*,#1519,.T.);
#314=ORIENTED_EDGE('',*,*,#1520,.F.);
#315=ORIENTED_EDGE('',*,*,#1521,.F.);
#316=ORIENTED_EDGE('',*,*,#1521,.T.);
#317=ORIENTED_EDGE('',*,*,#1522,.F.);
#318=ORIENTED_EDGE('',*,*,#1510,.F.);
#319=ORIENTED_EDGE('',*,*,#1523,.T.);
#320=ORIENTED_EDGE('',*,*,#1520,.T.);
#321=ORIENTED_EDGE('',*,*,#1524,.T.);
#322=ORIENTED_EDGE('',*,*,#1511,.T.);
#323=ORIENTED_EDGE('',*,*,#1507,.T.);
#324=ORIENTED_EDGE('',*,*,#1522,.T.);
#325=ORIENTED_EDGE('',*,*,#1517,.F.);
#326=ORIENTED_EDGE('',*,*,#1525,.T.);
#327=ORIENTED_EDGE('',*,*,#1518,.F.);
#328=ORIENTED_EDGE('',*,*,#1523,.F.);
#329=ORIENTED_EDGE('',*,*,#1509,.F.);
#330=ORIENTED_EDGE('',*,*,#1526,.T.);
#331=ORIENTED_EDGE('',*,*,#1527,.T.);
#332=ORIENTED_EDGE('',*,*,#1528,.F.);
#333=ORIENTED_EDGE('',*,*,#1529,.F.);
#334=ORIENTED_EDGE('',*,*,#1528,.T.);
#335=ORIENTED_EDGE('',*,*,#1530,.T.);
#336=ORIENTED_EDGE('',*,*,#1531,.F.);
#337=ORIENTED_EDGE('',*,*,#1532,.T.);
#338=ORIENTED_EDGE('',*,*,#1515,.T.);
#339=ORIENTED_EDGE('',*,*,#1533,.F.);
#340=ORIENTED_EDGE('',*,*,#1534,.F.);
#341=ORIENTED_EDGE('',*,*,#1514,.F.);
#342=ORIENTED_EDGE('',*,*,#1535,.F.);
#343=ORIENTED_EDGE('',*,*,#1536,.T.);
#344=ORIENTED_EDGE('',*,*,#1533,.T.);
#345=ORIENTED_EDGE('',*,*,#1513,.F.);
#346=ORIENTED_EDGE('',*,*,#1537,.T.);
#347=ORIENTED_EDGE('',*,*,#1538,.F.);
#348=ORIENTED_EDGE('',*,*,#1539,.T.);
#349=ORIENTED_EDGE('',*,*,#1526,.F.);
#350=ORIENTED_EDGE('',*,*,#1540,.T.);
#351=ORIENTED_EDGE('',*,*,#1535,.T.);
#352=ORIENTED_EDGE('',*,*,#1529,.T.);
#353=ORIENTED_EDGE('',*,*,#1534,.T.);
#354=ORIENTED_EDGE('',*,*,#1536,.F.);
#355=ORIENTED_EDGE('',*,*,#1540,.F.);
#356=ORIENTED_EDGE('',*,*,#1532,.F.);
#357=ORIENTED_EDGE('',*,*,#1531,.T.);
#358=ORIENTED_EDGE('',*,*,#1541,.T.);
#359=ORIENTED_EDGE('',*,*,#1538,.T.);
#360=ORIENTED_EDGE('',*,*,#1537,.F.);
#361=ORIENTED_EDGE('',*,*,#1512,.F.);
#362=ORIENTED_EDGE('',*,*,#1524,.F.);
#363=ORIENTED_EDGE('',*,*,#1519,.F.);
#364=ORIENTED_EDGE('',*,*,#1525,.F.);
#365=ORIENTED_EDGE('',*,*,#1516,.F.);
#366=ORIENTED_EDGE('',*,*,#1539,.F.);
#367=ORIENTED_EDGE('',*,*,#1541,.F.);
#368=ORIENTED_EDGE('',*,*,#1530,.F.);
#369=ORIENTED_EDGE('',*,*,#1527,.F.);
#370=ORIENTED_EDGE('',*,*,#1542,.F.);
#371=ORIENTED_EDGE('',*,*,#1543,.T.);
#372=ORIENTED_EDGE('',*,*,#1544,.T.);
#373=ORIENTED_EDGE('',*,*,#1545,.F.);
#374=ORIENTED_EDGE('',*,*,#1546,.F.);
#375=ORIENTED_EDGE('',*,*,#1547,.T.);
#376=ORIENTED_EDGE('',*,*,#1548,.T.);
#377=ORIENTED_EDGE('',*,*,#1549,.T.);
#378=ORIENTED_EDGE('',*,*,#1550,.T.);
#379=ORIENTED_EDGE('',*,*,#1551,.T.);
#380=ORIENTED_EDGE('',*,*,#1552,.T.);
#381=ORIENTED_EDGE('',*,*,#1553,.T.);
#382=ORIENTED_EDGE('',*,*,#1554,.F.);
#383=ORIENTED_EDGE('',*,*,#1555,.F.);
#384=ORIENTED_EDGE('',*,*,#1556,.T.);
#385=ORIENTED_EDGE('',*,*,#1557,.F.);
#386=ORIENTED_EDGE('',*,*,#1558,.T.);
#387=ORIENTED_EDGE('',*,*,#1559,.F.);
#388=ORIENTED_EDGE('',*,*,#1560,.T.);
#389=ORIENTED_EDGE('',*,*,#1561,.T.);
#390=ORIENTED_EDGE('',*,*,#1562,.T.);
#391=ORIENTED_EDGE('',*,*,#1563,.T.);
#392=ORIENTED_EDGE('',*,*,#1564,.T.);
#393=ORIENTED_EDGE('',*,*,#1565,.T.);
#394=ORIENTED_EDGE('',*,*,#1566,.F.);
#395=ORIENTED_EDGE('',*,*,#1567,.T.);
#396=ORIENTED_EDGE('',*,*,#1568,.F.);
#397=ORIENTED_EDGE('',*,*,#1569,.F.);
#398=ORIENTED_EDGE('',*,*,#1570,.F.);
#399=ORIENTED_EDGE('',*,*,#1571,.F.);
#400=ORIENTED_EDGE('',*,*,#1572,.F.);
#401=ORIENTED_EDGE('',*,*,#1573,.F.);
#402=ORIENTED_EDGE('',*,*,#1574,.F.);
#403=ORIENTED_EDGE('',*,*,#1575,.F.);
#404=ORIENTED_EDGE('',*,*,#1576,.F.);
#405=ORIENTED_EDGE('',*,*,#1577,.F.);
#406=ORIENTED_EDGE('',*,*,#1578,.F.);
#407=ORIENTED_EDGE('',*,*,#1579,.T.);
#408=ORIENTED_EDGE('',*,*,#1580,.F.);
#409=ORIENTED_EDGE('',*,*,#1581,.F.);
#410=ORIENTED_EDGE('',*,*,#1582,.T.);
#411=ORIENTED_EDGE('',*,*,#1583,.T.);
#412=ORIENTED_EDGE('',*,*,#1584,.T.);
#413=ORIENTED_EDGE('',*,*,#1585,.T.);
#414=ORIENTED_EDGE('',*,*,#1583,.F.);
#415=ORIENTED_EDGE('',*,*,#1586,.F.);
#416=ORIENTED_EDGE('',*,*,#1587,.T.);
#417=ORIENTED_EDGE('',*,*,#1588,.F.);
#418=ORIENTED_EDGE('',*,*,#1579,.F.);
#419=ORIENTED_EDGE('',*,*,#1589,.T.);
#420=ORIENTED_EDGE('',*,*,#1590,.F.);
#421=ORIENTED_EDGE('',*,*,#1591,.T.);
#422=ORIENTED_EDGE('',*,*,#1592,.T.);
#423=ORIENTED_EDGE('',*,*,#1593,.F.);
#424=ORIENTED_EDGE('',*,*,#1567,.F.);
#425=ORIENTED_EDGE('',*,*,#1594,.T.);
#426=ORIENTED_EDGE('',*,*,#1595,.F.);
#427=ORIENTED_EDGE('',*,*,#1596,.T.);
#428=ORIENTED_EDGE('',*,*,#1597,.T.);
#429=ORIENTED_EDGE('',*,*,#1598,.T.);
#430=ORIENTED_EDGE('',*,*,#1599,.F.);
#431=ORIENTED_EDGE('',*,*,#1600,.T.);
#432=ORIENTED_EDGE('',*,*,#1601,.T.);
#433=ORIENTED_EDGE('',*,*,#1602,.T.);
#434=ORIENTED_EDGE('',*,*,#1603,.F.);
#435=ORIENTED_EDGE('',*,*,#1604,.T.);
#436=ORIENTED_EDGE('',*,*,#1554,.T.);
#437=ORIENTED_EDGE('',*,*,#1605,.T.);
#438=ORIENTED_EDGE('',*,*,#1606,.T.);
#439=ORIENTED_EDGE('',*,*,#1607,.F.);
#440=ORIENTED_EDGE('',*,*,#1608,.T.);
#441=ORIENTED_EDGE('',*,*,#1609,.T.);
#442=ORIENTED_EDGE('',*,*,#1610,.F.);
#443=ORIENTED_EDGE('',*,*,#1611,.F.);
#444=ORIENTED_EDGE('',*,*,#1612,.F.);
#445=ORIENTED_EDGE('',*,*,#1613,.T.);
#446=ORIENTED_EDGE('',*,*,#1614,.T.);
#447=ORIENTED_EDGE('',*,*,#1615,.T.);
#448=ORIENTED_EDGE('',*,*,#1592,.F.);
#449=ORIENTED_EDGE('',*,*,#1616,.F.);
#450=ORIENTED_EDGE('',*,*,#1590,.T.);
#451=ORIENTED_EDGE('',*,*,#1617,.T.);
#452=ORIENTED_EDGE('',*,*,#1618,.T.);
#453=ORIENTED_EDGE('',*,*,#1619,.T.);
#454=ORIENTED_EDGE('',*,*,#1620,.T.);
#455=ORIENTED_EDGE('',*,*,#1608,.F.);
#456=ORIENTED_EDGE('',*,*,#1621,.T.);
#457=ORIENTED_EDGE('',*,*,#1622,.T.);
#458=ORIENTED_EDGE('',*,*,#1623,.F.);
#459=ORIENTED_EDGE('',*,*,#1624,.F.);
#460=ORIENTED_EDGE('',*,*,#1625,.F.);
#461=ORIENTED_EDGE('',*,*,#1622,.F.);
#462=ORIENTED_EDGE('',*,*,#1626,.T.);
#463=ORIENTED_EDGE('',*,*,#1620,.F.);
#464=ORIENTED_EDGE('',*,*,#1627,.F.);
#465=ORIENTED_EDGE('',*,*,#1628,.F.);
#466=ORIENTED_EDGE('',*,*,#1549,.F.);
#467=ORIENTED_EDGE('',*,*,#1629,.T.);
#468=ORIENTED_EDGE('',*,*,#1630,.F.);
#469=ORIENTED_EDGE('',*,*,#1631,.T.);
#470=ORIENTED_EDGE('',*,*,#1632,.T.);
#471=ORIENTED_EDGE('',*,*,#1633,.T.);
#472=ORIENTED_EDGE('',*,*,#1611,.T.);
#473=ORIENTED_EDGE('',*,*,#1634,.F.);
#474=ORIENTED_EDGE('',*,*,#1630,.T.);
#475=ORIENTED_EDGE('',*,*,#1635,.T.);
#476=ORIENTED_EDGE('',*,*,#1636,.T.);
#477=ORIENTED_EDGE('',*,*,#1637,.T.);
#478=ORIENTED_EDGE('',*,*,#1632,.F.);
#479=ORIENTED_EDGE('',*,*,#1638,.F.);
#480=ORIENTED_EDGE('',*,*,#1639,.T.);
#481=ORIENTED_EDGE('',*,*,#1624,.T.);
#482=ORIENTED_EDGE('',*,*,#1640,.T.);
#483=ORIENTED_EDGE('',*,*,#1641,.F.);
#484=ORIENTED_EDGE('',*,*,#1642,.T.);
#485=ORIENTED_EDGE('',*,*,#1643,.T.);
#486=ORIENTED_EDGE('',*,*,#1644,.F.);
#487=ORIENTED_EDGE('',*,*,#1645,.T.);
#488=ORIENTED_EDGE('',*,*,#1646,.T.);
#489=ORIENTED_EDGE('',*,*,#1647,.F.);
#490=ORIENTED_EDGE('',*,*,#1648,.T.);
#491=ORIENTED_EDGE('',*,*,#1649,.T.);
#492=ORIENTED_EDGE('',*,*,#1650,.F.);
#493=ORIENTED_EDGE('',*,*,#1651,.F.);
#494=ORIENTED_EDGE('',*,*,#1652,.F.);
#495=ORIENTED_EDGE('',*,*,#1653,.F.);
#496=ORIENTED_EDGE('',*,*,#1654,.T.);
#497=ORIENTED_EDGE('',*,*,#1655,.T.);
#498=ORIENTED_EDGE('',*,*,#1656,.F.);
#499=ORIENTED_EDGE('',*,*,#1543,.F.);
#500=ORIENTED_EDGE('',*,*,#1657,.T.);
#501=ORIENTED_EDGE('',*,*,#1557,.T.);
#502=ORIENTED_EDGE('',*,*,#1658,.T.);
#503=ORIENTED_EDGE('',*,*,#1659,.F.);
#504=ORIENTED_EDGE('',*,*,#1660,.F.);
#505=ORIENTED_EDGE('',*,*,#1661,.T.);
#506=ORIENTED_EDGE('',*,*,#1662,.T.);
#507=ORIENTED_EDGE('',*,*,#1663,.T.);
#508=ORIENTED_EDGE('',*,*,#1664,.T.);
#509=ORIENTED_EDGE('',*,*,#1665,.T.);
#510=ORIENTED_EDGE('',*,*,#1666,.F.);
#511=ORIENTED_EDGE('',*,*,#1667,.T.);
#512=ORIENTED_EDGE('',*,*,#1668,.F.);
#513=ORIENTED_EDGE('',*,*,#1669,.F.);
#514=ORIENTED_EDGE('',*,*,#1670,.F.);
#515=ORIENTED_EDGE('',*,*,#1671,.F.);
#516=ORIENTED_EDGE('',*,*,#1672,.T.);
#517=ORIENTED_EDGE('',*,*,#1673,.F.);
#518=ORIENTED_EDGE('',*,*,#1674,.T.);
#519=ORIENTED_EDGE('',*,*,#1675,.T.);
#520=ORIENTED_EDGE('',*,*,#1676,.T.);
#521=ORIENTED_EDGE('',*,*,#1665,.F.);
#522=ORIENTED_EDGE('',*,*,#1677,.T.);
#523=ORIENTED_EDGE('',*,*,#1678,.T.);
#524=ORIENTED_EDGE('',*,*,#1679,.T.);
#525=ORIENTED_EDGE('',*,*,#1680,.F.);
#526=ORIENTED_EDGE('',*,*,#1681,.T.);
#527=ORIENTED_EDGE('',*,*,#1682,.F.);
#528=ORIENTED_EDGE('',*,*,#1683,.T.);
#529=ORIENTED_EDGE('',*,*,#1684,.F.);
#530=ORIENTED_EDGE('',*,*,#1685,.T.);
#531=ORIENTED_EDGE('',*,*,#1686,.F.);
#532=ORIENTED_EDGE('',*,*,#1687,.T.);
#533=ORIENTED_EDGE('',*,*,#1688,.F.);
#534=ORIENTED_EDGE('',*,*,#1689,.T.);
#535=ORIENTED_EDGE('',*,*,#1690,.F.);
#536=ORIENTED_EDGE('',*,*,#1691,.T.);
#537=ORIENTED_EDGE('',*,*,#1692,.T.);
#538=ORIENTED_EDGE('',*,*,#1693,.T.);
#539=ORIENTED_EDGE('',*,*,#1694,.T.);
#540=ORIENTED_EDGE('',*,*,#1695,.T.);
#541=ORIENTED_EDGE('',*,*,#1696,.F.);
#542=ORIENTED_EDGE('',*,*,#1697,.T.);
#543=ORIENTED_EDGE('',*,*,#1698,.T.);
#544=ORIENTED_EDGE('',*,*,#1699,.T.);
#545=ORIENTED_EDGE('',*,*,#1700,.F.);
#546=ORIENTED_EDGE('',*,*,#1701,.T.);
#547=ORIENTED_EDGE('',*,*,#1702,.T.);
#548=ORIENTED_EDGE('',*,*,#1703,.T.);
#549=ORIENTED_EDGE('',*,*,#1704,.F.);
#550=ORIENTED_EDGE('',*,*,#1705,.T.);
#551=ORIENTED_EDGE('',*,*,#1706,.T.);
#552=ORIENTED_EDGE('',*,*,#1707,.T.);
#553=ORIENTED_EDGE('',*,*,#1708,.F.);
#554=ORIENTED_EDGE('',*,*,#1709,.T.);
#555=ORIENTED_EDGE('',*,*,#1710,.T.);
#556=ORIENTED_EDGE('',*,*,#1711,.T.);
#557=ORIENTED_EDGE('',*,*,#1712,.F.);
#558=ORIENTED_EDGE('',*,*,#1713,.T.);
#559=ORIENTED_EDGE('',*,*,#1661,.F.);
#560=ORIENTED_EDGE('',*,*,#1714,.T.);
#561=ORIENTED_EDGE('',*,*,#1656,.T.);
#562=ORIENTED_EDGE('',*,*,#1715,.F.);
#563=ORIENTED_EDGE('',*,*,#1568,.T.);
#564=ORIENTED_EDGE('',*,*,#1593,.T.);
#565=ORIENTED_EDGE('',*,*,#1615,.F.);
#566=ORIENTED_EDGE('',*,*,#1716,.F.);
#567=ORIENTED_EDGE('',*,*,#1717,.T.);
#568=ORIENTED_EDGE('',*,*,#1718,.T.);
#569=ORIENTED_EDGE('',*,*,#1719,.T.);
#570=ORIENTED_EDGE('',*,*,#1647,.T.);
#571=ORIENTED_EDGE('',*,*,#1720,.F.);
#572=ORIENTED_EDGE('',*,*,#1721,.F.);
#573=ORIENTED_EDGE('',*,*,#1722,.T.);
#574=ORIENTED_EDGE('',*,*,#1723,.T.);
#575=ORIENTED_EDGE('',*,*,#1724,.F.);
#576=ORIENTED_EDGE('',*,*,#1643,.F.);
#577=ORIENTED_EDGE('',*,*,#1725,.T.);
#578=ORIENTED_EDGE('',*,*,#1726,.T.);
#579=ORIENTED_EDGE('',*,*,#1727,.T.);
#580=ORIENTED_EDGE('',*,*,#1663,.F.);
#581=ORIENTED_EDGE('',*,*,#1728,.T.);
#582=ORIENTED_EDGE('',*,*,#1729,.T.);
#583=ORIENTED_EDGE('',*,*,#1645,.F.);
#584=ORIENTED_EDGE('',*,*,#1730,.F.);
#585=ORIENTED_EDGE('',*,*,#1731,.F.);
#586=ORIENTED_EDGE('',*,*,#1732,.T.);
#587=ORIENTED_EDGE('',*,*,#1733,.T.);
#588=ORIENTED_EDGE('',*,*,#1666,.T.);
#589=ORIENTED_EDGE('',*,*,#1693,.F.);
#590=ORIENTED_EDGE('',*,*,#1734,.T.);
#591=ORIENTED_EDGE('',*,*,#1735,.T.);
#592=ORIENTED_EDGE('',*,*,#1736,.T.);
#593=ORIENTED_EDGE('',*,*,#1721,.T.);
#594=ORIENTED_EDGE('',*,*,#1737,.F.);
#595=ORIENTED_EDGE('',*,*,#1728,.F.);
#596=ORIENTED_EDGE('',*,*,#1670,.T.);
#597=ORIENTED_EDGE('',*,*,#1655,.F.);
#598=ORIENTED_EDGE('',*,*,#1738,.T.);
#599=ORIENTED_EDGE('',*,*,#1569,.T.);
#600=ORIENTED_EDGE('',*,*,#1715,.T.);
#601=ORIENTED_EDGE('',*,*,#1739,.T.);
#602=ORIENTED_EDGE('',*,*,#1740,.T.);
#603=ORIENTED_EDGE('',*,*,#1741,.F.);
#604=ORIENTED_EDGE('',*,*,#1742,.T.);
#605=ORIENTED_EDGE('',*,*,#1743,.T.);
#606=ORIENTED_EDGE('',*,*,#1744,.T.);
#607=ORIENTED_EDGE('',*,*,#1745,.F.);
#608=ORIENTED_EDGE('',*,*,#1746,.T.);
#609=ORIENTED_EDGE('',*,*,#1747,.T.);
#610=ORIENTED_EDGE('',*,*,#1748,.T.);
#611=ORIENTED_EDGE('',*,*,#1562,.F.);
#612=ORIENTED_EDGE('',*,*,#1749,.T.);
#613=ORIENTED_EDGE('',*,*,#1556,.F.);
#614=ORIENTED_EDGE('',*,*,#1750,.T.);
#615=ORIENTED_EDGE('',*,*,#1614,.F.);
#616=ORIENTED_EDGE('',*,*,#1751,.T.);
#617=ORIENTED_EDGE('',*,*,#1662,.F.);
#618=ORIENTED_EDGE('',*,*,#1716,.T.);
#619=ORIENTED_EDGE('',*,*,#1752,.T.);
#620=ORIENTED_EDGE('',*,*,#1753,.T.);
#621=ORIENTED_EDGE('',*,*,#1754,.T.);
#622=ORIENTED_EDGE('',*,*,#1638,.T.);
#623=ORIENTED_EDGE('',*,*,#1634,.T.);
#624=ORIENTED_EDGE('',*,*,#1610,.T.);
#625=ORIENTED_EDGE('',*,*,#1755,.T.);
#626=ORIENTED_EDGE('',*,*,#1756,.T.);
#627=ORIENTED_EDGE('',*,*,#1757,.T.);
#628=ORIENTED_EDGE('',*,*,#1758,.T.);
#629=ORIENTED_EDGE('',*,*,#1759,.T.);
#630=ORIENTED_EDGE('',*,*,#1760,.T.);
#631=ORIENTED_EDGE('',*,*,#1761,.T.);
#632=ORIENTED_EDGE('',*,*,#1762,.T.);
#633=ORIENTED_EDGE('',*,*,#1763,.T.);
#634=ORIENTED_EDGE('',*,*,#1764,.T.);
#635=ORIENTED_EDGE('',*,*,#1602,.F.);
#636=ORIENTED_EDGE('',*,*,#1765,.T.);
#637=ORIENTED_EDGE('',*,*,#1766,.T.);
#638=ORIENTED_EDGE('',*,*,#1605,.F.);
#639=ORIENTED_EDGE('',*,*,#1553,.F.);
#640=ORIENTED_EDGE('',*,*,#1767,.F.);
#641=ORIENTED_EDGE('',*,*,#1768,.T.);
#642=ORIENTED_EDGE('',*,*,#1769,.T.);
#643=ORIENTED_EDGE('',*,*,#1598,.F.);
#644=ORIENTED_EDGE('',*,*,#1566,.T.);
#645=ORIENTED_EDGE('',*,*,#1770,.T.);
#646=ORIENTED_EDGE('',*,*,#1771,.T.);
#647=ORIENTED_EDGE('',*,*,#1594,.F.);
#648=ORIENTED_EDGE('',*,*,#1772,.T.);
#649=ORIENTED_EDGE('',*,*,#1773,.T.);
#650=ORIENTED_EDGE('',*,*,#1774,.T.);
#651=ORIENTED_EDGE('',*,*,#1775,.T.);
#652=ORIENTED_EDGE('',*,*,#1776,.T.);
#653=ORIENTED_EDGE('',*,*,#1777,.T.);
#654=ORIENTED_EDGE('',*,*,#1778,.T.);
#655=ORIENTED_EDGE('',*,*,#1551,.F.);
#656=ORIENTED_EDGE('',*,*,#1779,.F.);
#657=ORIENTED_EDGE('',*,*,#1780,.T.);
#658=ORIENTED_EDGE('',*,*,#1781,.T.);
#659=ORIENTED_EDGE('',*,*,#1782,.T.);
#660=ORIENTED_EDGE('',*,*,#1564,.F.);
#661=ORIENTED_EDGE('',*,*,#1783,.T.);
#662=ORIENTED_EDGE('',*,*,#1784,.T.);
#663=ORIENTED_EDGE('',*,*,#1785,.T.);
#664=ORIENTED_EDGE('',*,*,#1587,.F.);
#665=ORIENTED_EDGE('',*,*,#1786,.F.);
#666=ORIENTED_EDGE('',*,*,#1787,.T.);
#667=ORIENTED_EDGE('',*,*,#1788,.T.);
#668=ORIENTED_EDGE('',*,*,#1737,.T.);
#669=ORIENTED_EDGE('',*,*,#1720,.T.);
#670=ORIENTED_EDGE('',*,*,#1646,.F.);
#671=ORIENTED_EDGE('',*,*,#1729,.F.);
#672=ORIENTED_EDGE('',*,*,#1580,.T.);
#673=ORIENTED_EDGE('',*,*,#1588,.T.);
#674=ORIENTED_EDGE('',*,*,#1788,.F.);
#675=ORIENTED_EDGE('',*,*,#1789,.T.);
#676=ORIENTED_EDGE('',*,*,#1784,.F.);
#677=ORIENTED_EDGE('',*,*,#1790,.T.);
#678=ORIENTED_EDGE('',*,*,#1747,.F.);
#679=ORIENTED_EDGE('',*,*,#1791,.T.);
#680=ORIENTED_EDGE('',*,*,#1595,.T.);
#681=ORIENTED_EDGE('',*,*,#1771,.F.);
#682=ORIENTED_EDGE('',*,*,#1792,.T.);
#683=ORIENTED_EDGE('',*,*,#1745,.T.);
#684=ORIENTED_EDGE('',*,*,#1793,.T.);
#685=ORIENTED_EDGE('',*,*,#1779,.T.);
#686=ORIENTED_EDGE('',*,*,#1794,.T.);
#687=ORIENTED_EDGE('',*,*,#1767,.T.);
#688=ORIENTED_EDGE('',*,*,#1597,.F.);
#689=ORIENTED_EDGE('',*,*,#1795,.F.);
#690=ORIENTED_EDGE('',*,*,#1791,.F.);
#691=ORIENTED_EDGE('',*,*,#1746,.F.);
#692=ORIENTED_EDGE('',*,*,#1795,.T.);
#693=ORIENTED_EDGE('',*,*,#1596,.F.);
#694=ORIENTED_EDGE('',*,*,#1774,.F.);
#695=ORIENTED_EDGE('',*,*,#1796,.T.);
#696=ORIENTED_EDGE('',*,*,#1762,.F.);
#697=ORIENTED_EDGE('',*,*,#1601,.F.);
#698=ORIENTED_EDGE('',*,*,#1797,.T.);
#699=ORIENTED_EDGE('',*,*,#1741,.T.);
#700=ORIENTED_EDGE('',*,*,#1798,.T.);
#701=ORIENTED_EDGE('',*,*,#1781,.F.);
#702=ORIENTED_EDGE('',*,*,#1799,.T.);
#703=ORIENTED_EDGE('',*,*,#1743,.F.);
#704=ORIENTED_EDGE('',*,*,#1800,.T.);
#705=ORIENTED_EDGE('',*,*,#1599,.T.);
#706=ORIENTED_EDGE('',*,*,#1769,.F.);
#707=ORIENTED_EDGE('',*,*,#1801,.T.);
#708=ORIENTED_EDGE('',*,*,#1797,.F.);
#709=ORIENTED_EDGE('',*,*,#1600,.F.);
#710=ORIENTED_EDGE('',*,*,#1800,.F.);
#711=ORIENTED_EDGE('',*,*,#1742,.F.);
#712=ORIENTED_EDGE('',*,*,#1764,.F.);
#713=ORIENTED_EDGE('',*,*,#1802,.T.);
#714=ORIENTED_EDGE('',*,*,#1772,.F.);
#715=ORIENTED_EDGE('',*,*,#1803,.T.);
#716=ORIENTED_EDGE('',*,*,#1739,.F.);
#717=ORIENTED_EDGE('',*,*,#1804,.T.);
#718=ORIENTED_EDGE('',*,*,#1603,.T.);
#719=ORIENTED_EDGE('',*,*,#1604,.F.);
#720=ORIENTED_EDGE('',*,*,#1804,.F.);
#721=ORIENTED_EDGE('',*,*,#1750,.F.);
#722=ORIENTED_EDGE('',*,*,#1555,.T.);
#723=ORIENTED_EDGE('',*,*,#1786,.T.);
#724=ORIENTED_EDGE('',*,*,#1586,.T.);
#725=ORIENTED_EDGE('',*,*,#1582,.F.);
#726=ORIENTED_EDGE('',*,*,#1805,.F.);
#727=ORIENTED_EDGE('',*,*,#1787,.F.);
#728=ORIENTED_EDGE('',*,*,#1805,.T.);
#729=ORIENTED_EDGE('',*,*,#1581,.T.);
#730=ORIENTED_EDGE('',*,*,#1789,.F.);
#731=ORIENTED_EDGE('',*,*,#1571,.T.);
#732=ORIENTED_EDGE('',*,*,#1806,.T.);
#733=ORIENTED_EDGE('',*,*,#1758,.F.);
#734=ORIENTED_EDGE('',*,*,#1807,.F.);
#735=ORIENTED_EDGE('',*,*,#1572,.T.);
#736=ORIENTED_EDGE('',*,*,#1807,.T.);
#737=ORIENTED_EDGE('',*,*,#1761,.F.);
#738=ORIENTED_EDGE('',*,*,#1808,.F.);
#739=ORIENTED_EDGE('',*,*,#1573,.T.);
#740=ORIENTED_EDGE('',*,*,#1808,.T.);
#741=ORIENTED_EDGE('',*,*,#1760,.F.);
#742=ORIENTED_EDGE('',*,*,#1809,.F.);
#743=ORIENTED_EDGE('',*,*,#1574,.T.);
#744=ORIENTED_EDGE('',*,*,#1809,.T.);
#745=ORIENTED_EDGE('',*,*,#1759,.F.);
#746=ORIENTED_EDGE('',*,*,#1806,.F.);
#747=ORIENTED_EDGE('',*,*,#1660,.T.);
#748=ORIENTED_EDGE('',*,*,#1810,.T.);
#749=ORIENTED_EDGE('',*,*,#1653,.T.);
#750=ORIENTED_EDGE('',*,*,#1714,.F.);
#751=ORIENTED_EDGE('',*,*,#1778,.F.);
#752=ORIENTED_EDGE('',*,*,#1811,.T.);
#753=ORIENTED_EDGE('',*,*,#1765,.F.);
#754=ORIENTED_EDGE('',*,*,#1552,.F.);
#755=ORIENTED_EDGE('',*,*,#1623,.T.);
#756=ORIENTED_EDGE('',*,*,#1628,.T.);
#757=ORIENTED_EDGE('',*,*,#1776,.F.);
#758=ORIENTED_EDGE('',*,*,#1550,.F.);
#759=ORIENTED_EDGE('',*,*,#1631,.F.);
#760=ORIENTED_EDGE('',*,*,#1640,.F.);
#761=ORIENTED_EDGE('',*,*,#1609,.F.);
#762=ORIENTED_EDGE('',*,*,#1625,.T.);
#763=ORIENTED_EDGE('',*,*,#1639,.F.);
#764=ORIENTED_EDGE('',*,*,#1754,.F.);
#765=ORIENTED_EDGE('',*,*,#1812,.F.);
#766=ORIENTED_EDGE('',*,*,#1755,.F.);
#767=ORIENTED_EDGE('',*,*,#1627,.T.);
#768=ORIENTED_EDGE('',*,*,#1619,.F.);
#769=ORIENTED_EDGE('',*,*,#1813,.F.);
#770=ORIENTED_EDGE('',*,*,#1777,.F.);
#771=ORIENTED_EDGE('',*,*,#1813,.T.);
#772=ORIENTED_EDGE('',*,*,#1618,.F.);
#773=ORIENTED_EDGE('',*,*,#1814,.F.);
#774=ORIENTED_EDGE('',*,*,#1811,.F.);
#775=ORIENTED_EDGE('',*,*,#1606,.F.);
#776=ORIENTED_EDGE('',*,*,#1766,.F.);
#777=ORIENTED_EDGE('',*,*,#1814,.T.);
#778=ORIENTED_EDGE('',*,*,#1617,.F.);
#779=ORIENTED_EDGE('',*,*,#1796,.F.);
#780=ORIENTED_EDGE('',*,*,#1773,.F.);
#781=ORIENTED_EDGE('',*,*,#1802,.F.);
#782=ORIENTED_EDGE('',*,*,#1763,.F.);
#783=ORIENTED_EDGE('',*,*,#1803,.F.);
#784=ORIENTED_EDGE('',*,*,#1775,.F.);
#785=ORIENTED_EDGE('',*,*,#1798,.F.);
#786=ORIENTED_EDGE('',*,*,#1740,.F.);
#787=ORIENTED_EDGE('',*,*,#1799,.F.);
#788=ORIENTED_EDGE('',*,*,#1780,.F.);
#789=ORIENTED_EDGE('',*,*,#1793,.F.);
#790=ORIENTED_EDGE('',*,*,#1744,.F.);
#791=ORIENTED_EDGE('',*,*,#1794,.F.);
#792=ORIENTED_EDGE('',*,*,#1782,.F.);
#793=ORIENTED_EDGE('',*,*,#1801,.F.);
#794=ORIENTED_EDGE('',*,*,#1768,.F.);
#795=ORIENTED_EDGE('',*,*,#1790,.F.);
#796=ORIENTED_EDGE('',*,*,#1783,.F.);
#797=ORIENTED_EDGE('',*,*,#1563,.F.);
#798=ORIENTED_EDGE('',*,*,#1748,.F.);
#799=ORIENTED_EDGE('',*,*,#1565,.F.);
#800=ORIENTED_EDGE('',*,*,#1785,.F.);
#801=ORIENTED_EDGE('',*,*,#1792,.F.);
#802=ORIENTED_EDGE('',*,*,#1770,.F.);
#803=ORIENTED_EDGE('',*,*,#1815,.T.);
#804=ORIENTED_EDGE('',*,*,#1816,.T.);
#805=ORIENTED_EDGE('',*,*,#1817,.T.);
#806=ORIENTED_EDGE('',*,*,#1818,.T.);
#807=ORIENTED_EDGE('',*,*,#1819,.T.);
#808=ORIENTED_EDGE('',*,*,#1820,.T.);
#809=ORIENTED_EDGE('',*,*,#1821,.T.);
#810=ORIENTED_EDGE('',*,*,#1822,.T.);
#811=ORIENTED_EDGE('',*,*,#1823,.T.);
#812=ORIENTED_EDGE('',*,*,#1824,.F.);
#813=ORIENTED_EDGE('',*,*,#1825,.T.);
#814=ORIENTED_EDGE('',*,*,#1826,.T.);
#815=ORIENTED_EDGE('',*,*,#1827,.T.);
#816=ORIENTED_EDGE('',*,*,#1828,.T.);
#817=ORIENTED_EDGE('',*,*,#1829,.T.);
#818=ORIENTED_EDGE('',*,*,#1830,.F.);
#819=ORIENTED_EDGE('',*,*,#1831,.T.);
#820=ORIENTED_EDGE('',*,*,#1832,.T.);
#821=ORIENTED_EDGE('',*,*,#1833,.T.);
#822=ORIENTED_EDGE('',*,*,#1834,.T.);
#823=ORIENTED_EDGE('',*,*,#1835,.T.);
#824=ORIENTED_EDGE('',*,*,#1836,.T.);
#825=ORIENTED_EDGE('',*,*,#1837,.T.);
#826=ORIENTED_EDGE('',*,*,#1838,.T.);
#827=ORIENTED_EDGE('',*,*,#1839,.T.);
#828=ORIENTED_EDGE('',*,*,#1840,.F.);
#829=ORIENTED_EDGE('',*,*,#1841,.T.);
#830=ORIENTED_EDGE('',*,*,#1842,.T.);
#831=ORIENTED_EDGE('',*,*,#1843,.T.);
#832=ORIENTED_EDGE('',*,*,#1844,.T.);
#833=ORIENTED_EDGE('',*,*,#1845,.T.);
#834=ORIENTED_EDGE('',*,*,#1846,.T.);
#835=ORIENTED_EDGE('',*,*,#1847,.T.);
#836=ORIENTED_EDGE('',*,*,#1848,.T.);
#837=ORIENTED_EDGE('',*,*,#1849,.F.);
#838=ORIENTED_EDGE('',*,*,#1850,.T.);
#839=ORIENTED_EDGE('',*,*,#1851,.T.);
#840=ORIENTED_EDGE('',*,*,#1675,.F.);
#841=ORIENTED_EDGE('',*,*,#1852,.T.);
#842=ORIENTED_EDGE('',*,*,#1853,.T.);
#843=ORIENTED_EDGE('',*,*,#1854,.T.);
#844=ORIENTED_EDGE('',*,*,#1855,.T.);
#845=ORIENTED_EDGE('',*,*,#1856,.T.);
#846=ORIENTED_EDGE('',*,*,#1857,.T.);
#847=ORIENTED_EDGE('',*,*,#1858,.T.);
#848=ORIENTED_EDGE('',*,*,#1859,.T.);
#849=ORIENTED_EDGE('',*,*,#1860,.T.);
#850=ORIENTED_EDGE('',*,*,#1673,.T.);
#851=ORIENTED_EDGE('',*,*,#1861,.T.);
#852=ORIENTED_EDGE('',*,*,#1862,.F.);
#853=ORIENTED_EDGE('',*,*,#1862,.T.);
#854=ORIENTED_EDGE('',*,*,#1863,.T.);
#855=ORIENTED_EDGE('',*,*,#1641,.T.);
#856=ORIENTED_EDGE('',*,*,#1864,.T.);
#857=ORIENTED_EDGE('',*,*,#1680,.T.);
#858=ORIENTED_EDGE('',*,*,#1865,.T.);
#859=ORIENTED_EDGE('',*,*,#1824,.T.);
#860=ORIENTED_EDGE('',*,*,#1866,.T.);
#861=ORIENTED_EDGE('',*,*,#1704,.T.);
#862=ORIENTED_EDGE('',*,*,#1867,.T.);
#863=ORIENTED_EDGE('',*,*,#1838,.F.);
#864=ORIENTED_EDGE('',*,*,#1868,.T.);
#865=ORIENTED_EDGE('',*,*,#1684,.T.);
#866=ORIENTED_EDGE('',*,*,#1869,.T.);
#867=ORIENTED_EDGE('',*,*,#1830,.T.);
#868=ORIENTED_EDGE('',*,*,#1870,.T.);
#869=ORIENTED_EDGE('',*,*,#1708,.T.);
#870=ORIENTED_EDGE('',*,*,#1871,.T.);
#871=ORIENTED_EDGE('',*,*,#1849,.T.);
#872=ORIENTED_EDGE('',*,*,#1872,.T.);
#873=ORIENTED_EDGE('',*,*,#1688,.T.);
#874=ORIENTED_EDGE('',*,*,#1873,.T.);
#875=ORIENTED_EDGE('',*,*,#1840,.T.);
#876=ORIENTED_EDGE('',*,*,#1874,.T.);
#877=ORIENTED_EDGE('',*,*,#1712,.T.);
#878=ORIENTED_EDGE('',*,*,#1875,.T.);
#879=ORIENTED_EDGE('',*,*,#1857,.F.);
#880=ORIENTED_EDGE('',*,*,#1876,.T.);
#881=ORIENTED_EDGE('',*,*,#1815,.F.);
#882=ORIENTED_EDGE('',*,*,#1877,.T.);
#883=ORIENTED_EDGE('',*,*,#1700,.T.);
#884=ORIENTED_EDGE('',*,*,#1878,.T.);
#885=ORIENTED_EDGE('',*,*,#1828,.F.);
#886=ORIENTED_EDGE('',*,*,#1879,.T.);
#887=ORIENTED_EDGE('',*,*,#1696,.T.);
#888=ORIENTED_EDGE('',*,*,#1880,.T.);
#889=ORIENTED_EDGE('',*,*,#1735,.F.);
#890=ORIENTED_EDGE('',*,*,#1881,.T.);
#891=ORIENTED_EDGE('',*,*,#1850,.F.);
#892=ORIENTED_EDGE('',*,*,#1882,.T.);
#893=ORIENTED_EDGE('',*,*,#1672,.F.);
#894=ORIENTED_EDGE('',*,*,#1883,.F.);
#895=ORIENTED_EDGE('',*,*,#1726,.F.);
#896=ORIENTED_EDGE('',*,*,#1884,.F.);
#897=ORIENTED_EDGE('',*,*,#1861,.F.);
#898=ORIENTED_EDGE('',*,*,#1642,.F.);
#899=ORIENTED_EDGE('',*,*,#1863,.F.);
#900=ORIENTED_EDGE('',*,*,#1884,.T.);
#901=ORIENTED_EDGE('',*,*,#1725,.F.);
#902=ORIENTED_EDGE('',*,*,#1718,.F.);
#903=ORIENTED_EDGE('',*,*,#1885,.T.);
#904=ORIENTED_EDGE('',*,*,#1859,.F.);
#905=ORIENTED_EDGE('',*,*,#1886,.F.);
#906=ORIENTED_EDGE('',*,*,#1886,.T.);
#907=ORIENTED_EDGE('',*,*,#1864,.F.);
#908=ORIENTED_EDGE('',*,*,#1648,.F.);
#909=ORIENTED_EDGE('',*,*,#1719,.F.);
#910=ORIENTED_EDGE('',*,*,#1676,.F.);
#911=ORIENTED_EDGE('',*,*,#1851,.F.);
#912=ORIENTED_EDGE('',*,*,#1887,.F.);
#913=ORIENTED_EDGE('',*,*,#1691,.F.);
#914=ORIENTED_EDGE('',*,*,#1888,.F.);
#915=ORIENTED_EDGE('',*,*,#1887,.T.);
#916=ORIENTED_EDGE('',*,*,#1881,.F.);
#917=ORIENTED_EDGE('',*,*,#1734,.F.);
#918=ORIENTED_EDGE('',*,*,#1692,.F.);
#919=ORIENTED_EDGE('',*,*,#1853,.F.);
#920=ORIENTED_EDGE('',*,*,#1889,.T.);
#921=ORIENTED_EDGE('',*,*,#1723,.F.);
#922=ORIENTED_EDGE('',*,*,#1890,.F.);
#923=ORIENTED_EDGE('',*,*,#1736,.F.);
#924=ORIENTED_EDGE('',*,*,#1882,.F.);
#925=ORIENTED_EDGE('',*,*,#1890,.T.);
#926=ORIENTED_EDGE('',*,*,#1722,.F.);
#927=ORIENTED_EDGE('',*,*,#1880,.F.);
#928=ORIENTED_EDGE('',*,*,#1695,.F.);
#929=ORIENTED_EDGE('',*,*,#1891,.T.);
#930=ORIENTED_EDGE('',*,*,#1816,.F.);
#931=ORIENTED_EDGE('',*,*,#1877,.F.);
#932=ORIENTED_EDGE('',*,*,#1819,.F.);
#933=ORIENTED_EDGE('',*,*,#1892,.T.);
#934=ORIENTED_EDGE('',*,*,#1701,.F.);
#935=ORIENTED_EDGE('',*,*,#1866,.F.);
#936=ORIENTED_EDGE('',*,*,#1823,.F.);
#937=ORIENTED_EDGE('',*,*,#1893,.T.);
#938=ORIENTED_EDGE('',*,*,#1705,.F.);
#939=ORIENTED_EDGE('',*,*,#1879,.F.);
#940=ORIENTED_EDGE('',*,*,#1827,.F.);
#941=ORIENTED_EDGE('',*,*,#1894,.T.);
#942=ORIENTED_EDGE('',*,*,#1697,.F.);
#943=ORIENTED_EDGE('',*,*,#1878,.F.);
#944=ORIENTED_EDGE('',*,*,#1699,.F.);
#945=ORIENTED_EDGE('',*,*,#1895,.T.);
#946=ORIENTED_EDGE('',*,*,#1829,.F.);
#947=ORIENTED_EDGE('',*,*,#1865,.F.);
#948=ORIENTED_EDGE('',*,*,#1679,.F.);
#949=ORIENTED_EDGE('',*,*,#1896,.T.);
#950=ORIENTED_EDGE('',*,*,#1820,.F.);
#951=ORIENTED_EDGE('',*,*,#1869,.F.);
#952=ORIENTED_EDGE('',*,*,#1683,.F.);
#953=ORIENTED_EDGE('',*,*,#1897,.F.);
#954=ORIENTED_EDGE('',*,*,#1898,.T.);
#955=ORIENTED_EDGE('',*,*,#1831,.F.);
#956=ORIENTED_EDGE('',*,*,#1868,.F.);
#957=ORIENTED_EDGE('',*,*,#1837,.F.);
#958=ORIENTED_EDGE('',*,*,#1899,.T.);
#959=ORIENTED_EDGE('',*,*,#1900,.F.);
#960=ORIENTED_EDGE('',*,*,#1681,.F.);
#961=ORIENTED_EDGE('',*,*,#1870,.F.);
#962=ORIENTED_EDGE('',*,*,#1834,.F.);
#963=ORIENTED_EDGE('',*,*,#1901,.T.);
#964=ORIENTED_EDGE('',*,*,#1709,.F.);
#965=ORIENTED_EDGE('',*,*,#1867,.F.);
#966=ORIENTED_EDGE('',*,*,#1703,.F.);
#967=ORIENTED_EDGE('',*,*,#1902,.T.);
#968=ORIENTED_EDGE('',*,*,#1839,.F.);
#969=ORIENTED_EDGE('',*,*,#1872,.F.);
#970=ORIENTED_EDGE('',*,*,#1848,.F.);
#971=ORIENTED_EDGE('',*,*,#1903,.T.);
#972=ORIENTED_EDGE('',*,*,#1904,.F.);
#973=ORIENTED_EDGE('',*,*,#1685,.F.);
#974=ORIENTED_EDGE('',*,*,#1873,.F.);
#975=ORIENTED_EDGE('',*,*,#1687,.F.);
#976=ORIENTED_EDGE('',*,*,#1905,.F.);
#977=ORIENTED_EDGE('',*,*,#1906,.T.);
#978=ORIENTED_EDGE('',*,*,#1841,.F.);
#979=ORIENTED_EDGE('',*,*,#1874,.F.);
#980=ORIENTED_EDGE('',*,*,#1844,.F.);
#981=ORIENTED_EDGE('',*,*,#1907,.T.);
#982=ORIENTED_EDGE('',*,*,#1713,.F.);
#983=ORIENTED_EDGE('',*,*,#1871,.F.);
#984=ORIENTED_EDGE('',*,*,#1707,.F.);
#985=ORIENTED_EDGE('',*,*,#1908,.T.);
#986=ORIENTED_EDGE('',*,*,#1845,.F.);
#987=ORIENTED_EDGE('',*,*,#1876,.F.);
#988=ORIENTED_EDGE('',*,*,#1856,.F.);
#989=ORIENTED_EDGE('',*,*,#1909,.T.);
#990=ORIENTED_EDGE('',*,*,#1910,.F.);
#991=ORIENTED_EDGE('',*,*,#1689,.F.);
#992=ORIENTED_EDGE('',*,*,#1875,.F.);
#993=ORIENTED_EDGE('',*,*,#1711,.F.);
#994=ORIENTED_EDGE('',*,*,#1911,.T.);
#995=ORIENTED_EDGE('',*,*,#1858,.F.);
#996=ORIENTED_EDGE('',*,*,#1818,.F.);
#997=ORIENTED_EDGE('',*,*,#1912,.T.);
#998=ORIENTED_EDGE('',*,*,#1825,.F.);
#999=ORIENTED_EDGE('',*,*,#1895,.F.);
#1000=ORIENTED_EDGE('',*,*,#1698,.F.);
#1001=ORIENTED_EDGE('',*,*,#1892,.F.);
#1002=ORIENTED_EDGE('',*,*,#1822,.F.);
#1003=ORIENTED_EDGE('',*,*,#1913,.T.);
#1004=ORIENTED_EDGE('',*,*,#1835,.F.);
#1005=ORIENTED_EDGE('',*,*,#1902,.F.);
#1006=ORIENTED_EDGE('',*,*,#1702,.F.);
#1007=ORIENTED_EDGE('',*,*,#1893,.F.);
#1008=ORIENTED_EDGE('',*,*,#1833,.F.);
#1009=ORIENTED_EDGE('',*,*,#1914,.T.);
#1010=ORIENTED_EDGE('',*,*,#1846,.F.);
#1011=ORIENTED_EDGE('',*,*,#1908,.F.);
#1012=ORIENTED_EDGE('',*,*,#1706,.F.);
#1013=ORIENTED_EDGE('',*,*,#1901,.F.);
#1014=ORIENTED_EDGE('',*,*,#1843,.F.);
#1015=ORIENTED_EDGE('',*,*,#1915,.T.);
#1016=ORIENTED_EDGE('',*,*,#1854,.F.);
#1017=ORIENTED_EDGE('',*,*,#1911,.F.);
#1018=ORIENTED_EDGE('',*,*,#1710,.F.);
#1019=ORIENTED_EDGE('',*,*,#1907,.F.);
#1020=ORIENTED_EDGE('',*,*,#1852,.F.);
#1021=ORIENTED_EDGE('',*,*,#1674,.F.);
#1022=ORIENTED_EDGE('',*,*,#1860,.F.);
#1023=ORIENTED_EDGE('',*,*,#1885,.F.);
#1024=ORIENTED_EDGE('',*,*,#1717,.F.);
#1025=ORIENTED_EDGE('',*,*,#1889,.F.);
#1026=ORIENTED_EDGE('',*,*,#1826,.F.);
#1027=ORIENTED_EDGE('',*,*,#1912,.F.);
#1028=ORIENTED_EDGE('',*,*,#1817,.F.);
#1029=ORIENTED_EDGE('',*,*,#1891,.F.);
#1030=ORIENTED_EDGE('',*,*,#1694,.F.);
#1031=ORIENTED_EDGE('',*,*,#1894,.F.);
#1032=ORIENTED_EDGE('',*,*,#1855,.F.);
#1033=ORIENTED_EDGE('',*,*,#1915,.F.);
#1034=ORIENTED_EDGE('',*,*,#1842,.F.);
#1035=ORIENTED_EDGE('',*,*,#1906,.F.);
#1036=ORIENTED_EDGE('',*,*,#1916,.F.);
#1037=ORIENTED_EDGE('',*,*,#1909,.F.);
#1038=ORIENTED_EDGE('',*,*,#1847,.F.);
#1039=ORIENTED_EDGE('',*,*,#1914,.F.);
#1040=ORIENTED_EDGE('',*,*,#1832,.F.);
#1041=ORIENTED_EDGE('',*,*,#1898,.F.);
#1042=ORIENTED_EDGE('',*,*,#1917,.F.);
#1043=ORIENTED_EDGE('',*,*,#1903,.F.);
#1044=ORIENTED_EDGE('',*,*,#1836,.F.);
#1045=ORIENTED_EDGE('',*,*,#1913,.F.);
#1046=ORIENTED_EDGE('',*,*,#1821,.F.);
#1047=ORIENTED_EDGE('',*,*,#1896,.F.);
#1048=ORIENTED_EDGE('',*,*,#1678,.F.);
#1049=ORIENTED_EDGE('',*,*,#1918,.F.);
#1050=ORIENTED_EDGE('',*,*,#1899,.F.);
#1051=ORIENTED_EDGE('',*,*,#1919,.F.);
#1052=ORIENTED_EDGE('',*,*,#1920,.T.);
#1053=ORIENTED_EDGE('',*,*,#1731,.T.);
#1054=ORIENTED_EDGE('',*,*,#1669,.T.);
#1055=ORIENTED_EDGE('',*,*,#1921,.F.);
#1056=ORIENTED_EDGE('',*,*,#1922,.T.);
#1057=ORIENTED_EDGE('',*,*,#1919,.T.);
#1058=ORIENTED_EDGE('',*,*,#1668,.T.);
#1059=ORIENTED_EDGE('',*,*,#1733,.F.);
#1060=ORIENTED_EDGE('',*,*,#1923,.T.);
#1061=ORIENTED_EDGE('',*,*,#1921,.T.);
#1062=ORIENTED_EDGE('',*,*,#1667,.F.);
#1063=ORIENTED_EDGE('',*,*,#1924,.T.);
#1064=ORIENTED_EDGE('',*,*,#1925,.T.);
#1065=ORIENTED_EDGE('',*,*,#1926,.T.);
#1066=ORIENTED_EDGE('',*,*,#1927,.T.);
#1067=ORIENTED_EDGE('',*,*,#1928,.F.);
#1068=ORIENTED_EDGE('',*,*,#1927,.F.);
#1069=ORIENTED_EDGE('',*,*,#1929,.F.);
#1070=ORIENTED_EDGE('',*,*,#1922,.F.);
#1071=ORIENTED_EDGE('',*,*,#1929,.T.);
#1072=ORIENTED_EDGE('',*,*,#1926,.F.);
#1073=ORIENTED_EDGE('',*,*,#1930,.F.);
#1074=ORIENTED_EDGE('',*,*,#1920,.F.);
#1075=ORIENTED_EDGE('',*,*,#1928,.T.);
#1076=ORIENTED_EDGE('',*,*,#1923,.F.);
#1077=ORIENTED_EDGE('',*,*,#1931,.F.);
#1078=ORIENTED_EDGE('',*,*,#1924,.F.);
#1079=ORIENTED_EDGE('',*,*,#1930,.T.);
#1080=ORIENTED_EDGE('',*,*,#1925,.F.);
#1081=ORIENTED_EDGE('',*,*,#1931,.T.);
#1082=ORIENTED_EDGE('',*,*,#1732,.F.);
#1083=ORIENTED_EDGE('',*,*,#1916,.T.);
#1084=ORIENTED_EDGE('',*,*,#1905,.T.);
#1085=ORIENTED_EDGE('',*,*,#1932,.F.);
#1086=ORIENTED_EDGE('',*,*,#1910,.T.);
#1087=ORIENTED_EDGE('',*,*,#1917,.T.);
#1088=ORIENTED_EDGE('',*,*,#1897,.T.);
#1089=ORIENTED_EDGE('',*,*,#1933,.F.);
#1090=ORIENTED_EDGE('',*,*,#1904,.T.);
#1091=ORIENTED_EDGE('',*,*,#1918,.T.);
#1092=ORIENTED_EDGE('',*,*,#1934,.T.);
#1093=ORIENTED_EDGE('',*,*,#1935,.F.);
#1094=ORIENTED_EDGE('',*,*,#1900,.T.);
#1095=ORIENTED_EDGE('',*,*,#1671,.T.);
#1096=ORIENTED_EDGE('',*,*,#1888,.T.);
#1097=ORIENTED_EDGE('',*,*,#1936,.F.);
#1098=ORIENTED_EDGE('',*,*,#1883,.T.);
#1099=ORIENTED_EDGE('',*,*,#1935,.T.);
#1100=ORIENTED_EDGE('',*,*,#1937,.T.);
#1101=ORIENTED_EDGE('',*,*,#1730,.T.);
#1102=ORIENTED_EDGE('',*,*,#1644,.T.);
#1103=ORIENTED_EDGE('',*,*,#1724,.T.);
#1104=ORIENTED_EDGE('',*,*,#1936,.T.);
#1105=ORIENTED_EDGE('',*,*,#1690,.T.);
#1106=ORIENTED_EDGE('',*,*,#1932,.T.);
#1107=ORIENTED_EDGE('',*,*,#1686,.T.);
#1108=ORIENTED_EDGE('',*,*,#1933,.T.);
#1109=ORIENTED_EDGE('',*,*,#1682,.T.);
#1110=ORIENTED_EDGE('',*,*,#1727,.F.);
#1111=ORIENTED_EDGE('',*,*,#1937,.F.);
#1112=ORIENTED_EDGE('',*,*,#1934,.F.);
#1113=ORIENTED_EDGE('',*,*,#1677,.F.);
#1114=ORIENTED_EDGE('',*,*,#1664,.F.);
#1115=ORIENTED_EDGE('',*,*,#1938,.F.);
#1116=ORIENTED_EDGE('',*,*,#1939,.T.);
#1117=ORIENTED_EDGE('',*,*,#1940,.T.);
#1118=ORIENTED_EDGE('',*,*,#1941,.F.);
#1119=ORIENTED_EDGE('',*,*,#1658,.F.);
#1120=ORIENTED_EDGE('',*,*,#1559,.T.);
#1121=ORIENTED_EDGE('',*,*,#1942,.T.);
#1122=ORIENTED_EDGE('',*,*,#1943,.F.);
#1123=ORIENTED_EDGE('',*,*,#1944,.T.);
#1124=ORIENTED_EDGE('',*,*,#1652,.T.);
#1125=ORIENTED_EDGE('',*,*,#1945,.F.);
#1126=ORIENTED_EDGE('',*,*,#1946,.F.);
#1127=ORIENTED_EDGE('',*,*,#1947,.F.);
#1128=ORIENTED_EDGE('',*,*,#1544,.F.);
#1129=ORIENTED_EDGE('',*,*,#1637,.F.);
#1130=ORIENTED_EDGE('',*,*,#1948,.T.);
#1131=ORIENTED_EDGE('',*,*,#1546,.T.);
#1132=ORIENTED_EDGE('',*,*,#1949,.T.);
#1133=ORIENTED_EDGE('',*,*,#1946,.T.);
#1134=ORIENTED_EDGE('',*,*,#1950,.T.);
#1135=ORIENTED_EDGE('',*,*,#1951,.T.);
#1136=ORIENTED_EDGE('',*,*,#1612,.T.);
#1137=ORIENTED_EDGE('',*,*,#1633,.F.);
#1138=ORIENTED_EDGE('',*,*,#1649,.F.);
#1139=ORIENTED_EDGE('',*,*,#1944,.F.);
#1140=ORIENTED_EDGE('',*,*,#1952,.T.);
#1141=ORIENTED_EDGE('',*,*,#1953,.T.);
#1142=ORIENTED_EDGE('',*,*,#1651,.T.);
#1143=ORIENTED_EDGE('',*,*,#1954,.F.);
#1144=ORIENTED_EDGE('',*,*,#1950,.F.);
#1145=ORIENTED_EDGE('',*,*,#1945,.T.);
#1146=ORIENTED_EDGE('',*,*,#1570,.T.);
#1147=ORIENTED_EDGE('',*,*,#1738,.F.);
#1148=ORIENTED_EDGE('',*,*,#1654,.F.);
#1149=ORIENTED_EDGE('',*,*,#1810,.F.);
#1150=ORIENTED_EDGE('',*,*,#1659,.T.);
#1151=ORIENTED_EDGE('',*,*,#1751,.F.);
#1152=ORIENTED_EDGE('',*,*,#1613,.F.);
#1153=ORIENTED_EDGE('',*,*,#1951,.F.);
#1154=ORIENTED_EDGE('',*,*,#1954,.T.);
#1155=ORIENTED_EDGE('',*,*,#1650,.T.);
#1156=ORIENTED_EDGE('',*,*,#1953,.F.);
#1157=ORIENTED_EDGE('',*,*,#1955,.F.);
#1158=ORIENTED_EDGE('',*,*,#1955,.T.);
#1159=ORIENTED_EDGE('',*,*,#1952,.F.);
#1160=ORIENTED_EDGE('',*,*,#1943,.T.);
#1161=ORIENTED_EDGE('',*,*,#1956,.F.);
#1162=ORIENTED_EDGE('',*,*,#1560,.F.);
#1163=ORIENTED_EDGE('',*,*,#1957,.T.);
#1164=ORIENTED_EDGE('',*,*,#1941,.T.);
#1165=ORIENTED_EDGE('',*,*,#1958,.F.);
#1166=ORIENTED_EDGE('',*,*,#1939,.F.);
#1167=ORIENTED_EDGE('',*,*,#1959,.T.);
#1168=ORIENTED_EDGE('',*,*,#1960,.F.);
#1169=ORIENTED_EDGE('',*,*,#1940,.F.);
#1170=ORIENTED_EDGE('',*,*,#1960,.T.);
#1171=ORIENTED_EDGE('',*,*,#1961,.T.);
#1172=ORIENTED_EDGE('',*,*,#1958,.T.);
#1173=ORIENTED_EDGE('',*,*,#1959,.F.);
#1174=ORIENTED_EDGE('',*,*,#1938,.T.);
#1175=ORIENTED_EDGE('',*,*,#1957,.F.);
#1176=ORIENTED_EDGE('',*,*,#1961,.F.);
#1177=ORIENTED_EDGE('',*,*,#1636,.F.);
#1178=ORIENTED_EDGE('',*,*,#1962,.T.);
#1179=ORIENTED_EDGE('',*,*,#1547,.F.);
#1180=ORIENTED_EDGE('',*,*,#1948,.F.);
#1181=ORIENTED_EDGE('',*,*,#1548,.F.);
#1182=ORIENTED_EDGE('',*,*,#1962,.F.);
#1183=ORIENTED_EDGE('',*,*,#1635,.F.);
#1184=ORIENTED_EDGE('',*,*,#1629,.F.);
#1185=ORIENTED_EDGE('',*,*,#1591,.F.);
#1186=ORIENTED_EDGE('',*,*,#1616,.T.);
#1187=ORIENTED_EDGE('',*,*,#1626,.F.);
#1188=ORIENTED_EDGE('',*,*,#1621,.F.);
#1189=ORIENTED_EDGE('',*,*,#1607,.T.);
#1190=ORIENTED_EDGE('',*,*,#1576,.T.);
#1191=ORIENTED_EDGE('',*,*,#1963,.T.);
#1192=ORIENTED_EDGE('',*,*,#1752,.F.);
#1193=ORIENTED_EDGE('',*,*,#1964,.F.);
#1194=ORIENTED_EDGE('',*,*,#1577,.T.);
#1195=ORIENTED_EDGE('',*,*,#1964,.T.);
#1196=ORIENTED_EDGE('',*,*,#1757,.F.);
#1197=ORIENTED_EDGE('',*,*,#1965,.F.);
#1198=ORIENTED_EDGE('',*,*,#1575,.T.);
#1199=ORIENTED_EDGE('',*,*,#1585,.F.);
#1200=ORIENTED_EDGE('',*,*,#1966,.T.);
#1201=ORIENTED_EDGE('',*,*,#1967,.T.);
#1202=ORIENTED_EDGE('',*,*,#1753,.F.);
#1203=ORIENTED_EDGE('',*,*,#1963,.F.);
#1204=ORIENTED_EDGE('',*,*,#1578,.T.);
#1205=ORIENTED_EDGE('',*,*,#1965,.T.);
#1206=ORIENTED_EDGE('',*,*,#1756,.F.);
#1207=ORIENTED_EDGE('',*,*,#1968,.F.);
#1208=ORIENTED_EDGE('',*,*,#1969,.T.);
#1209=ORIENTED_EDGE('',*,*,#1589,.F.);
#1210=ORIENTED_EDGE('',*,*,#1812,.T.);
#1211=ORIENTED_EDGE('',*,*,#1967,.F.);
#1212=ORIENTED_EDGE('',*,*,#1970,.F.);
#1213=ORIENTED_EDGE('',*,*,#1968,.T.);
#1214=ORIENTED_EDGE('',*,*,#1969,.F.);
#1215=ORIENTED_EDGE('',*,*,#1970,.T.);
#1216=ORIENTED_EDGE('',*,*,#1966,.F.);
#1217=ORIENTED_EDGE('',*,*,#1584,.F.);
#1218=ORIENTED_EDGE('',*,*,#1971,.F.);
#1219=ORIENTED_EDGE('',*,*,#1947,.T.);
#1220=ORIENTED_EDGE('',*,*,#1949,.F.);
#1221=ORIENTED_EDGE('',*,*,#1942,.F.);
#1222=ORIENTED_EDGE('',*,*,#1972,.T.);
#1223=ORIENTED_EDGE('',*,*,#1956,.T.);
#1224=ORIENTED_EDGE('',*,*,#1749,.F.);
#1225=ORIENTED_EDGE('',*,*,#1561,.F.);
#1226=ORIENTED_EDGE('',*,*,#1972,.F.);
#1227=ORIENTED_EDGE('',*,*,#1558,.F.);
#1228=ORIENTED_EDGE('',*,*,#1657,.F.);
#1229=ORIENTED_EDGE('',*,*,#1542,.T.);
#1230=ORIENTED_EDGE('',*,*,#1971,.T.);
#1231=ORIENTED_EDGE('',*,*,#1545,.T.);
#1232=ORIENTED_EDGE('',*,*,#1973,.F.);
#1233=ORIENTED_EDGE('',*,*,#1974,.T.);
#1234=ORIENTED_EDGE('',*,*,#1975,.T.);
#1235=ORIENTED_EDGE('',*,*,#1976,.F.);
#1236=ORIENTED_EDGE('',*,*,#1977,.F.);
#1237=ORIENTED_EDGE('',*,*,#1978,.T.);
#1238=ORIENTED_EDGE('',*,*,#1973,.T.);
#1239=ORIENTED_EDGE('',*,*,#1979,.F.);
#1240=ORIENTED_EDGE('',*,*,#1980,.F.);
#1241=ORIENTED_EDGE('',*,*,#1981,.T.);
#1242=ORIENTED_EDGE('',*,*,#1977,.T.);
#1243=ORIENTED_EDGE('',*,*,#1982,.T.);
#1244=ORIENTED_EDGE('',*,*,#1983,.F.);
#1245=ORIENTED_EDGE('',*,*,#1984,.T.);
#1246=ORIENTED_EDGE('',*,*,#1980,.T.);
#1247=ORIENTED_EDGE('',*,*,#1985,.F.);
#1248=ORIENTED_EDGE('',*,*,#1986,.F.);
#1249=ORIENTED_EDGE('',*,*,#1987,.T.);
#1250=ORIENTED_EDGE('',*,*,#1983,.T.);
#1251=ORIENTED_EDGE('',*,*,#1988,.F.);
#1252=ORIENTED_EDGE('',*,*,#1989,.F.);
#1253=ORIENTED_EDGE('',*,*,#1990,.T.);
#1254=ORIENTED_EDGE('',*,*,#1991,.T.);
#1255=ORIENTED_EDGE('',*,*,#1992,.F.);
#1256=ORIENTED_EDGE('',*,*,#1993,.F.);
#1257=ORIENTED_EDGE('',*,*,#1994,.T.);
#1258=ORIENTED_EDGE('',*,*,#1989,.T.);
#1259=ORIENTED_EDGE('',*,*,#1995,.T.);
#1260=ORIENTED_EDGE('',*,*,#1996,.F.);
#1261=ORIENTED_EDGE('',*,*,#1997,.T.);
#1262=ORIENTED_EDGE('',*,*,#1993,.T.);
#1263=ORIENTED_EDGE('',*,*,#1998,.F.);
#1264=ORIENTED_EDGE('',*,*,#1999,.F.);
#1265=ORIENTED_EDGE('',*,*,#2000,.T.);
#1266=ORIENTED_EDGE('',*,*,#1996,.T.);
#1267=ORIENTED_EDGE('',*,*,#2001,.F.);
#1268=ORIENTED_EDGE('',*,*,#2002,.F.);
#1269=ORIENTED_EDGE('',*,*,#2003,.T.);
#1270=ORIENTED_EDGE('',*,*,#1999,.T.);
#1271=ORIENTED_EDGE('',*,*,#2004,.T.);
#1272=ORIENTED_EDGE('',*,*,#2005,.F.);
#1273=ORIENTED_EDGE('',*,*,#2006,.T.);
#1274=ORIENTED_EDGE('',*,*,#2002,.T.);
#1275=ORIENTED_EDGE('',*,*,#2007,.T.);
#1276=ORIENTED_EDGE('',*,*,#2008,.F.);
#1277=ORIENTED_EDGE('',*,*,#2009,.T.);
#1278=ORIENTED_EDGE('',*,*,#2005,.T.);
#1279=ORIENTED_EDGE('',*,*,#2010,.F.);
#1280=ORIENTED_EDGE('',*,*,#2011,.F.);
#1281=ORIENTED_EDGE('',*,*,#2012,.T.);
#1282=ORIENTED_EDGE('',*,*,#2008,.T.);
#1283=ORIENTED_EDGE('',*,*,#2013,.F.);
#1284=ORIENTED_EDGE('',*,*,#2014,.F.);
#1285=ORIENTED_EDGE('',*,*,#2015,.T.);
#1286=ORIENTED_EDGE('',*,*,#2011,.T.);
#1287=ORIENTED_EDGE('',*,*,#2016,.T.);
#1288=ORIENTED_EDGE('',*,*,#2017,.F.);
#1289=ORIENTED_EDGE('',*,*,#2018,.T.);
#1290=ORIENTED_EDGE('',*,*,#2014,.T.);
#1291=ORIENTED_EDGE('',*,*,#2019,.F.);
#1292=ORIENTED_EDGE('',*,*,#2020,.F.);
#1293=ORIENTED_EDGE('',*,*,#2021,.T.);
#1294=ORIENTED_EDGE('',*,*,#2017,.T.);
#1295=ORIENTED_EDGE('',*,*,#2022,.F.);
#1296=ORIENTED_EDGE('',*,*,#2023,.F.);
#1297=ORIENTED_EDGE('',*,*,#2024,.T.);
#1298=ORIENTED_EDGE('',*,*,#2025,.T.);
#1299=ORIENTED_EDGE('',*,*,#2026,.F.);
#1300=ORIENTED_EDGE('',*,*,#2027,.F.);
#1301=ORIENTED_EDGE('',*,*,#2028,.T.);
#1302=ORIENTED_EDGE('',*,*,#2023,.T.);
#1303=ORIENTED_EDGE('',*,*,#2029,.F.);
#1304=ORIENTED_EDGE('',*,*,#2030,.F.);
#1305=ORIENTED_EDGE('',*,*,#2031,.T.);
#1306=ORIENTED_EDGE('',*,*,#2027,.T.);
#1307=ORIENTED_EDGE('',*,*,#2032,.T.);
#1308=ORIENTED_EDGE('',*,*,#2033,.F.);
#1309=ORIENTED_EDGE('',*,*,#2034,.T.);
#1310=ORIENTED_EDGE('',*,*,#2035,.T.);
#1311=ORIENTED_EDGE('',*,*,#2036,.F.);
#1312=ORIENTED_EDGE('',*,*,#2037,.F.);
#1313=ORIENTED_EDGE('',*,*,#2038,.T.);
#1314=ORIENTED_EDGE('',*,*,#2033,.T.);
#1315=ORIENTED_EDGE('',*,*,#2039,.T.);
#1316=ORIENTED_EDGE('',*,*,#2040,.F.);
#1317=ORIENTED_EDGE('',*,*,#2041,.T.);
#1318=ORIENTED_EDGE('',*,*,#2037,.T.);
#1319=ORIENTED_EDGE('',*,*,#2042,.F.);
#1320=ORIENTED_EDGE('',*,*,#1991,.F.);
#1321=ORIENTED_EDGE('',*,*,#2043,.T.);
#1322=ORIENTED_EDGE('',*,*,#2020,.T.);
#1323=ORIENTED_EDGE('',*,*,#2044,.F.);
#1324=ORIENTED_EDGE('',*,*,#2025,.F.);
#1325=ORIENTED_EDGE('',*,*,#2045,.T.);
#1326=ORIENTED_EDGE('',*,*,#2030,.T.);
#1327=ORIENTED_EDGE('',*,*,#2046,.F.);
#1328=ORIENTED_EDGE('',*,*,#2035,.F.);
#1329=ORIENTED_EDGE('',*,*,#2047,.T.);
#1330=ORIENTED_EDGE('',*,*,#2040,.T.);
#1331=ORIENTED_EDGE('',*,*,#2048,.F.);
#1332=ORIENTED_EDGE('',*,*,#1975,.F.);
#1333=ORIENTED_EDGE('',*,*,#2049,.T.);
#1334=ORIENTED_EDGE('',*,*,#1986,.T.);
#1335=ORIENTED_EDGE('',*,*,#2050,.F.);
#1336=ORIENTED_EDGE('',*,*,#2051,.T.);
#1337=ORIENTED_EDGE('',*,*,#2052,.T.);
#1338=ORIENTED_EDGE('',*,*,#2053,.T.);
#1339=ORIENTED_EDGE('',*,*,#2054,.T.);
#1340=ORIENTED_EDGE('',*,*,#2055,.T.);
#1341=ORIENTED_EDGE('',*,*,#2056,.T.);
#1342=ORIENTED_EDGE('',*,*,#2057,.T.);
#1343=ORIENTED_EDGE('',*,*,#2058,.T.);
#1344=ORIENTED_EDGE('',*,*,#2059,.T.);
#1345=ORIENTED_EDGE('',*,*,#2060,.T.);
#1346=ORIENTED_EDGE('',*,*,#2061,.T.);
#1347=ORIENTED_EDGE('',*,*,#2062,.T.);
#1348=ORIENTED_EDGE('',*,*,#2063,.T.);
#1349=ORIENTED_EDGE('',*,*,#2064,.T.);
#1350=ORIENTED_EDGE('',*,*,#2065,.T.);
#1351=ORIENTED_EDGE('',*,*,#2066,.T.);
#1352=ORIENTED_EDGE('',*,*,#2067,.T.);
#1353=ORIENTED_EDGE('',*,*,#2068,.T.);
#1354=ORIENTED_EDGE('',*,*,#2069,.T.);
#1355=ORIENTED_EDGE('',*,*,#2070,.T.);
#1356=ORIENTED_EDGE('',*,*,#2071,.T.);
#1357=ORIENTED_EDGE('',*,*,#2072,.T.);
#1358=ORIENTED_EDGE('',*,*,#2073,.T.);
#1359=ORIENTED_EDGE('',*,*,#2074,.T.);
#1360=ORIENTED_EDGE('',*,*,#2075,.T.);
#1361=ORIENTED_EDGE('',*,*,#2076,.T.);
#1362=ORIENTED_EDGE('',*,*,#2036,.T.);
#1363=ORIENTED_EDGE('',*,*,#2048,.T.);
#1364=ORIENTED_EDGE('',*,*,#2042,.T.);
#1365=ORIENTED_EDGE('',*,*,#2039,.F.);
#1366=ORIENTED_EDGE('',*,*,#2026,.T.);
#1367=ORIENTED_EDGE('',*,*,#2046,.T.);
#1368=ORIENTED_EDGE('',*,*,#2032,.F.);
#1369=ORIENTED_EDGE('',*,*,#2029,.T.);
#1370=ORIENTED_EDGE('',*,*,#1992,.T.);
#1371=ORIENTED_EDGE('',*,*,#2044,.T.);
#1372=ORIENTED_EDGE('',*,*,#2022,.T.);
#1373=ORIENTED_EDGE('',*,*,#2019,.T.);
#1374=ORIENTED_EDGE('',*,*,#2016,.F.);
#1375=ORIENTED_EDGE('',*,*,#2013,.T.);
#1376=ORIENTED_EDGE('',*,*,#2010,.T.);
#1377=ORIENTED_EDGE('',*,*,#2007,.F.);
#1378=ORIENTED_EDGE('',*,*,#2004,.F.);
#1379=ORIENTED_EDGE('',*,*,#2001,.T.);
#1380=ORIENTED_EDGE('',*,*,#1998,.T.);
#1381=ORIENTED_EDGE('',*,*,#1995,.F.);
#1382=ORIENTED_EDGE('',*,*,#1976,.T.);
#1383=ORIENTED_EDGE('',*,*,#2050,.T.);
#1384=ORIENTED_EDGE('',*,*,#1988,.T.);
#1385=ORIENTED_EDGE('',*,*,#1985,.T.);
#1386=ORIENTED_EDGE('',*,*,#1982,.F.);
#1387=ORIENTED_EDGE('',*,*,#1979,.T.);
#1388=ORIENTED_EDGE('',*,*,#2077,.F.);
#1389=ORIENTED_EDGE('',*,*,#2051,.F.);
#1390=ORIENTED_EDGE('',*,*,#2078,.F.);
#1391=ORIENTED_EDGE('',*,*,#1981,.F.);
#1392=ORIENTED_EDGE('',*,*,#2078,.T.);
#1393=ORIENTED_EDGE('',*,*,#2056,.F.);
#1394=ORIENTED_EDGE('',*,*,#2079,.F.);
#1395=ORIENTED_EDGE('',*,*,#1978,.F.);
#1396=ORIENTED_EDGE('',*,*,#2077,.T.);
#1397=ORIENTED_EDGE('',*,*,#1984,.F.);
#1398=ORIENTED_EDGE('',*,*,#2080,.F.);
#1399=ORIENTED_EDGE('',*,*,#2052,.F.);
#1400=ORIENTED_EDGE('',*,*,#2079,.T.);
#1401=ORIENTED_EDGE('',*,*,#2055,.F.);
#1402=ORIENTED_EDGE('',*,*,#2081,.F.);
#1403=ORIENTED_EDGE('',*,*,#1974,.F.);
#1404=ORIENTED_EDGE('',*,*,#2080,.T.);
#1405=ORIENTED_EDGE('',*,*,#1987,.F.);
#1406=ORIENTED_EDGE('',*,*,#2082,.F.);
#1407=ORIENTED_EDGE('',*,*,#2053,.F.);
#1408=ORIENTED_EDGE('',*,*,#2081,.T.);
#1409=ORIENTED_EDGE('',*,*,#2054,.F.);
#1410=ORIENTED_EDGE('',*,*,#2082,.T.);
#1411=ORIENTED_EDGE('',*,*,#2049,.F.);
#1412=ORIENTED_EDGE('',*,*,#2083,.F.);
#1413=ORIENTED_EDGE('',*,*,#2068,.F.);
#1414=ORIENTED_EDGE('',*,*,#2084,.F.);
#1415=ORIENTED_EDGE('',*,*,#2018,.F.);
#1416=ORIENTED_EDGE('',*,*,#2084,.T.);
#1417=ORIENTED_EDGE('',*,*,#2067,.F.);
#1418=ORIENTED_EDGE('',*,*,#2085,.F.);
#1419=ORIENTED_EDGE('',*,*,#2015,.F.);
#1420=ORIENTED_EDGE('',*,*,#2083,.T.);
#1421=ORIENTED_EDGE('',*,*,#2021,.F.);
#1422=ORIENTED_EDGE('',*,*,#2086,.F.);
#1423=ORIENTED_EDGE('',*,*,#2069,.F.);
#1424=ORIENTED_EDGE('',*,*,#2085,.T.);
#1425=ORIENTED_EDGE('',*,*,#2066,.F.);
#1426=ORIENTED_EDGE('',*,*,#2087,.F.);
#1427=ORIENTED_EDGE('',*,*,#2012,.F.);
#1428=ORIENTED_EDGE('',*,*,#2086,.T.);
#1429=ORIENTED_EDGE('',*,*,#2043,.F.);
#1430=ORIENTED_EDGE('',*,*,#2088,.F.);
#1431=ORIENTED_EDGE('',*,*,#2070,.F.);
#1432=ORIENTED_EDGE('',*,*,#2087,.T.);
#1433=ORIENTED_EDGE('',*,*,#2065,.F.);
#1434=ORIENTED_EDGE('',*,*,#2089,.F.);
#1435=ORIENTED_EDGE('',*,*,#2009,.F.);
#1436=ORIENTED_EDGE('',*,*,#2088,.T.);
#1437=ORIENTED_EDGE('',*,*,#1990,.F.);
#1438=ORIENTED_EDGE('',*,*,#2090,.F.);
#1439=ORIENTED_EDGE('',*,*,#2071,.F.);
#1440=ORIENTED_EDGE('',*,*,#2089,.T.);
#1441=ORIENTED_EDGE('',*,*,#2076,.F.);
#1442=ORIENTED_EDGE('',*,*,#2091,.F.);
#1443=ORIENTED_EDGE('',*,*,#2006,.F.);
#1444=ORIENTED_EDGE('',*,*,#2090,.T.);
#1445=ORIENTED_EDGE('',*,*,#1994,.F.);
#1446=ORIENTED_EDGE('',*,*,#2092,.F.);
#1447=ORIENTED_EDGE('',*,*,#2072,.F.);
#1448=ORIENTED_EDGE('',*,*,#2091,.T.);
#1449=ORIENTED_EDGE('',*,*,#2075,.F.);
#1450=ORIENTED_EDGE('',*,*,#2093,.F.);
#1451=ORIENTED_EDGE('',*,*,#2003,.F.);
#1452=ORIENTED_EDGE('',*,*,#2092,.T.);
#1453=ORIENTED_EDGE('',*,*,#1997,.F.);
#1454=ORIENTED_EDGE('',*,*,#2094,.F.);
#1455=ORIENTED_EDGE('',*,*,#2073,.F.);
#1456=ORIENTED_EDGE('',*,*,#2093,.T.);
#1457=ORIENTED_EDGE('',*,*,#2074,.F.);
#1458=ORIENTED_EDGE('',*,*,#2094,.T.);
#1459=ORIENTED_EDGE('',*,*,#2000,.F.);
#1460=ORIENTED_EDGE('',*,*,#2095,.F.);
#1461=ORIENTED_EDGE('',*,*,#2063,.F.);
#1462=ORIENTED_EDGE('',*,*,#2096,.F.);
#1463=ORIENTED_EDGE('',*,*,#2041,.F.);
#1464=ORIENTED_EDGE('',*,*,#2096,.T.);
#1465=ORIENTED_EDGE('',*,*,#2062,.F.);
#1466=ORIENTED_EDGE('',*,*,#2097,.F.);
#1467=ORIENTED_EDGE('',*,*,#2038,.F.);
#1468=ORIENTED_EDGE('',*,*,#2095,.T.);
#1469=ORIENTED_EDGE('',*,*,#2047,.F.);
#1470=ORIENTED_EDGE('',*,*,#2098,.F.);
#1471=ORIENTED_EDGE('',*,*,#2064,.F.);
#1472=ORIENTED_EDGE('',*,*,#2097,.T.);
#1473=ORIENTED_EDGE('',*,*,#2061,.F.);
#1474=ORIENTED_EDGE('',*,*,#2098,.T.);
#1475=ORIENTED_EDGE('',*,*,#2034,.F.);
#1476=ORIENTED_EDGE('',*,*,#2099,.F.);
#1477=ORIENTED_EDGE('',*,*,#2059,.F.);
#1478=ORIENTED_EDGE('',*,*,#2100,.F.);
#1479=ORIENTED_EDGE('',*,*,#2045,.F.);
#1480=ORIENTED_EDGE('',*,*,#2100,.T.);
#1481=ORIENTED_EDGE('',*,*,#2058,.F.);
#1482=ORIENTED_EDGE('',*,*,#2101,.F.);
#1483=ORIENTED_EDGE('',*,*,#2031,.F.);
#1484=ORIENTED_EDGE('',*,*,#2099,.T.);
#1485=ORIENTED_EDGE('',*,*,#2024,.F.);
#1486=ORIENTED_EDGE('',*,*,#2102,.F.);
#1487=ORIENTED_EDGE('',*,*,#2060,.F.);
#1488=ORIENTED_EDGE('',*,*,#2101,.T.);
#1489=ORIENTED_EDGE('',*,*,#2057,.F.);
#1490=ORIENTED_EDGE('',*,*,#2102,.T.);
#1491=ORIENTED_EDGE('',*,*,#2028,.F.);
#1492=EDGE_CURVE('',#2103,#2104,#2494,.T.);
#1493=EDGE_CURVE('',#2103,#2105,#178,.F.);
#1494=EDGE_CURVE('',#2105,#2106,#2495,.T.);
#1495=EDGE_CURVE('',#2106,#2107,#2496,.T.);
#1496=EDGE_CURVE('',#2104,#2107,#2497,.T.);
#1497=EDGE_CURVE('',#2107,#2108,#2498,.T.);
#1498=EDGE_CURVE('',#2109,#2108,#2499,.T.);
#1499=EDGE_CURVE('',#2104,#2109,#2500,.T.);
#1500=EDGE_CURVE('',#2110,#2111,#2501,.T.);
#1501=EDGE_CURVE('',#2110,#2112,#179,.F.);
#1502=EDGE_CURVE('',#2109,#2112,#2502,.T.);
#1503=EDGE_CURVE('',#2108,#2111,#2503,.T.);
#1504=EDGE_CURVE('',#2105,#2110,#2504,.T.);
#1505=EDGE_CURVE('',#2106,#2111,#2505,.T.);
#1506=EDGE_CURVE('',#2112,#2103,#2506,.F.);
#1507=EDGE_CURVE('',#2113,#2114,#2507,.T.);
#1508=EDGE_CURVE('',#2115,#2113,#2508,.T.);
#1509=EDGE_CURVE('',#2115,#2116,#2509,.T.);
#1510=EDGE_CURVE('',#2116,#2114,#2510,.T.);
#1511=EDGE_CURVE('',#2117,#2113,#2511,.T.);
#1512=EDGE_CURVE('',#2117,#2118,#47,.T.);
#1513=EDGE_CURVE('',#2118,#2119,#2512,.T.);
#1514=EDGE_CURVE('',#2119,#2120,#2513,.T.);
#1515=EDGE_CURVE('',#2121,#2120,#2514,.T.);
#1516=EDGE_CURVE('',#2121,#2122,#48,.T.);
#1517=EDGE_CURVE('',#2122,#2115,#2515,.F.);
#1518=EDGE_CURVE('',#2123,#2124,#2516,.F.);
#1519=EDGE_CURVE('',#2124,#2125,#49,.T.);
#1520=EDGE_CURVE('',#2126,#2125,#2517,.F.);
#1521=EDGE_CURVE('',#2123,#2126,#2518,.T.);
#1522=EDGE_CURVE('',#2114,#2126,#2519,.T.);
#1523=EDGE_CURVE('',#2116,#2123,#2520,.T.);
#1524=EDGE_CURVE('',#2125,#2117,#50,.T.);
#1525=EDGE_CURVE('',#2122,#2124,#51,.T.);
#1526=EDGE_CURVE('',#2127,#2128,#2521,.T.);
#1527=EDGE_CURVE('',#2128,#2129,#52,.T.);
#1528=EDGE_CURVE('',#2130,#2129,#2522,.T.);
#1529=EDGE_CURVE('',#2127,#2130,#2523,.T.);
#1530=EDGE_CURVE('',#2129,#2131,#53,.T.);
#1531=EDGE_CURVE('',#2132,#2131,#54,.F.);
#1532=EDGE_CURVE('',#2132,#2121,#55,.T.);
#1533=EDGE_CURVE('',#2133,#2120,#2524,.T.);
#1534=EDGE_CURVE('',#2130,#2133,#2525,.T.);
#1535=EDGE_CURVE('',#2134,#2119,#2526,.T.);
#1536=EDGE_CURVE('',#2134,#2133,#2527,.T.);
#1537=EDGE_CURVE('',#2118,#2135,#56,.T.);
#1538=EDGE_CURVE('',#2136,#2135,#57,.F.);
#1539=EDGE_CURVE('',#2136,#2128,#58,.T.);
#1540=EDGE_CURVE('',#2127,#2134,#2528,.T.);
#1541=EDGE_CURVE('',#2131,#2136,#59,.T.);
#1542=EDGE_CURVE('',#2137,#2138,#2529,.T.);
#1543=EDGE_CURVE('',#2137,#2139,#2530,.T.);
#1544=EDGE_CURVE('',#2139,#2138,#2531,.T.);
#1545=EDGE_CURVE('',#2140,#2141,#2532,.T.);
#1546=EDGE_CURVE('',#2142,#2140,#2533,.T.);
#1547=EDGE_CURVE('',#2142,#2143,#2534,.F.);
#1548=EDGE_CURVE('',#2143,#2144,#180,.F.);
#1549=EDGE_CURVE('',#2144,#2145,#2535,.T.);
#1550=EDGE_CURVE('',#2145,#2146,#181,.T.);
#1551=EDGE_CURVE('',#2146,#2147,#2536,.T.);
#1552=EDGE_CURVE('',#2147,#2148,#182,.F.);
#1553=EDGE_CURVE('',#2148,#2149,#2537,.T.);
#1554=EDGE_CURVE('',#2150,#2149,#2538,.T.);
#1555=EDGE_CURVE('',#2151,#2150,#2539,.T.);
#1556=EDGE_CURVE('',#2151,#2141,#2540,.T.);
#1557=EDGE_CURVE('',#2152,#2153,#2541,.T.);
#1558=EDGE_CURVE('',#2152,#2154,#2542,.T.);
#1559=EDGE_CURVE('',#2153,#2154,#2543,.T.);
#1560=EDGE_CURVE('',#2155,#2156,#2544,.T.);
#1561=EDGE_CURVE('',#2156,#2157,#2545,.T.);
#1562=EDGE_CURVE('',#2157,#2158,#2546,.T.);
#1563=EDGE_CURVE('',#2158,#2159,#183,.F.);
#1564=EDGE_CURVE('',#2159,#2160,#2547,.T.);
#1565=EDGE_CURVE('',#2160,#2161,#184,.F.);
#1566=EDGE_CURVE('',#2162,#2161,#2548,.T.);
#1567=EDGE_CURVE('',#2162,#2163,#2549,.T.);
#1568=EDGE_CURVE('',#2164,#2163,#2550,.T.);
#1569=EDGE_CURVE('',#2165,#2164,#2551,.T.);
#1570=EDGE_CURVE('',#2155,#2165,#2552,.T.);
#1571=EDGE_CURVE('',#2166,#2167,#185,.T.);
#1572=EDGE_CURVE('',#2168,#2166,#186,.T.);
#1573=EDGE_CURVE('',#2169,#2168,#187,.T.);
#1574=EDGE_CURVE('',#2167,#2169,#188,.T.);
#1575=EDGE_CURVE('',#2170,#2171,#189,.T.);
#1576=EDGE_CURVE('',#2172,#2170,#190,.T.);
#1577=EDGE_CURVE('',#2173,#2172,#191,.T.);
#1578=EDGE_CURVE('',#2174,#2173,#192,.T.);
#1579=EDGE_CURVE('',#2174,#2175,#2553,.F.);
#1580=EDGE_CURVE('',#2176,#2175,#2554,.T.);
#1581=EDGE_CURVE('',#2177,#2176,#2555,.T.);
#1582=EDGE_CURVE('',#2177,#2178,#2556,.T.);
#1583=EDGE_CURVE('',#2178,#2171,#2557,.F.);
#1584=EDGE_CURVE('',#2179,#2180,#2558,.T.);
#1585=EDGE_CURVE('',#2180,#2171,#2559,.T.);
#1586=EDGE_CURVE('',#2181,#2178,#2560,.T.);
#1587=EDGE_CURVE('',#2181,#2182,#2561,.T.);
#1588=EDGE_CURVE('',#2175,#2182,#2562,.T.);
#1589=EDGE_CURVE('',#2174,#2179,#2563,.F.);
#1590=EDGE_CURVE('',#2183,#2184,#2564,.T.);
#1591=EDGE_CURVE('',#2183,#2185,#2565,.T.);
#1592=EDGE_CURVE('',#2185,#2186,#2566,.T.);
#1593=EDGE_CURVE('',#2163,#2186,#2567,.T.);
#1594=EDGE_CURVE('',#2162,#2187,#2568,.T.);
#1595=EDGE_CURVE('',#2188,#2187,#2569,.T.);
#1596=EDGE_CURVE('',#2188,#2189,#2570,.T.);
#1597=EDGE_CURVE('',#2189,#2190,#2571,.T.);
#1598=EDGE_CURVE('',#2190,#2191,#2572,.T.);
#1599=EDGE_CURVE('',#2192,#2191,#2573,.T.);
#1600=EDGE_CURVE('',#2192,#2193,#2574,.T.);
#1601=EDGE_CURVE('',#2193,#2194,#2575,.T.);
#1602=EDGE_CURVE('',#2194,#2195,#2576,.T.);
#1603=EDGE_CURVE('',#2196,#2195,#2577,.T.);
#1604=EDGE_CURVE('',#2196,#2150,#2578,.T.);
#1605=EDGE_CURVE('',#2149,#2197,#2579,.T.);
#1606=EDGE_CURVE('',#2197,#2184,#193,.F.);
#1607=EDGE_CURVE('',#2198,#2185,#2580,.T.);
#1608=EDGE_CURVE('',#2198,#2199,#194,.T.);
#1609=EDGE_CURVE('',#2199,#2200,#195,.T.);
#1610=EDGE_CURVE('',#2201,#2200,#2581,.T.);
#1611=EDGE_CURVE('',#2202,#2201,#2582,.T.);
#1612=EDGE_CURVE('',#2203,#2202,#2583,.T.);
#1613=EDGE_CURVE('',#2203,#2204,#2584,.T.);
#1614=EDGE_CURVE('',#2204,#2205,#2585,.T.);
#1615=EDGE_CURVE('',#2205,#2186,#2586,.T.);
#1616=EDGE_CURVE('',#2183,#2206,#2587,.T.);
#1617=EDGE_CURVE('',#2184,#2207,#2588,.T.);
#1618=EDGE_CURVE('',#2207,#2208,#196,.F.);
#1619=EDGE_CURVE('',#2208,#2209,#2589,.T.);
#1620=EDGE_CURVE('',#2209,#2206,#197,.T.);
#1621=EDGE_CURVE('',#2198,#2210,#2590,.T.);
#1622=EDGE_CURVE('',#2210,#2211,#60,.T.);
#1623=EDGE_CURVE('',#2212,#2211,#2591,.T.);
#1624=EDGE_CURVE('',#2213,#2212,#198,.T.);
#1625=EDGE_CURVE('',#2199,#2213,#2592,.T.);
#1626=EDGE_CURVE('',#2210,#2206,#61,.T.);
#1627=EDGE_CURVE('',#2214,#2209,#199,.T.);
#1628=EDGE_CURVE('',#2211,#2214,#200,.F.);
#1629=EDGE_CURVE('',#2144,#2215,#2593,.F.);
#1630=EDGE_CURVE('',#2216,#2215,#2594,.T.);
#1631=EDGE_CURVE('',#2216,#2145,#2595,.F.);
#1632=EDGE_CURVE('',#2217,#2218,#2596,.T.);
#1633=EDGE_CURVE('',#2218,#2202,#2597,.T.);
#1634=EDGE_CURVE('',#2217,#2201,#2598,.T.);
#1635=EDGE_CURVE('',#2215,#2219,#201,.T.);
#1636=EDGE_CURVE('',#2219,#2220,#2599,.F.);
#1637=EDGE_CURVE('',#2220,#2218,#2600,.T.);
#1638=EDGE_CURVE('',#2221,#2217,#2601,.T.);
#1639=EDGE_CURVE('',#2221,#2213,#202,.F.);
#1640=EDGE_CURVE('',#2212,#2216,#203,.F.);
#1641=EDGE_CURVE('',#2222,#2223,#2602,.T.);
#1642=EDGE_CURVE('',#2222,#2224,#204,.F.);
#1643=EDGE_CURVE('',#2224,#2225,#2603,.T.);
#1644=EDGE_CURVE('',#2226,#2225,#2604,.T.);
#1645=EDGE_CURVE('',#2226,#2227,#2605,.T.);
#1646=EDGE_CURVE('',#2227,#2228,#2606,.T.);
#1647=EDGE_CURVE('',#2229,#2228,#2607,.T.);
#1648=EDGE_CURVE('',#2229,#2223,#205,.F.);
#1649=EDGE_CURVE('',#2230,#2231,#2608,.T.);
#1650=EDGE_CURVE('',#2232,#2231,#2609,.T.);
#1651=EDGE_CURVE('',#2233,#2232,#2610,.T.);
#1652=EDGE_CURVE('',#2230,#2233,#2611,.T.);
#1653=EDGE_CURVE('',#2234,#2235,#2612,.T.);
#1654=EDGE_CURVE('',#2234,#2236,#2613,.T.);
#1655=EDGE_CURVE('',#2236,#2237,#2614,.T.);
#1656=EDGE_CURVE('',#2235,#2237,#2615,.T.);
#1657=EDGE_CURVE('',#2137,#2152,#2616,.T.);
#1658=EDGE_CURVE('',#2153,#2139,#2617,.T.);
#1659=EDGE_CURVE('',#2238,#2239,#2618,.T.);
#1660=EDGE_CURVE('',#2240,#2238,#2619,.T.);
#1661=EDGE_CURVE('',#2240,#2241,#2620,.T.);
#1662=EDGE_CURVE('',#2241,#2239,#2621,.T.);
#1663=EDGE_CURVE('',#2242,#2243,#2622,.T.);
#1664=EDGE_CURVE('',#2243,#2244,#2623,.T.);
#1665=EDGE_CURVE('',#2244,#2245,#2624,.T.);
#1666=EDGE_CURVE('',#2246,#2245,#2625,.T.);
#1667=EDGE_CURVE('',#2246,#2247,#2626,.T.);
#1668=EDGE_CURVE('',#2248,#2247,#2627,.T.);
#1669=EDGE_CURVE('',#2249,#2248,#2628,.T.);
#1670=EDGE_CURVE('',#2242,#2249,#2629,.T.);
#1671=EDGE_CURVE('',#2250,#2251,#2630,.T.);
#1672=EDGE_CURVE('',#2250,#2252,#206,.F.);
#1673=EDGE_CURVE('',#2253,#2252,#2631,.T.);
#1674=EDGE_CURVE('',#2253,#2254,#2632,.F.);
#1675=EDGE_CURVE('',#2254,#2255,#2633,.T.);
#1676=EDGE_CURVE('',#2255,#2251,#207,.F.);
#1677=EDGE_CURVE('',#2244,#2256,#208,.F.);
#1678=EDGE_CURVE('',#2256,#2257,#2634,.T.);
#1679=EDGE_CURVE('',#2257,#2258,#2635,.F.);
#1680=EDGE_CURVE('',#2259,#2258,#2636,.T.);
#1681=EDGE_CURVE('',#2259,#2260,#2637,.T.);
#1682=EDGE_CURVE('',#2261,#2260,#2638,.T.);
#1683=EDGE_CURVE('',#2261,#2262,#2639,.F.);
#1684=EDGE_CURVE('',#2263,#2262,#2640,.T.);
#1685=EDGE_CURVE('',#2263,#2264,#2641,.T.);
#1686=EDGE_CURVE('',#2265,#2264,#2642,.T.);
#1687=EDGE_CURVE('',#2265,#2266,#2643,.F.);
#1688=EDGE_CURVE('',#2267,#2266,#2644,.T.);
#1689=EDGE_CURVE('',#2267,#2268,#2645,.T.);
#1690=EDGE_CURVE('',#2269,#2268,#2646,.T.);
#1691=EDGE_CURVE('',#2269,#2270,#2647,.F.);
#1692=EDGE_CURVE('',#2270,#2271,#2648,.T.);
#1693=EDGE_CURVE('',#2271,#2245,#2649,.T.);
#1694=EDGE_CURVE('',#2272,#2273,#2650,.T.);
#1695=EDGE_CURVE('',#2273,#2274,#2651,.F.);
#1696=EDGE_CURVE('',#2275,#2274,#2652,.T.);
#1697=EDGE_CURVE('',#2275,#2272,#2653,.T.);
#1698=EDGE_CURVE('',#2276,#2277,#2654,.T.);
#1699=EDGE_CURVE('',#2277,#2278,#2655,.F.);
#1700=EDGE_CURVE('',#2279,#2278,#2656,.T.);
#1701=EDGE_CURVE('',#2279,#2276,#2657,.T.);
#1702=EDGE_CURVE('',#2280,#2281,#2658,.T.);
#1703=EDGE_CURVE('',#2281,#2282,#2659,.F.);
#1704=EDGE_CURVE('',#2283,#2282,#2660,.T.);
#1705=EDGE_CURVE('',#2283,#2280,#2661,.T.);
#1706=EDGE_CURVE('',#2284,#2285,#2662,.T.);
#1707=EDGE_CURVE('',#2285,#2286,#2663,.F.);
#1708=EDGE_CURVE('',#2287,#2286,#2664,.T.);
#1709=EDGE_CURVE('',#2287,#2284,#2665,.T.);
#1710=EDGE_CURVE('',#2288,#2289,#2666,.T.);
#1711=EDGE_CURVE('',#2289,#2290,#2667,.F.);
#1712=EDGE_CURVE('',#2291,#2290,#2668,.T.);
#1713=EDGE_CURVE('',#2291,#2288,#2669,.T.);
#1714=EDGE_CURVE('',#2240,#2235,#2670,.T.);
#1715=EDGE_CURVE('',#2164,#2237,#2671,.T.);
#1716=EDGE_CURVE('',#2241,#2205,#2672,.T.);
#1717=EDGE_CURVE('',#2292,#2293,#2673,.T.);
#1718=EDGE_CURVE('',#2293,#2294,#2674,.F.);
#1719=EDGE_CURVE('',#2294,#2229,#2675,.T.);
#1720=EDGE_CURVE('',#2295,#2228,#2676,.T.);
#1721=EDGE_CURVE('',#2296,#2295,#2677,.T.);
#1722=EDGE_CURVE('',#2296,#2297,#2678,.T.);
#1723=EDGE_CURVE('',#2297,#2292,#2679,.T.);
#1724=EDGE_CURVE('',#2225,#2298,#2680,.T.);
#1725=EDGE_CURVE('',#2224,#2299,#2681,.T.);
#1726=EDGE_CURVE('',#2299,#2298,#2682,.T.);
#1727=EDGE_CURVE('',#2300,#2243,#209,.F.);
#1728=EDGE_CURVE('',#2242,#2301,#2683,.T.);
#1729=EDGE_CURVE('',#2301,#2227,#2684,.T.);
#1730=EDGE_CURVE('',#2300,#2226,#2685,.T.);
#1731=EDGE_CURVE('',#2302,#2249,#2686,.T.);
#1732=EDGE_CURVE('',#2302,#2303,#2687,.T.);
#1733=EDGE_CURVE('',#2303,#2246,#2688,.T.);
#1734=EDGE_CURVE('',#2271,#2304,#210,.T.);
#1735=EDGE_CURVE('',#2304,#2305,#2689,.T.);
#1736=EDGE_CURVE('',#2305,#2296,#211,.T.);
#1737=EDGE_CURVE('',#2301,#2295,#2690,.T.);
#1738=EDGE_CURVE('',#2236,#2165,#2691,.T.);
#1739=EDGE_CURVE('',#2306,#2307,#2692,.T.);
#1740=EDGE_CURVE('',#2307,#2308,#2693,.T.);
#1741=EDGE_CURVE('',#2309,#2308,#2694,.T.);
#1742=EDGE_CURVE('',#2309,#2310,#2695,.T.);
#1743=EDGE_CURVE('',#2310,#2311,#2696,.T.);
#1744=EDGE_CURVE('',#2311,#2312,#2697,.T.);
#1745=EDGE_CURVE('',#2313,#2312,#2698,.T.);
#1746=EDGE_CURVE('',#2313,#2314,#2699,.T.);
#1747=EDGE_CURVE('',#2314,#2315,#2700,.T.);
#1748=EDGE_CURVE('',#2315,#2158,#2701,.T.);
#1749=EDGE_CURVE('',#2157,#2141,#2702,.T.);
#1750=EDGE_CURVE('',#2151,#2306,#2703,.T.);
#1751=EDGE_CURVE('',#2204,#2239,#2704,.T.);
#1752=EDGE_CURVE('',#2316,#2317,#212,.T.);
#1753=EDGE_CURVE('',#2317,#2318,#213,.T.);
#1754=EDGE_CURVE('',#2318,#2221,#2705,.T.);
#1755=EDGE_CURVE('',#2200,#2319,#2706,.T.);
#1756=EDGE_CURVE('',#2319,#2320,#214,.T.);
#1757=EDGE_CURVE('',#2320,#2316,#215,.T.);
#1758=EDGE_CURVE('',#2321,#2322,#216,.T.);
#1759=EDGE_CURVE('',#2322,#2323,#217,.T.);
#1760=EDGE_CURVE('',#2323,#2324,#218,.T.);
#1761=EDGE_CURVE('',#2324,#2321,#219,.T.);
#1762=EDGE_CURVE('',#2194,#2325,#2707,.T.);
#1763=EDGE_CURVE('',#2325,#2326,#2708,.T.);
#1764=EDGE_CURVE('',#2326,#2195,#2709,.T.);
#1765=EDGE_CURVE('',#2148,#2327,#2710,.T.);
#1766=EDGE_CURVE('',#2327,#2197,#2711,.F.);
#1767=EDGE_CURVE('',#2328,#2190,#2712,.T.);
#1768=EDGE_CURVE('',#2328,#2329,#2713,.T.);
#1769=EDGE_CURVE('',#2329,#2191,#2714,.T.);
#1770=EDGE_CURVE('',#2161,#2330,#2715,.T.);
#1771=EDGE_CURVE('',#2330,#2187,#2716,.T.);
#1772=EDGE_CURVE('',#2331,#2332,#2717,.T.);
#1773=EDGE_CURVE('',#2332,#2333,#2718,.F.);
#1774=EDGE_CURVE('',#2333,#2334,#2719,.T.);
#1775=EDGE_CURVE('',#2334,#2331,#2720,.F.);
#1776=EDGE_CURVE('',#2146,#2214,#2721,.T.);
#1777=EDGE_CURVE('',#2214,#2335,#2722,.F.);
#1778=EDGE_CURVE('',#2335,#2147,#2723,.F.);
#1779=EDGE_CURVE('',#2336,#2337,#2724,.T.);
#1780=EDGE_CURVE('',#2336,#2338,#2725,.F.);
#1781=EDGE_CURVE('',#2338,#2339,#2726,.T.);
#1782=EDGE_CURVE('',#2339,#2337,#2727,.F.);
#1783=EDGE_CURVE('',#2159,#2340,#2728,.F.);
#1784=EDGE_CURVE('',#2340,#2341,#2729,.T.);
#1785=EDGE_CURVE('',#2341,#2160,#2730,.F.);
#1786=EDGE_CURVE('',#2342,#2181,#2731,.T.);
#1787=EDGE_CURVE('',#2342,#2343,#2732,.T.);
#1788=EDGE_CURVE('',#2343,#2182,#2733,.T.);
#1789=EDGE_CURVE('',#2343,#2176,#2734,.T.);
#1790=EDGE_CURVE('',#2340,#2315,#220,.T.);
#1791=EDGE_CURVE('',#2314,#2188,#2735,.T.);
#1792=EDGE_CURVE('',#2330,#2341,#221,.T.);
#1793=EDGE_CURVE('',#2312,#2336,#222,.F.);
#1794=EDGE_CURVE('',#2337,#2328,#223,.F.);
#1795=EDGE_CURVE('',#2313,#2189,#2736,.T.);
#1796=EDGE_CURVE('',#2333,#2325,#224,.T.);
#1797=EDGE_CURVE('',#2193,#2309,#2737,.T.);
#1798=EDGE_CURVE('',#2308,#2334,#225,.T.);
#1799=EDGE_CURVE('',#2338,#2311,#226,.T.);
#1800=EDGE_CURVE('',#2310,#2192,#2738,.T.);
#1801=EDGE_CURVE('',#2329,#2339,#227,.T.);
#1802=EDGE_CURVE('',#2326,#2332,#228,.T.);
#1803=EDGE_CURVE('',#2331,#2307,#229,.T.);
#1804=EDGE_CURVE('',#2306,#2196,#2739,.T.);
#1805=EDGE_CURVE('',#2342,#2177,#2740,.T.);
#1806=EDGE_CURVE('',#2167,#2322,#2741,.T.);
#1807=EDGE_CURVE('',#2166,#2321,#2742,.T.);
#1808=EDGE_CURVE('',#2168,#2324,#2743,.T.);
#1809=EDGE_CURVE('',#2169,#2323,#2744,.T.);
#1810=EDGE_CURVE('',#2238,#2234,#2745,.T.);
#1811=EDGE_CURVE('',#2335,#2327,#230,.T.);
#1812=EDGE_CURVE('',#2319,#2318,#2746,.T.);
#1813=EDGE_CURVE('',#2335,#2208,#231,.T.);
#1814=EDGE_CURVE('',#2327,#2207,#232,.T.);
#1815=EDGE_CURVE('',#2344,#2345,#2747,.T.);
#1816=EDGE_CURVE('',#2345,#2346,#2748,.T.);
#1817=EDGE_CURVE('',#2346,#2347,#233,.F.);
#1818=EDGE_CURVE('',#2347,#2348,#234,.F.);
#1819=EDGE_CURVE('',#2348,#2344,#2749,.F.);
#1820=EDGE_CURVE('',#2349,#2350,#2750,.T.);
#1821=EDGE_CURVE('',#2350,#2351,#235,.T.);
#1822=EDGE_CURVE('',#2351,#2352,#236,.T.);
#1823=EDGE_CURVE('',#2352,#2353,#2751,.F.);
#1824=EDGE_CURVE('',#2349,#2353,#2752,.T.);
#1825=EDGE_CURVE('',#2354,#2355,#237,.F.);
#1826=EDGE_CURVE('',#2355,#2356,#238,.F.);
#1827=EDGE_CURVE('',#2356,#2357,#2753,.F.);
#1828=EDGE_CURVE('',#2357,#2358,#2754,.T.);
#1829=EDGE_CURVE('',#2358,#2354,#2755,.T.);
#1830=EDGE_CURVE('',#2359,#2360,#2756,.T.);
#1831=EDGE_CURVE('',#2359,#2361,#2757,.T.);
#1832=EDGE_CURVE('',#2361,#2362,#239,.T.);
#1833=EDGE_CURVE('',#2362,#2363,#240,.T.);
#1834=EDGE_CURVE('',#2363,#2360,#2758,.F.);
#1835=EDGE_CURVE('',#2364,#2365,#241,.F.);
#1836=EDGE_CURVE('',#2365,#2366,#242,.F.);
#1837=EDGE_CURVE('',#2366,#2367,#2759,.F.);
#1838=EDGE_CURVE('',#2367,#2368,#2760,.T.);
#1839=EDGE_CURVE('',#2368,#2364,#2761,.T.);
#1840=EDGE_CURVE('',#2369,#2370,#2762,.T.);
#1841=EDGE_CURVE('',#2369,#2371,#2763,.T.);
#1842=EDGE_CURVE('',#2371,#2372,#243,.T.);
#1843=EDGE_CURVE('',#2372,#2373,#244,.T.);
#1844=EDGE_CURVE('',#2373,#2370,#2764,.F.);
#1845=EDGE_CURVE('',#2374,#2375,#2765,.T.);
#1846=EDGE_CURVE('',#2375,#2376,#245,.T.);
#1847=EDGE_CURVE('',#2376,#2377,#246,.T.);
#1848=EDGE_CURVE('',#2377,#2378,#2766,.F.);
#1849=EDGE_CURVE('',#2374,#2378,#2767,.T.);
#1850=EDGE_CURVE('',#2379,#2380,#2768,.T.);
#1851=EDGE_CURVE('',#2380,#2255,#2769,.T.);
#1852=EDGE_CURVE('',#2254,#2381,#247,.F.);
#1853=EDGE_CURVE('',#2381,#2379,#2770,.F.);
#1854=EDGE_CURVE('',#2382,#2383,#248,.F.);
#1855=EDGE_CURVE('',#2383,#2384,#249,.F.);
#1856=EDGE_CURVE('',#2384,#2385,#2771,.F.);
#1857=EDGE_CURVE('',#2385,#2386,#2772,.T.);
#1858=EDGE_CURVE('',#2386,#2382,#2773,.T.);
#1859=EDGE_CURVE('',#2387,#2388,#2774,.T.);
#1860=EDGE_CURVE('',#2388,#2253,#250,.T.);
#1861=EDGE_CURVE('',#2252,#2389,#2775,.F.);
#1862=EDGE_CURVE('',#2387,#2389,#2776,.T.);
#1863=EDGE_CURVE('',#2389,#2222,#2777,.F.);
#1864=EDGE_CURVE('',#2223,#2387,#2778,.F.);
#1865=EDGE_CURVE('',#2258,#2349,#251,.T.);
#1866=EDGE_CURVE('',#2353,#2283,#252,.T.);
#1867=EDGE_CURVE('',#2282,#2368,#253,.T.);
#1868=EDGE_CURVE('',#2367,#2259,#254,.T.);
#1869=EDGE_CURVE('',#2262,#2359,#255,.T.);
#1870=EDGE_CURVE('',#2360,#2287,#256,.T.);
#1871=EDGE_CURVE('',#2286,#2374,#257,.T.);
#1872=EDGE_CURVE('',#2378,#2263,#258,.T.);
#1873=EDGE_CURVE('',#2266,#2369,#259,.T.);
#1874=EDGE_CURVE('',#2370,#2291,#260,.T.);
#1875=EDGE_CURVE('',#2290,#2386,#261,.T.);
#1876=EDGE_CURVE('',#2385,#2267,#262,.T.);
#1877=EDGE_CURVE('',#2344,#2279,#263,.T.);
#1878=EDGE_CURVE('',#2278,#2358,#264,.T.);
#1879=EDGE_CURVE('',#2357,#2275,#265,.T.);
#1880=EDGE_CURVE('',#2274,#2345,#266,.T.);
#1881=EDGE_CURVE('',#2304,#2380,#2779,.F.);
#1882=EDGE_CURVE('',#2379,#2305,#2780,.F.);
#1883=EDGE_CURVE('',#2298,#2250,#2781,.T.);
#1884=EDGE_CURVE('',#2389,#2299,#10,.T.);
#1885=EDGE_CURVE('',#2293,#2388,#62,.F.);
#1886=EDGE_CURVE('',#2294,#2387,#11,.T.);
#1887=EDGE_CURVE('',#2270,#2380,#12,.F.);
#1888=EDGE_CURVE('',#2251,#2269,#2782,.F.);
#1889=EDGE_CURVE('',#2381,#2292,#63,.T.);
#1890=EDGE_CURVE('',#2379,#2297,#13,.F.);
#1891=EDGE_CURVE('',#2273,#2346,#64,.F.);
#1892=EDGE_CURVE('',#2348,#2276,#65,.T.);
#1893=EDGE_CURVE('',#2352,#2280,#66,.T.);
#1894=EDGE_CURVE('',#2356,#2272,#67,.T.);
#1895=EDGE_CURVE('',#2277,#2354,#68,.F.);
#1896=EDGE_CURVE('',#2257,#2350,#69,.F.);
#1897=EDGE_CURVE('',#2390,#2261,#2783,.F.);
#1898=EDGE_CURVE('',#2390,#2361,#70,.F.);
#1899=EDGE_CURVE('',#2366,#2391,#71,.T.);
#1900=EDGE_CURVE('',#2260,#2391,#2784,.T.);
#1901=EDGE_CURVE('',#2363,#2284,#72,.T.);
#1902=EDGE_CURVE('',#2281,#2364,#73,.F.);
#1903=EDGE_CURVE('',#2377,#2392,#74,.T.);
#1904=EDGE_CURVE('',#2264,#2392,#2785,.T.);
#1905=EDGE_CURVE('',#2393,#2265,#2786,.F.);
#1906=EDGE_CURVE('',#2393,#2371,#75,.F.);
#1907=EDGE_CURVE('',#2373,#2288,#76,.T.);
#1908=EDGE_CURVE('',#2285,#2375,#77,.F.);
#1909=EDGE_CURVE('',#2384,#2394,#78,.T.);
#1910=EDGE_CURVE('',#2268,#2394,#2787,.T.);
#1911=EDGE_CURVE('',#2289,#2382,#79,.F.);
#1912=EDGE_CURVE('',#2347,#2355,#2788,.F.);
#1913=EDGE_CURVE('',#2351,#2365,#2789,.F.);
#1914=EDGE_CURVE('',#2362,#2376,#2790,.F.);
#1915=EDGE_CURVE('',#2372,#2383,#2791,.F.);
#1916=EDGE_CURVE('',#2394,#2393,#2792,.T.);
#1917=EDGE_CURVE('',#2392,#2390,#2793,.T.);
#1918=EDGE_CURVE('',#2391,#2256,#2794,.T.);
#1919=EDGE_CURVE('',#2395,#2248,#2795,.T.);
#1920=EDGE_CURVE('',#2395,#2302,#2796,.F.);
#1921=EDGE_CURVE('',#2396,#2247,#2797,.T.);
#1922=EDGE_CURVE('',#2396,#2395,#2798,.F.);
#1923=EDGE_CURVE('',#2303,#2396,#2799,.T.);
#1924=EDGE_CURVE('',#2397,#2398,#2800,.F.);
#1925=EDGE_CURVE('',#2398,#2399,#2801,.F.);
#1926=EDGE_CURVE('',#2399,#2400,#2802,.T.);
#1927=EDGE_CURVE('',#2400,#2397,#2803,.T.);
#1928=EDGE_CURVE('',#2397,#2396,#14,.F.);
#1929=EDGE_CURVE('',#2395,#2400,#15,.T.);
#1930=EDGE_CURVE('',#2302,#2399,#16,.T.);
#1931=EDGE_CURVE('',#2398,#2303,#17,.F.);
#1932=EDGE_CURVE('',#2268,#2265,#2804,.T.);
#1933=EDGE_CURVE('',#2264,#2261,#2805,.T.);
#1934=EDGE_CURVE('',#2256,#2401,#267,.F.);
#1935=EDGE_CURVE('',#2260,#2401,#2806,.T.);
#1936=EDGE_CURVE('',#2298,#2269,#2807,.T.);
#1937=EDGE_CURVE('',#2401,#2300,#2808,.F.);
#1938=EDGE_CURVE('',#2402,#2403,#2809,.T.);
#1939=EDGE_CURVE('',#2402,#2404,#2810,.T.);
#1940=EDGE_CURVE('',#2404,#2405,#2811,.T.);
#1941=EDGE_CURVE('',#2403,#2405,#2812,.T.);
#1942=EDGE_CURVE('',#2154,#2406,#2813,.T.);
#1943=EDGE_CURVE('',#2407,#2406,#2814,.T.);
#1944=EDGE_CURVE('',#2407,#2230,#2815,.F.);
#1945=EDGE_CURVE('',#2408,#2233,#2816,.T.);
#1946=EDGE_CURVE('',#2409,#2408,#2817,.T.);
#1947=EDGE_CURVE('',#2138,#2409,#2818,.T.);
#1948=EDGE_CURVE('',#2220,#2142,#2819,.T.);
#1949=EDGE_CURVE('',#2140,#2409,#2820,.T.);
#1950=EDGE_CURVE('',#2408,#2410,#2821,.T.);
#1951=EDGE_CURVE('',#2410,#2203,#2822,.T.);
#1952=EDGE_CURVE('',#2407,#2411,#2823,.F.);
#1953=EDGE_CURVE('',#2411,#2231,#2824,.F.);
#1954=EDGE_CURVE('',#2410,#2232,#2825,.T.);
#1955=EDGE_CURVE('',#2155,#2411,#2826,.T.);
#1956=EDGE_CURVE('',#2156,#2406,#2827,.T.);
#1957=EDGE_CURVE('',#2412,#2403,#2828,.T.);
#1958=EDGE_CURVE('',#2412,#2405,#2829,.T.);
#1959=EDGE_CURVE('',#2402,#2413,#2830,.T.);
#1960=EDGE_CURVE('',#2404,#2413,#2831,.T.);
#1961=EDGE_CURVE('',#2413,#2412,#2832,.T.);
#1962=EDGE_CURVE('',#2219,#2143,#2833,.F.);
#1963=EDGE_CURVE('',#2170,#2317,#2834,.T.);
#1964=EDGE_CURVE('',#2172,#2316,#2835,.T.);
#1965=EDGE_CURVE('',#2173,#2320,#2836,.T.);
#1966=EDGE_CURVE('',#2180,#2414,#268,.T.);
#1967=EDGE_CURVE('',#2414,#2318,#2837,.T.);
#1968=EDGE_CURVE('',#2415,#2319,#2838,.T.);
#1969=EDGE_CURVE('',#2415,#2179,#269,.T.);
#1970=EDGE_CURVE('',#2415,#2414,#2839,.T.);
#1971=EDGE_CURVE('',#2138,#2140,#2840,.T.);
#1972=EDGE_CURVE('',#2154,#2156,#2841,.T.);
#1973=EDGE_CURVE('',#2416,#2417,#2842,.T.);
#1974=EDGE_CURVE('',#2416,#2418,#2843,.T.);
#1975=EDGE_CURVE('',#2418,#2419,#2844,.T.);
#1976=EDGE_CURVE('',#2417,#2419,#2845,.T.);
#1977=EDGE_CURVE('',#2420,#2421,#2846,.T.);
#1978=EDGE_CURVE('',#2420,#2416,#2847,.T.);
#1979=EDGE_CURVE('',#2421,#2417,#2848,.T.);
#1980=EDGE_CURVE('',#2422,#2423,#2849,.T.);
#1981=EDGE_CURVE('',#2422,#2420,#2850,.F.);
#1982=EDGE_CURVE('',#2421,#2423,#2851,.T.);
#1983=EDGE_CURVE('',#2424,#2425,#2852,.T.);
#1984=EDGE_CURVE('',#2424,#2422,#2853,.T.);
#1985=EDGE_CURVE('',#2425,#2423,#2854,.T.);
#1986=EDGE_CURVE('',#2426,#2427,#2855,.T.);
#1987=EDGE_CURVE('',#2426,#2424,#2856,.T.);
#1988=EDGE_CURVE('',#2427,#2425,#2857,.T.);
#1989=EDGE_CURVE('',#2428,#2429,#2858,.T.);
#1990=EDGE_CURVE('',#2428,#2430,#2859,.T.);
#1991=EDGE_CURVE('',#2430,#2431,#2860,.T.);
#1992=EDGE_CURVE('',#2429,#2431,#2861,.T.);
#1993=EDGE_CURVE('',#2432,#2433,#2862,.T.);
#1994=EDGE_CURVE('',#2432,#2428,#2863,.F.);
#1995=EDGE_CURVE('',#2429,#2433,#2864,.T.);
#1996=EDGE_CURVE('',#2434,#2435,#2865,.T.);
#1997=EDGE_CURVE('',#2434,#2432,#2866,.T.);
#1998=EDGE_CURVE('',#2435,#2433,#2867,.T.);
#1999=EDGE_CURVE('',#2436,#2437,#2868,.T.);
#2000=EDGE_CURVE('',#2436,#2434,#2869,.T.);
#2001=EDGE_CURVE('',#2437,#2435,#2870,.T.);
#2002=EDGE_CURVE('',#2438,#2439,#2871,.T.);
#2003=EDGE_CURVE('',#2438,#2436,#2872,.F.);
#2004=EDGE_CURVE('',#2437,#2439,#2873,.T.);
#2005=EDGE_CURVE('',#2440,#2441,#2874,.T.);
#2006=EDGE_CURVE('',#2440,#2438,#2875,.F.);
#2007=EDGE_CURVE('',#2439,#2441,#2876,.T.);
#2008=EDGE_CURVE('',#2442,#2443,#2877,.T.);
#2009=EDGE_CURVE('',#2442,#2440,#2878,.T.);
#2010=EDGE_CURVE('',#2443,#2441,#2879,.T.);
#2011=EDGE_CURVE('',#2444,#2445,#2880,.T.);
#2012=EDGE_CURVE('',#2444,#2442,#2881,.T.);
#2013=EDGE_CURVE('',#2445,#2443,#2882,.T.);
#2014=EDGE_CURVE('',#2446,#2447,#2883,.T.);
#2015=EDGE_CURVE('',#2446,#2444,#2884,.F.);
#2016=EDGE_CURVE('',#2445,#2447,#2885,.T.);
#2017=EDGE_CURVE('',#2448,#2449,#2886,.T.);
#2018=EDGE_CURVE('',#2448,#2446,#2887,.T.);
#2019=EDGE_CURVE('',#2449,#2447,#2888,.T.);
#2020=EDGE_CURVE('',#2450,#2451,#2889,.T.);
#2021=EDGE_CURVE('',#2450,#2448,#2890,.T.);
#2022=EDGE_CURVE('',#2451,#2449,#2891,.T.);
#2023=EDGE_CURVE('',#2452,#2453,#2892,.T.);
#2024=EDGE_CURVE('',#2452,#2454,#2893,.T.);
#2025=EDGE_CURVE('',#2454,#2455,#2894,.T.);
#2026=EDGE_CURVE('',#2453,#2455,#2895,.T.);
#2027=EDGE_CURVE('',#2456,#2457,#2896,.T.);
#2028=EDGE_CURVE('',#2456,#2452,#2897,.T.);
#2029=EDGE_CURVE('',#2457,#2453,#2898,.T.);
#2030=EDGE_CURVE('',#2458,#2459,#2899,.T.);
#2031=EDGE_CURVE('',#2458,#2456,#2900,.F.);
#2032=EDGE_CURVE('',#2457,#2459,#2901,.T.);
#2033=EDGE_CURVE('',#2460,#2461,#2902,.T.);
#2034=EDGE_CURVE('',#2460,#2462,#2903,.T.);
#2035=EDGE_CURVE('',#2462,#2463,#2904,.T.);
#2036=EDGE_CURVE('',#2461,#2463,#2905,.T.);
#2037=EDGE_CURVE('',#2464,#2465,#2906,.T.);
#2038=EDGE_CURVE('',#2464,#2460,#2907,.F.);
#2039=EDGE_CURVE('',#2461,#2465,#2908,.T.);
#2040=EDGE_CURVE('',#2466,#2467,#2909,.T.);
#2041=EDGE_CURVE('',#2466,#2464,#2910,.T.);
#2042=EDGE_CURVE('',#2467,#2465,#2911,.T.);
#2043=EDGE_CURVE('',#2430,#2450,#2912,.T.);
#2044=EDGE_CURVE('',#2431,#2451,#2913,.T.);
#2045=EDGE_CURVE('',#2454,#2458,#2914,.T.);
#2046=EDGE_CURVE('',#2455,#2459,#2915,.T.);
#2047=EDGE_CURVE('',#2462,#2466,#2916,.T.);
#2048=EDGE_CURVE('',#2463,#2467,#2917,.T.);
#2049=EDGE_CURVE('',#2418,#2426,#2918,.T.);
#2050=EDGE_CURVE('',#2419,#2427,#2919,.T.);
#2051=EDGE_CURVE('',#2468,#2469,#2920,.T.);
#2052=EDGE_CURVE('',#2469,#2470,#2921,.F.);
#2053=EDGE_CURVE('',#2470,#2471,#2922,.F.);
#2054=EDGE_CURVE('',#2471,#2472,#2923,.F.);
#2055=EDGE_CURVE('',#2472,#2473,#2924,.F.);
#2056=EDGE_CURVE('',#2473,#2468,#2925,.F.);
#2057=EDGE_CURVE('',#2474,#2475,#2926,.F.);
#2058=EDGE_CURVE('',#2475,#2476,#2927,.T.);
#2059=EDGE_CURVE('',#2476,#2477,#2928,.F.);
#2060=EDGE_CURVE('',#2477,#2474,#2929,.F.);
#2061=EDGE_CURVE('',#2478,#2479,#2930,.F.);
#2062=EDGE_CURVE('',#2479,#2480,#2931,.T.);
#2063=EDGE_CURVE('',#2480,#2481,#2932,.F.);
#2064=EDGE_CURVE('',#2481,#2478,#2933,.F.);
#2065=EDGE_CURVE('',#2482,#2483,#2934,.F.);
#2066=EDGE_CURVE('',#2483,#2484,#2935,.F.);
#2067=EDGE_CURVE('',#2484,#2485,#2936,.T.);
#2068=EDGE_CURVE('',#2485,#2486,#2937,.F.);
#2069=EDGE_CURVE('',#2486,#2487,#2938,.F.);
#2070=EDGE_CURVE('',#2487,#2488,#2939,.F.);
#2071=EDGE_CURVE('',#2488,#2489,#2940,.F.);
#2072=EDGE_CURVE('',#2489,#2490,#2941,.T.);
#2073=EDGE_CURVE('',#2490,#2491,#2942,.F.);
#2074=EDGE_CURVE('',#2491,#2492,#2943,.F.);
#2075=EDGE_CURVE('',#2492,#2493,#2944,.T.);
#2076=EDGE_CURVE('',#2493,#2482,#2945,.T.);
#2077=EDGE_CURVE('',#2469,#2422,#18,.F.);
#2078=EDGE_CURVE('',#2420,#2468,#19,.T.);
#2079=EDGE_CURVE('',#2416,#2473,#20,.T.);
#2080=EDGE_CURVE('',#2470,#2424,#21,.F.);
#2081=EDGE_CURVE('',#2418,#2472,#22,.T.);
#2082=EDGE_CURVE('',#2471,#2426,#23,.F.);
#2083=EDGE_CURVE('',#2486,#2448,#24,.F.);
#2084=EDGE_CURVE('',#2446,#2485,#25,.T.);
#2085=EDGE_CURVE('',#2444,#2484,#26,.T.);
#2086=EDGE_CURVE('',#2487,#2450,#27,.F.);
#2087=EDGE_CURVE('',#2442,#2483,#28,.T.);
#2088=EDGE_CURVE('',#2488,#2430,#29,.F.);
#2089=EDGE_CURVE('',#2440,#2482,#30,.T.);
#2090=EDGE_CURVE('',#2489,#2428,#31,.F.);
#2091=EDGE_CURVE('',#2438,#2493,#32,.T.);
#2092=EDGE_CURVE('',#2490,#2432,#33,.F.);
#2093=EDGE_CURVE('',#2436,#2492,#34,.T.);
#2094=EDGE_CURVE('',#2491,#2434,#35,.F.);
#2095=EDGE_CURVE('',#2481,#2466,#36,.F.);
#2096=EDGE_CURVE('',#2464,#2480,#37,.T.);
#2097=EDGE_CURVE('',#2460,#2479,#38,.T.);
#2098=EDGE_CURVE('',#2478,#2462,#39,.F.);
#2099=EDGE_CURVE('',#2477,#2454,#40,.F.);
#2100=EDGE_CURVE('',#2458,#2476,#41,.T.);
#2101=EDGE_CURVE('',#2456,#2475,#42,.T.);
#2102=EDGE_CURVE('',#2474,#2452,#43,.F.);
#2103=VERTEX_POINT('',#5800);
#2104=VERTEX_POINT('',#5801);
#2105=VERTEX_POINT('',#5803);
#2106=VERTEX_POINT('',#5805);
#2107=VERTEX_POINT('',#5807);
#2108=VERTEX_POINT('',#5811);
#2109=VERTEX_POINT('',#5813);
#2110=VERTEX_POINT('',#5817);
#2111=VERTEX_POINT('',#5818);
#2112=VERTEX_POINT('',#5820);
#2113=VERTEX_POINT('',#5840);
#2114=VERTEX_POINT('',#5841);
#2115=VERTEX_POINT('',#5843);
#2116=VERTEX_POINT('',#5845);
#2117=VERTEX_POINT('',#5849);
#2118=VERTEX_POINT('',#5854);
#2119=VERTEX_POINT('',#5856);
#2120=VERTEX_POINT('',#5858);
#2121=VERTEX_POINT('',#5860);
#2122=VERTEX_POINT('',#5865);
#2123=VERTEX_POINT('',#5876);
#2124=VERTEX_POINT('',#5877);
#2125=VERTEX_POINT('',#5882);
#2126=VERTEX_POINT('',#5884);
#2127=VERTEX_POINT('',#5901);
#2128=VERTEX_POINT('',#5902);
#2129=VERTEX_POINT('',#5907);
#2130=VERTEX_POINT('',#5909);
#2131=VERTEX_POINT('',#5919);
#2132=VERTEX_POINT('',#5924);
#2133=VERTEX_POINT('',#5930);
#2134=VERTEX_POINT('',#5934);
#2135=VERTEX_POINT('',#5941);
#2136=VERTEX_POINT('',#5946);
#2137=VERTEX_POINT('',#5983);
#2138=VERTEX_POINT('',#5984);
#2139=VERTEX_POINT('',#5986);
#2140=VERTEX_POINT('',#5990);
#2141=VERTEX_POINT('',#5991);
#2142=VERTEX_POINT('',#5993);
#2143=VERTEX_POINT('',#5995);
#2144=VERTEX_POINT('',#5997);
#2145=VERTEX_POINT('',#5999);
#2146=VERTEX_POINT('',#6001);
#2147=VERTEX_POINT('',#6003);
#2148=VERTEX_POINT('',#6005);
#2149=VERTEX_POINT('',#6007);
#2150=VERTEX_POINT('',#6009);
#2151=VERTEX_POINT('',#6011);
#2152=VERTEX_POINT('',#6015);
#2153=VERTEX_POINT('',#6016);
#2154=VERTEX_POINT('',#6018);
#2155=VERTEX_POINT('',#6022);
#2156=VERTEX_POINT('',#6023);
#2157=VERTEX_POINT('',#6025);
#2158=VERTEX_POINT('',#6027);
#2159=VERTEX_POINT('',#6029);
#2160=VERTEX_POINT('',#6031);
#2161=VERTEX_POINT('',#6033);
#2162=VERTEX_POINT('',#6035);
#2163=VERTEX_POINT('',#6037);
#2164=VERTEX_POINT('',#6039);
#2165=VERTEX_POINT('',#6041);
#2166=VERTEX_POINT('',#6045);
#2167=VERTEX_POINT('',#6046);
#2168=VERTEX_POINT('',#6048);
#2169=VERTEX_POINT('',#6050);
#2170=VERTEX_POINT('',#6053);
#2171=VERTEX_POINT('',#6054);
#2172=VERTEX_POINT('',#6056);
#2173=VERTEX_POINT('',#6058);
#2174=VERTEX_POINT('',#6060);
#2175=VERTEX_POINT('',#6062);
#2176=VERTEX_POINT('',#6064);
#2177=VERTEX_POINT('',#6066);
#2178=VERTEX_POINT('',#6068);
#2179=VERTEX_POINT('',#6072);
#2180=VERTEX_POINT('',#6073);
#2181=VERTEX_POINT('',#6076);
#2182=VERTEX_POINT('',#6078);
#2183=VERTEX_POINT('',#6083);
#2184=VERTEX_POINT('',#6084);
#2185=VERTEX_POINT('',#6086);
#2186=VERTEX_POINT('',#6088);
#2187=VERTEX_POINT('',#6091);
#2188=VERTEX_POINT('',#6093);
#2189=VERTEX_POINT('',#6095);
#2190=VERTEX_POINT('',#6097);
#2191=VERTEX_POINT('',#6099);
#2192=VERTEX_POINT('',#6101);
#2193=VERTEX_POINT('',#6103);
#2194=VERTEX_POINT('',#6105);
#2195=VERTEX_POINT('',#6107);
#2196=VERTEX_POINT('',#6109);
#2197=VERTEX_POINT('',#6112);
#2198=VERTEX_POINT('',#6116);
#2199=VERTEX_POINT('',#6118);
#2200=VERTEX_POINT('',#6120);
#2201=VERTEX_POINT('',#6122);
#2202=VERTEX_POINT('',#6124);
#2203=VERTEX_POINT('',#6126);
#2204=VERTEX_POINT('',#6128);
#2205=VERTEX_POINT('',#6130);
#2206=VERTEX_POINT('',#6134);
#2207=VERTEX_POINT('',#6136);
#2208=VERTEX_POINT('',#6138);
#2209=VERTEX_POINT('',#6140);
#2210=VERTEX_POINT('',#6144);
#2211=VERTEX_POINT('',#6149);
#2212=VERTEX_POINT('',#6151);
#2213=VERTEX_POINT('',#6153);
#2214=VERTEX_POINT('',#6161);
#2215=VERTEX_POINT('',#6165);
#2216=VERTEX_POINT('',#6167);
#2217=VERTEX_POINT('',#6171);
#2218=VERTEX_POINT('',#6172);
#2219=VERTEX_POINT('',#6177);
#2220=VERTEX_POINT('',#6179);
#2221=VERTEX_POINT('',#6182);
#2222=VERTEX_POINT('',#6187);
#2223=VERTEX_POINT('',#6188);
#2224=VERTEX_POINT('',#6190);
#2225=VERTEX_POINT('',#6192);
#2226=VERTEX_POINT('',#6194);
#2227=VERTEX_POINT('',#6196);
#2228=VERTEX_POINT('',#6198);
#2229=VERTEX_POINT('',#6200);
#2230=VERTEX_POINT('',#6203);
#2231=VERTEX_POINT('',#6204);
#2232=VERTEX_POINT('',#6206);
#2233=VERTEX_POINT('',#6208);
#2234=VERTEX_POINT('',#6212);
#2235=VERTEX_POINT('',#6213);
#2236=VERTEX_POINT('',#6215);
#2237=VERTEX_POINT('',#6217);
#2238=VERTEX_POINT('',#6224);
#2239=VERTEX_POINT('',#6225);
#2240=VERTEX_POINT('',#6227);
#2241=VERTEX_POINT('',#6229);
#2242=VERTEX_POINT('',#6233);
#2243=VERTEX_POINT('',#6234);
#2244=VERTEX_POINT('',#6236);
#2245=VERTEX_POINT('',#6238);
#2246=VERTEX_POINT('',#6240);
#2247=VERTEX_POINT('',#6242);
#2248=VERTEX_POINT('',#6244);
#2249=VERTEX_POINT('',#6246);
#2250=VERTEX_POINT('',#6250);
#2251=VERTEX_POINT('',#6251);
#2252=VERTEX_POINT('',#6253);
#2253=VERTEX_POINT('',#6255);
#2254=VERTEX_POINT('',#6257);
#2255=VERTEX_POINT('',#6259);
#2256=VERTEX_POINT('',#6263);
#2257=VERTEX_POINT('',#6265);
#2258=VERTEX_POINT('',#6267);
#2259=VERTEX_POINT('',#6269);
#2260=VERTEX_POINT('',#6271);
#2261=VERTEX_POINT('',#6273);
#2262=VERTEX_POINT('',#6275);
#2263=VERTEX_POINT('',#6277);
#2264=VERTEX_POINT('',#6279);
#2265=VERTEX_POINT('',#6281);
#2266=VERTEX_POINT('',#6283);
#2267=VERTEX_POINT('',#6285);
#2268=VERTEX_POINT('',#6287);
#2269=VERTEX_POINT('',#6289);
#2270=VERTEX_POINT('',#6291);
#2271=VERTEX_POINT('',#6293);
#2272=VERTEX_POINT('',#6296);
#2273=VERTEX_POINT('',#6297);
#2274=VERTEX_POINT('',#6299);
#2275=VERTEX_POINT('',#6301);
#2276=VERTEX_POINT('',#6305);
#2277=VERTEX_POINT('',#6306);
#2278=VERTEX_POINT('',#6308);
#2279=VERTEX_POINT('',#6310);
#2280=VERTEX_POINT('',#6313);
#2281=VERTEX_POINT('',#6314);
#2282=VERTEX_POINT('',#6316);
#2283=VERTEX_POINT('',#6318);
#2284=VERTEX_POINT('',#6321);
#2285=VERTEX_POINT('',#6322);
#2286=VERTEX_POINT('',#6324);
#2287=VERTEX_POINT('',#6326);
#2288=VERTEX_POINT('',#6329);
#2289=VERTEX_POINT('',#6330);
#2290=VERTEX_POINT('',#6332);
#2291=VERTEX_POINT('',#6334);
#2292=VERTEX_POINT('',#6340);
#2293=VERTEX_POINT('',#6341);
#2294=VERTEX_POINT('',#6343);
#2295=VERTEX_POINT('',#6346);
#2296=VERTEX_POINT('',#6348);
#2297=VERTEX_POINT('',#6350);
#2298=VERTEX_POINT('',#6354);
#2299=VERTEX_POINT('',#6356);
#2300=VERTEX_POINT('',#6360);
#2301=VERTEX_POINT('',#6362);
#2302=VERTEX_POINT('',#6367);
#2303=VERTEX_POINT('',#6369);
#2304=VERTEX_POINT('',#6372);
#2305=VERTEX_POINT('',#6374);
#2306=VERTEX_POINT('',#6381);
#2307=VERTEX_POINT('',#6382);
#2308=VERTEX_POINT('',#6384);
#2309=VERTEX_POINT('',#6386);
#2310=VERTEX_POINT('',#6388);
#2311=VERTEX_POINT('',#6390);
#2312=VERTEX_POINT('',#6392);
#2313=VERTEX_POINT('',#6394);
#2314=VERTEX_POINT('',#6396);
#2315=VERTEX_POINT('',#6398);
#2316=VERTEX_POINT('',#6406);
#2317=VERTEX_POINT('',#6407);
#2318=VERTEX_POINT('',#6409);
#2319=VERTEX_POINT('',#6412);
#2320=VERTEX_POINT('',#6414);
#2321=VERTEX_POINT('',#6417);
#2322=VERTEX_POINT('',#6418);
#2323=VERTEX_POINT('',#6420);
#2324=VERTEX_POINT('',#6422);
#2325=VERTEX_POINT('',#6426);
#2326=VERTEX_POINT('',#6428);
#2327=VERTEX_POINT('',#6432);
#2328=VERTEX_POINT('',#6436);
#2329=VERTEX_POINT('',#6438);
#2330=VERTEX_POINT('',#6442);
#2331=VERTEX_POINT('',#6446);
#2332=VERTEX_POINT('',#6447);
#2333=VERTEX_POINT('',#6449);
#2334=VERTEX_POINT('',#6451);
#2335=VERTEX_POINT('',#6456);
#2336=VERTEX_POINT('',#6460);
#2337=VERTEX_POINT('',#6461);
#2338=VERTEX_POINT('',#6463);
#2339=VERTEX_POINT('',#6465);
#2340=VERTEX_POINT('',#6469);
#2341=VERTEX_POINT('',#6471);
#2342=VERTEX_POINT('',#6475);
#2343=VERTEX_POINT('',#6477);
#2344=VERTEX_POINT('',#6536);
#2345=VERTEX_POINT('',#6537);
#2346=VERTEX_POINT('',#6539);
#2347=VERTEX_POINT('',#6541);
#2348=VERTEX_POINT('',#6543);
#2349=VERTEX_POINT('',#6547);
#2350=VERTEX_POINT('',#6548);
#2351=VERTEX_POINT('',#6550);
#2352=VERTEX_POINT('',#6552);
#2353=VERTEX_POINT('',#6554);
#2354=VERTEX_POINT('',#6558);
#2355=VERTEX_POINT('',#6559);
#2356=VERTEX_POINT('',#6561);
#2357=VERTEX_POINT('',#6563);
#2358=VERTEX_POINT('',#6565);
#2359=VERTEX_POINT('',#6569);
#2360=VERTEX_POINT('',#6570);
#2361=VERTEX_POINT('',#6572);
#2362=VERTEX_POINT('',#6574);
#2363=VERTEX_POINT('',#6576);
#2364=VERTEX_POINT('',#6580);
#2365=VERTEX_POINT('',#6581);
#2366=VERTEX_POINT('',#6583);
#2367=VERTEX_POINT('',#6585);
#2368=VERTEX_POINT('',#6587);
#2369=VERTEX_POINT('',#6591);
#2370=VERTEX_POINT('',#6592);
#2371=VERTEX_POINT('',#6594);
#2372=VERTEX_POINT('',#6596);
#2373=VERTEX_POINT('',#6598);
#2374=VERTEX_POINT('',#6602);
#2375=VERTEX_POINT('',#6603);
#2376=VERTEX_POINT('',#6605);
#2377=VERTEX_POINT('',#6607);
#2378=VERTEX_POINT('',#6609);
#2379=VERTEX_POINT('',#6613);
#2380=VERTEX_POINT('',#6614);
#2381=VERTEX_POINT('',#6617);
#2382=VERTEX_POINT('',#6621);
#2383=VERTEX_POINT('',#6622);
#2384=VERTEX_POINT('',#6624);
#2385=VERTEX_POINT('',#6626);
#2386=VERTEX_POINT('',#6628);
#2387=VERTEX_POINT('',#6632);
#2388=VERTEX_POINT('',#6633);
#2389=VERTEX_POINT('',#6636);
#2390=VERTEX_POINT('',#6726);
#2391=VERTEX_POINT('',#6738);
#2392=VERTEX_POINT('',#6758);
#2393=VERTEX_POINT('',#6762);
#2394=VERTEX_POINT('',#6786);
#2395=VERTEX_POINT('',#6812);
#2396=VERTEX_POINT('',#6816);
#2397=VERTEX_POINT('',#6822);
#2398=VERTEX_POINT('',#6823);
#2399=VERTEX_POINT('',#6825);
#2400=VERTEX_POINT('',#6827);
#2401=VERTEX_POINT('',#6843);
#2402=VERTEX_POINT('',#6852);
#2403=VERTEX_POINT('',#6853);
#2404=VERTEX_POINT('',#6855);
#2405=VERTEX_POINT('',#6857);
#2406=VERTEX_POINT('',#6860);
#2407=VERTEX_POINT('',#6862);
#2408=VERTEX_POINT('',#6865);
#2409=VERTEX_POINT('',#6867);
#2410=VERTEX_POINT('',#6873);
#2411=VERTEX_POINT('',#6877);
#2412=VERTEX_POINT('',#6887);
#2413=VERTEX_POINT('',#6891);
#2414=VERTEX_POINT('',#6907);
#2415=VERTEX_POINT('',#6911);
#2416=VERTEX_POINT('',#6924);
#2417=VERTEX_POINT('',#6925);
#2418=VERTEX_POINT('',#6927);
#2419=VERTEX_POINT('',#6929);
#2420=VERTEX_POINT('',#6933);
#2421=VERTEX_POINT('',#6934);
#2422=VERTEX_POINT('',#6939);
#2423=VERTEX_POINT('',#6940);
#2424=VERTEX_POINT('',#6945);
#2425=VERTEX_POINT('',#6946);
#2426=VERTEX_POINT('',#6951);
#2427=VERTEX_POINT('',#6952);
#2428=VERTEX_POINT('',#6957);
#2429=VERTEX_POINT('',#6958);
#2430=VERTEX_POINT('',#6960);
#2431=VERTEX_POINT('',#6962);
#2432=VERTEX_POINT('',#6966);
#2433=VERTEX_POINT('',#6967);
#2434=VERTEX_POINT('',#6972);
#2435=VERTEX_POINT('',#6973);
#2436=VERTEX_POINT('',#6978);
#2437=VERTEX_POINT('',#6979);
#2438=VERTEX_POINT('',#6984);
#2439=VERTEX_POINT('',#6985);
#2440=VERTEX_POINT('',#6990);
#2441=VERTEX_POINT('',#6991);
#2442=VERTEX_POINT('',#6996);
#2443=VERTEX_POINT('',#6997);
#2444=VERTEX_POINT('',#7002);
#2445=VERTEX_POINT('',#7003);
#2446=VERTEX_POINT('',#7008);
#2447=VERTEX_POINT('',#7009);
#2448=VERTEX_POINT('',#7014);
#2449=VERTEX_POINT('',#7015);
#2450=VERTEX_POINT('',#7020);
#2451=VERTEX_POINT('',#7021);
#2452=VERTEX_POINT('',#7026);
#2453=VERTEX_POINT('',#7027);
#2454=VERTEX_POINT('',#7029);
#2455=VERTEX_POINT('',#7031);
#2456=VERTEX_POINT('',#7035);
#2457=VERTEX_POINT('',#7036);
#2458=VERTEX_POINT('',#7041);
#2459=VERTEX_POINT('',#7042);
#2460=VERTEX_POINT('',#7047);
#2461=VERTEX_POINT('',#7048);
#2462=VERTEX_POINT('',#7050);
#2463=VERTEX_POINT('',#7052);
#2464=VERTEX_POINT('',#7056);
#2465=VERTEX_POINT('',#7057);
#2466=VERTEX_POINT('',#7062);
#2467=VERTEX_POINT('',#7063);
#2468=VERTEX_POINT('',#7080);
#2469=VERTEX_POINT('',#7081);
#2470=VERTEX_POINT('',#7083);
#2471=VERTEX_POINT('',#7085);
#2472=VERTEX_POINT('',#7087);
#2473=VERTEX_POINT('',#7089);
#2474=VERTEX_POINT('',#7092);
#2475=VERTEX_POINT('',#7093);
#2476=VERTEX_POINT('',#7095);
#2477=VERTEX_POINT('',#7097);
#2478=VERTEX_POINT('',#7100);
#2479=VERTEX_POINT('',#7101);
#2480=VERTEX_POINT('',#7103);
#2481=VERTEX_POINT('',#7105);
#2482=VERTEX_POINT('',#7108);
#2483=VERTEX_POINT('',#7109);
#2484=VERTEX_POINT('',#7111);
#2485=VERTEX_POINT('',#7113);
#2486=VERTEX_POINT('',#7115);
#2487=VERTEX_POINT('',#7117);
#2488=VERTEX_POINT('',#7119);
#2489=VERTEX_POINT('',#7121);
#2490=VERTEX_POINT('',#7123);
#2491=VERTEX_POINT('',#7125);
#2492=VERTEX_POINT('',#7127);
#2493=VERTEX_POINT('',#7129);
#2494=LINE('',#5799,#2946);
#2495=LINE('',#5804,#2947);
#2496=LINE('',#5806,#2948);
#2497=LINE('',#5808,#2949);
#2498=LINE('',#5810,#2950);
#2499=LINE('',#5812,#2951);
#2500=LINE('',#5814,#2952);
#2501=LINE('',#5816,#2953);
#2502=LINE('',#5821,#2954);
#2503=LINE('',#5822,#2955);
#2504=LINE('',#5824,#2956);
#2505=LINE('',#5825,#2957);
#2506=LINE('',#5827,#2958);
#2507=LINE('',#5839,#2959);
#2508=LINE('',#5842,#2960);
#2509=LINE('',#5844,#2961);
#2510=LINE('',#5846,#2962);
#2511=LINE('',#5848,#2963);
#2512=LINE('',#5855,#2964);
#2513=LINE('',#5857,#2965);
#2514=LINE('',#5859,#2966);
#2515=LINE('',#5866,#2967);
#2516=LINE('',#5875,#2968);
#2517=LINE('',#5883,#2969);
#2518=LINE('',#5885,#2970);
#2519=LINE('',#5887,#2971);
#2520=LINE('',#5888,#2972);
#2521=LINE('',#5900,#2973);
#2522=LINE('',#5908,#2974);
#2523=LINE('',#5910,#2975);
#2524=LINE('',#5929,#2976);
#2525=LINE('',#5931,#2977);
#2526=LINE('',#5933,#2978);
#2527=LINE('',#5935,#2979);
#2528=LINE('',#5954,#2980);
#2529=LINE('',#5982,#2981);
#2530=LINE('',#5985,#2982);
#2531=LINE('',#5987,#2983);
#2532=LINE('',#5989,#2984);
#2533=LINE('',#5992,#2985);
#2534=LINE('',#5994,#2986);
#2535=LINE('',#5998,#2987);
#2536=LINE('',#6002,#2988);
#2537=LINE('',#6006,#2989);
#2538=LINE('',#6008,#2990);
#2539=LINE('',#6010,#2991);
#2540=LINE('',#6012,#2992);
#2541=LINE('',#6014,#2993);
#2542=LINE('',#6017,#2994);
#2543=LINE('',#6019,#2995);
#2544=LINE('',#6021,#2996);
#2545=LINE('',#6024,#2997);
#2546=LINE('',#6026,#2998);
#2547=LINE('',#6030,#2999);
#2548=LINE('',#6034,#3000);
#2549=LINE('',#6036,#3001);
#2550=LINE('',#6038,#3002);
#2551=LINE('',#6040,#3003);
#2552=LINE('',#6042,#3004);
#2553=LINE('',#6061,#3005);
#2554=LINE('',#6063,#3006);
#2555=LINE('',#6065,#3007);
#2556=LINE('',#6067,#3008);
#2557=LINE('',#6069,#3009);
#2558=LINE('',#6071,#3010);
#2559=LINE('',#6074,#3011);
#2560=LINE('',#6075,#3012);
#2561=LINE('',#6077,#3013);
#2562=LINE('',#6079,#3014);
#2563=LINE('',#6080,#3015);
#2564=LINE('',#6082,#3016);
#2565=LINE('',#6085,#3017);
#2566=LINE('',#6087,#3018);
#2567=LINE('',#6089,#3019);
#2568=LINE('',#6090,#3020);
#2569=LINE('',#6092,#3021);
#2570=LINE('',#6094,#3022);
#2571=LINE('',#6096,#3023);
#2572=LINE('',#6098,#3024);
#2573=LINE('',#6100,#3025);
#2574=LINE('',#6102,#3026);
#2575=LINE('',#6104,#3027);
#2576=LINE('',#6106,#3028);
#2577=LINE('',#6108,#3029);
#2578=LINE('',#6110,#3030);
#2579=LINE('',#6111,#3031);
#2580=LINE('',#6115,#3032);
#2581=LINE('',#6121,#3033);
#2582=LINE('',#6123,#3034);
#2583=LINE('',#6125,#3035);
#2584=LINE('',#6127,#3036);
#2585=LINE('',#6129,#3037);
#2586=LINE('',#6131,#3038);
#2587=LINE('',#6133,#3039);
#2588=LINE('',#6135,#3040);
#2589=LINE('',#6139,#3041);
#2590=LINE('',#6143,#3042);
#2591=LINE('',#6150,#3043);
#2592=LINE('',#6154,#3044);
#2593=LINE('',#6164,#3045);
#2594=LINE('',#6166,#3046);
#2595=LINE('',#6168,#3047);
#2596=LINE('',#6170,#3048);
#2597=LINE('',#6173,#3049);
#2598=LINE('',#6174,#3050);
#2599=LINE('',#6178,#3051);
#2600=LINE('',#6180,#3052);
#2601=LINE('',#6181,#3053);
#2602=LINE('',#6186,#3054);
#2603=LINE('',#6191,#3055);
#2604=LINE('',#6193,#3056);
#2605=LINE('',#6195,#3057);
#2606=LINE('',#6197,#3058);
#2607=LINE('',#6199,#3059);
#2608=LINE('',#6202,#3060);
#2609=LINE('',#6205,#3061);
#2610=LINE('',#6207,#3062);
#2611=LINE('',#6209,#3063);
#2612=LINE('',#6211,#3064);
#2613=LINE('',#6214,#3065);
#2614=LINE('',#6216,#3066);
#2615=LINE('',#6218,#3067);
#2616=LINE('',#6220,#3068);
#2617=LINE('',#6221,#3069);
#2618=LINE('',#6223,#3070);
#2619=LINE('',#6226,#3071);
#2620=LINE('',#6228,#3072);
#2621=LINE('',#6230,#3073);
#2622=LINE('',#6232,#3074);
#2623=LINE('',#6235,#3075);
#2624=LINE('',#6237,#3076);
#2625=LINE('',#6239,#3077);
#2626=LINE('',#6241,#3078);
#2627=LINE('',#6243,#3079);
#2628=LINE('',#6245,#3080);
#2629=LINE('',#6247,#3081);
#2630=LINE('',#6249,#3082);
#2631=LINE('',#6254,#3083);
#2632=LINE('',#6256,#3084);
#2633=LINE('',#6258,#3085);
#2634=LINE('',#6264,#3086);
#2635=LINE('',#6266,#3087);
#2636=LINE('',#6268,#3088);
#2637=LINE('',#6270,#3089);
#2638=LINE('',#6272,#3090);
#2639=LINE('',#6274,#3091);
#2640=LINE('',#6276,#3092);
#2641=LINE('',#6278,#3093);
#2642=LINE('',#6280,#3094);
#2643=LINE('',#6282,#3095);
#2644=LINE('',#6284,#3096);
#2645=LINE('',#6286,#3097);
#2646=LINE('',#6288,#3098);
#2647=LINE('',#6290,#3099);
#2648=LINE('',#6292,#3100);
#2649=LINE('',#6294,#3101);
#2650=LINE('',#6295,#3102);
#2651=LINE('',#6298,#3103);
#2652=LINE('',#6300,#3104);
#2653=LINE('',#6302,#3105);
#2654=LINE('',#6304,#3106);
#2655=LINE('',#6307,#3107);
#2656=LINE('',#6309,#3108);
#2657=LINE('',#6311,#3109);
#2658=LINE('',#6312,#3110);
#2659=LINE('',#6315,#3111);
#2660=LINE('',#6317,#3112);
#2661=LINE('',#6319,#3113);
#2662=LINE('',#6320,#3114);
#2663=LINE('',#6323,#3115);
#2664=LINE('',#6325,#3116);
#2665=LINE('',#6327,#3117);
#2666=LINE('',#6328,#3118);
#2667=LINE('',#6331,#3119);
#2668=LINE('',#6333,#3120);
#2669=LINE('',#6335,#3121);
#2670=LINE('',#6336,#3122);
#2671=LINE('',#6337,#3123);
#2672=LINE('',#6338,#3124);
#2673=LINE('',#6339,#3125);
#2674=LINE('',#6342,#3126);
#2675=LINE('',#6344,#3127);
#2676=LINE('',#6345,#3128);
#2677=LINE('',#6347,#3129);
#2678=LINE('',#6349,#3130);
#2679=LINE('',#6351,#3131);
#2680=LINE('',#6353,#3132);
#2681=LINE('',#6355,#3133);
#2682=LINE('',#6357,#3134);
#2683=LINE('',#6361,#3135);
#2684=LINE('',#6363,#3136);
#2685=LINE('',#6364,#3137);
#2686=LINE('',#6366,#3138);
#2687=LINE('',#6368,#3139);
#2688=LINE('',#6370,#3140);
#2689=LINE('',#6373,#3141);
#2690=LINE('',#6376,#3142);
#2691=LINE('',#6378,#3143);
#2692=LINE('',#6380,#3144);
#2693=LINE('',#6383,#3145);
#2694=LINE('',#6385,#3146);
#2695=LINE('',#6387,#3147);
#2696=LINE('',#6389,#3148);
#2697=LINE('',#6391,#3149);
#2698=LINE('',#6393,#3150);
#2699=LINE('',#6395,#3151);
#2700=LINE('',#6397,#3152);
#2701=LINE('',#6399,#3153);
#2702=LINE('',#6400,#3154);
#2703=LINE('',#6401,#3155);
#2704=LINE('',#6403,#3156);
#2705=LINE('',#6410,#3157);
#2706=LINE('',#6411,#3158);
#2707=LINE('',#6425,#3159);
#2708=LINE('',#6427,#3160);
#2709=LINE('',#6429,#3161);
#2710=LINE('',#6431,#3162);
#2711=LINE('',#6433,#3163);
#2712=LINE('',#6435,#3164);
#2713=LINE('',#6437,#3165);
#2714=LINE('',#6439,#3166);
#2715=LINE('',#6441,#3167);
#2716=LINE('',#6443,#3168);
#2717=LINE('',#6445,#3169);
#2718=LINE('',#6448,#3170);
#2719=LINE('',#6450,#3171);
#2720=LINE('',#6452,#3172);
#2721=LINE('',#6454,#3173);
#2722=LINE('',#6455,#3174);
#2723=LINE('',#6457,#3175);
#2724=LINE('',#6459,#3176);
#2725=LINE('',#6462,#3177);
#2726=LINE('',#6464,#3178);
#2727=LINE('',#6466,#3179);
#2728=LINE('',#6468,#3180);
#2729=LINE('',#6470,#3181);
#2730=LINE('',#6472,#3182);
#2731=LINE('',#6474,#3183);
#2732=LINE('',#6476,#3184);
#2733=LINE('',#6478,#3185);
#2734=LINE('',#6481,#3186);
#2735=LINE('',#6484,#3187);
#2736=LINE('',#6489,#3188);
#2737=LINE('',#6493,#3189);
#2738=LINE('',#6497,#3190);
#2739=LINE('',#6503,#3191);
#2740=LINE('',#6506,#3192);
#2741=LINE('',#6509,#3193);
#2742=LINE('',#6510,#3194);
#2743=LINE('',#6512,#3195);
#2744=LINE('',#6514,#3196);
#2745=LINE('',#6517,#3197);
#2746=LINE('',#6522,#3198);
#2747=LINE('',#6535,#3199);
#2748=LINE('',#6538,#3200);
#2749=LINE('',#6544,#3201);
#2750=LINE('',#6546,#3202);
#2751=LINE('',#6553,#3203);
#2752=LINE('',#6555,#3204);
#2753=LINE('',#6562,#3205);
#2754=LINE('',#6564,#3206);
#2755=LINE('',#6566,#3207);
#2756=LINE('',#6568,#3208);
#2757=LINE('',#6571,#3209);
#2758=LINE('',#6577,#3210);
#2759=LINE('',#6584,#3211);
#2760=LINE('',#6586,#3212);
#2761=LINE('',#6588,#3213);
#2762=LINE('',#6590,#3214);
#2763=LINE('',#6593,#3215);
#2764=LINE('',#6599,#3216);
#2765=LINE('',#6601,#3217);
#2766=LINE('',#6608,#3218);
#2767=LINE('',#6610,#3219);
#2768=LINE('',#6612,#3220);
#2769=LINE('',#6615,#3221);
#2770=LINE('',#6618,#3222);
#2771=LINE('',#6625,#3223);
#2772=LINE('',#6627,#3224);
#2773=LINE('',#6629,#3225);
#2774=LINE('',#6631,#3226);
#2775=LINE('',#6635,#3227);
#2776=LINE('',#6637,#3228);
#2777=LINE('',#6639,#3229);
#2778=LINE('',#6640,#3230);
#2779=LINE('',#6662,#3231);
#2780=LINE('',#6663,#3232);
#2781=LINE('',#6665,#3233);
#2782=LINE('',#6678,#3234);
#2783=LINE('',#6725,#3235);
#2784=LINE('',#6739,#3236);
#2785=LINE('',#6759,#3237);
#2786=LINE('',#6761,#3238);
#2787=LINE('',#6787,#3239);
#2788=LINE('',#6795,#3240);
#2789=LINE('',#6797,#3241);
#2790=LINE('',#6799,#3242);
#2791=LINE('',#6801,#3243);
#2792=LINE('',#6805,#3244);
#2793=LINE('',#6807,#3245);
#2794=LINE('',#6809,#3246);
#2795=LINE('',#6811,#3247);
#2796=LINE('',#6813,#3248);
#2797=LINE('',#6815,#3249);
#2798=LINE('',#6817,#3250);
#2799=LINE('',#6819,#3251);
#2800=LINE('',#6821,#3252);
#2801=LINE('',#6824,#3253);
#2802=LINE('',#6826,#3254);
#2803=LINE('',#6828,#3255);
#2804=LINE('',#6838,#3256);
#2805=LINE('',#6840,#3257);
#2806=LINE('',#6844,#3258);
#2807=LINE('',#6846,#3259);
#2808=LINE('',#6848,#3260);
#2809=LINE('',#6851,#3261);
#2810=LINE('',#6854,#3262);
#2811=LINE('',#6856,#3263);
#2812=LINE('',#6858,#3264);
#2813=LINE('',#6859,#3265);
#2814=LINE('',#6861,#3266);
#2815=LINE('',#6863,#3267);
#2816=LINE('',#6864,#3268);
#2817=LINE('',#6866,#3269);
#2818=LINE('',#6868,#3270);
#2819=LINE('',#6870,#3271);
#2820=LINE('',#6871,#3272);
#2821=LINE('',#6872,#3273);
#2822=LINE('',#6874,#3274);
#2823=LINE('',#6876,#3275);
#2824=LINE('',#6878,#3276);
#2825=LINE('',#6880,#3277);
#2826=LINE('',#6882,#3278);
#2827=LINE('',#6884,#3279);
#2828=LINE('',#6886,#3280);
#2829=LINE('',#6888,#3281);
#2830=LINE('',#6890,#3282);
#2831=LINE('',#6892,#3283);
#2832=LINE('',#6894,#3284);
#2833=LINE('',#6897,#3285);
#2834=LINE('',#6901,#3286);
#2835=LINE('',#6902,#3287);
#2836=LINE('',#6904,#3288);
#2837=LINE('',#6908,#3289);
#2838=LINE('',#6910,#3290);
#2839=LINE('',#6914,#3291);
#2840=LINE('',#6917,#3292);
#2841=LINE('',#6919,#3293);
#2842=LINE('',#6923,#3294);
#2843=LINE('',#6926,#3295);
#2844=LINE('',#6928,#3296);
#2845=LINE('',#6930,#3297);
#2846=LINE('',#6932,#3298);
#2847=LINE('',#6935,#3299);
#2848=LINE('',#6936,#3300);
#2849=LINE('',#6938,#3301);
#2850=LINE('',#6941,#3302);
#2851=LINE('',#6942,#3303);
#2852=LINE('',#6944,#3304);
#2853=LINE('',#6947,#3305);
#2854=LINE('',#6948,#3306);
#2855=LINE('',#6950,#3307);
#2856=LINE('',#6953,#3308);
#2857=LINE('',#6954,#3309);
#2858=LINE('',#6956,#3310);
#2859=LINE('',#6959,#3311);
#2860=LINE('',#6961,#3312);
#2861=LINE('',#6963,#3313);
#2862=LINE('',#6965,#3314);
#2863=LINE('',#6968,#3315);
#2864=LINE('',#6969,#3316);
#2865=LINE('',#6971,#3317);
#2866=LINE('',#6974,#3318);
#2867=LINE('',#6975,#3319);
#2868=LINE('',#6977,#3320);
#2869=LINE('',#6980,#3321);
#2870=LINE('',#6981,#3322);
#2871=LINE('',#6983,#3323);
#2872=LINE('',#6986,#3324);
#2873=LINE('',#6987,#3325);
#2874=LINE('',#6989,#3326);
#2875=LINE('',#6992,#3327);
#2876=LINE('',#6993,#3328);
#2877=LINE('',#6995,#3329);
#2878=LINE('',#6998,#3330);
#2879=LINE('',#6999,#3331);
#2880=LINE('',#7001,#3332);
#2881=LINE('',#7004,#3333);
#2882=LINE('',#7005,#3334);
#2883=LINE('',#7007,#3335);
#2884=LINE('',#7010,#3336);
#2885=LINE('',#7011,#3337);
#2886=LINE('',#7013,#3338);
#2887=LINE('',#7016,#3339);
#2888=LINE('',#7017,#3340);
#2889=LINE('',#7019,#3341);
#2890=LINE('',#7022,#3342);
#2891=LINE('',#7023,#3343);
#2892=LINE('',#7025,#3344);
#2893=LINE('',#7028,#3345);
#2894=LINE('',#7030,#3346);
#2895=LINE('',#7032,#3347);
#2896=LINE('',#7034,#3348);
#2897=LINE('',#7037,#3349);
#2898=LINE('',#7038,#3350);
#2899=LINE('',#7040,#3351);
#2900=LINE('',#7043,#3352);
#2901=LINE('',#7044,#3353);
#2902=LINE('',#7046,#3354);
#2903=LINE('',#7049,#3355);
#2904=LINE('',#7051,#3356);
#2905=LINE('',#7053,#3357);
#2906=LINE('',#7055,#3358);
#2907=LINE('',#7058,#3359);
#2908=LINE('',#7059,#3360);
#2909=LINE('',#7061,#3361);
#2910=LINE('',#7064,#3362);
#2911=LINE('',#7065,#3363);
#2912=LINE('',#7067,#3364);
#2913=LINE('',#7068,#3365);
#2914=LINE('',#7070,#3366);
#2915=LINE('',#7071,#3367);
#2916=LINE('',#7073,#3368);
#2917=LINE('',#7074,#3369);
#2918=LINE('',#7076,#3370);
#2919=LINE('',#7077,#3371);
#2920=LINE('',#7079,#3372);
#2921=LINE('',#7082,#3373);
#2922=LINE('',#7084,#3374);
#2923=LINE('',#7086,#3375);
#2924=LINE('',#7088,#3376);
#2925=LINE('',#7090,#3377);
#2926=LINE('',#7091,#3378);
#2927=LINE('',#7094,#3379);
#2928=LINE('',#7096,#3380);
#2929=LINE('',#7098,#3381);
#2930=LINE('',#7099,#3382);
#2931=LINE('',#7102,#3383);
#2932=LINE('',#7104,#3384);
#2933=LINE('',#7106,#3385);
#2934=LINE('',#7107,#3386);
#2935=LINE('',#7110,#3387);
#2936=LINE('',#7112,#3388);
#2937=LINE('',#7114,#3389);
#2938=LINE('',#7116,#3390);
#2939=LINE('',#7118,#3391);
#2940=LINE('',#7120,#3392);
#2941=LINE('',#7122,#3393);
#2942=LINE('',#7124,#3394);
#2943=LINE('',#7126,#3395);
#2944=LINE('',#7128,#3396);
#2945=LINE('',#7130,#3397);
#2946=VECTOR('',#4645,1.);
#2947=VECTOR('',#4648,1.);
#2948=VECTOR('',#4649,1.);
#2949=VECTOR('',#4650,1.);
#2950=VECTOR('',#4653,1.);
#2951=VECTOR('',#4654,1.);
#2952=VECTOR('',#4655,1.);
#2953=VECTOR('',#4658,1.);
#2954=VECTOR('',#4661,1.);
#2955=VECTOR('',#4662,1.);
#2956=VECTOR('',#4665,1.);
#2957=VECTOR('',#4666,1.);
#2958=VECTOR('',#4669,1.);
#2959=VECTOR('',#4676,1.);
#2960=VECTOR('',#4677,1.);
#2961=VECTOR('',#4678,1.);
#2962=VECTOR('',#4679,1.);
#2963=VECTOR('',#4682,1.);
#2964=VECTOR('',#4683,1.);
#2965=VECTOR('',#4684,1.);
#2966=VECTOR('',#4685,1.);
#2967=VECTOR('',#4686,1.);
#2968=VECTOR('',#4687,1.);
#2969=VECTOR('',#4688,1.);
#2970=VECTOR('',#4689,1.);
#2971=VECTOR('',#4692,1.);
#2972=VECTOR('',#4693,1.);
#2973=VECTOR('',#4700,1.);
#2974=VECTOR('',#4701,1.);
#2975=VECTOR('',#4702,1.);
#2976=VECTOR('',#4705,1.);
#2977=VECTOR('',#4706,1.);
#2978=VECTOR('',#4709,1.);
#2979=VECTOR('',#4710,1.);
#2980=VECTOR('',#4713,1.);
#2981=VECTOR('',#4720,1.);
#2982=VECTOR('',#4721,1.);
#2983=VECTOR('',#4722,1.);
#2984=VECTOR('',#4725,1.);
#2985=VECTOR('',#4726,1.);
#2986=VECTOR('',#4727,1.);
#2987=VECTOR('',#4730,1.);
#2988=VECTOR('',#4733,1.);
#2989=VECTOR('',#4736,1.);
#2990=VECTOR('',#4737,1.);
#2991=VECTOR('',#4738,1.);
#2992=VECTOR('',#4739,1.);
#2993=VECTOR('',#4742,1.);
#2994=VECTOR('',#4743,1.);
#2995=VECTOR('',#4744,1.);
#2996=VECTOR('',#4747,1.);
#2997=VECTOR('',#4748,1.);
#2998=VECTOR('',#4749,1.);
#2999=VECTOR('',#4752,1.);
#3000=VECTOR('',#4755,1.);
#3001=VECTOR('',#4756,1.);
#3002=VECTOR('',#4757,1.);
#3003=VECTOR('',#4758,1.);
#3004=VECTOR('',#4759,1.);
#3005=VECTOR('',#4778,1.);
#3006=VECTOR('',#4779,1.);
#3007=VECTOR('',#4780,1.);
#3008=VECTOR('',#4781,1.);
#3009=VECTOR('',#4782,1.);
#3010=VECTOR('',#4785,1.);
#3011=VECTOR('',#4786,1.);
#3012=VECTOR('',#4787,1.);
#3013=VECTOR('',#4788,1.);
#3014=VECTOR('',#4789,1.);
#3015=VECTOR('',#4790,1.);
#3016=VECTOR('',#4793,1.);
#3017=VECTOR('',#4794,1.);
#3018=VECTOR('',#4795,1.);
#3019=VECTOR('',#4796,1.);
#3020=VECTOR('',#4797,1.);
#3021=VECTOR('',#4798,1.);
#3022=VECTOR('',#4799,1.);
#3023=VECTOR('',#4800,1.);
#3024=VECTOR('',#4801,1.);
#3025=VECTOR('',#4802,1.);
#3026=VECTOR('',#4803,1.);
#3027=VECTOR('',#4804,1.);
#3028=VECTOR('',#4805,1.);
#3029=VECTOR('',#4806,1.);
#3030=VECTOR('',#4807,1.);
#3031=VECTOR('',#4808,1.);
#3032=VECTOR('',#4813,1.);
#3033=VECTOR('',#4818,1.);
#3034=VECTOR('',#4819,1.);
#3035=VECTOR('',#4820,1.);
#3036=VECTOR('',#4821,1.);
#3037=VECTOR('',#4822,1.);
#3038=VECTOR('',#4823,1.);
#3039=VECTOR('',#4826,1.);
#3040=VECTOR('',#4827,1.);
#3041=VECTOR('',#4830,1.);
#3042=VECTOR('',#4835,1.);
#3043=VECTOR('',#4836,1.);
#3044=VECTOR('',#4839,1.);
#3045=VECTOR('',#4848,1.);
#3046=VECTOR('',#4849,1.);
#3047=VECTOR('',#4850,1.);
#3048=VECTOR('',#4853,1.);
#3049=VECTOR('',#4854,1.);
#3050=VECTOR('',#4855,1.);
#3051=VECTOR('',#4860,1.);
#3052=VECTOR('',#4861,1.);
#3053=VECTOR('',#4862,1.);
#3054=VECTOR('',#4869,1.);
#3055=VECTOR('',#4872,1.);
#3056=VECTOR('',#4873,1.);
#3057=VECTOR('',#4874,1.);
#3058=VECTOR('',#4875,1.);
#3059=VECTOR('',#4876,1.);
#3060=VECTOR('',#4879,1.);
#3061=VECTOR('',#4880,1.);
#3062=VECTOR('',#4881,1.);
#3063=VECTOR('',#4882,1.);
#3064=VECTOR('',#4885,1.);
#3065=VECTOR('',#4886,1.);
#3066=VECTOR('',#4887,1.);
#3067=VECTOR('',#4888,1.);
#3068=VECTOR('',#4891,1.);
#3069=VECTOR('',#4892,1.);
#3070=VECTOR('',#4895,1.);
#3071=VECTOR('',#4896,1.);
#3072=VECTOR('',#4897,1.);
#3073=VECTOR('',#4898,1.);
#3074=VECTOR('',#4901,1.);
#3075=VECTOR('',#4902,1.);
#3076=VECTOR('',#4903,1.);
#3077=VECTOR('',#4904,1.);
#3078=VECTOR('',#4905,1.);
#3079=VECTOR('',#4906,1.);
#3080=VECTOR('',#4907,1.);
#3081=VECTOR('',#4908,1.);
#3082=VECTOR('',#4911,1.);
#3083=VECTOR('',#4914,1.);
#3084=VECTOR('',#4915,1.);
#3085=VECTOR('',#4916,1.);
#3086=VECTOR('',#4923,1.);
#3087=VECTOR('',#4924,1.);
#3088=VECTOR('',#4925,1.);
#3089=VECTOR('',#4926,1.);
#3090=VECTOR('',#4927,1.);
#3091=VECTOR('',#4928,1.);
#3092=VECTOR('',#4929,1.);
#3093=VECTOR('',#4930,1.);
#3094=VECTOR('',#4931,1.);
#3095=VECTOR('',#4932,1.);
#3096=VECTOR('',#4933,1.);
#3097=VECTOR('',#4934,1.);
#3098=VECTOR('',#4935,1.);
#3099=VECTOR('',#4936,1.);
#3100=VECTOR('',#4937,1.);
#3101=VECTOR('',#4938,1.);
#3102=VECTOR('',#4939,1.);
#3103=VECTOR('',#4940,1.);
#3104=VECTOR('',#4941,1.);
#3105=VECTOR('',#4942,1.);
#3106=VECTOR('',#4945,1.);
#3107=VECTOR('',#4946,1.);
#3108=VECTOR('',#4947,1.);
#3109=VECTOR('',#4948,1.);
#3110=VECTOR('',#4949,1.);
#3111=VECTOR('',#4950,1.);
#3112=VECTOR('',#4951,1.);
#3113=VECTOR('',#4952,1.);
#3114=VECTOR('',#4953,1.);
#3115=VECTOR('',#4954,1.);
#3116=VECTOR('',#4955,1.);
#3117=VECTOR('',#4956,1.);
#3118=VECTOR('',#4957,1.);
#3119=VECTOR('',#4958,1.);
#3120=VECTOR('',#4959,1.);
#3121=VECTOR('',#4960,1.);
#3122=VECTOR('',#4961,1.);
#3123=VECTOR('',#4962,1.);
#3124=VECTOR('',#4963,1.);
#3125=VECTOR('',#4964,1.);
#3126=VECTOR('',#4965,1.);
#3127=VECTOR('',#4966,1.);
#3128=VECTOR('',#4967,1.);
#3129=VECTOR('',#4968,1.);
#3130=VECTOR('',#4969,1.);
#3131=VECTOR('',#4970,1.);
#3132=VECTOR('',#4973,1.);
#3133=VECTOR('',#4974,1.);
#3134=VECTOR('',#4975,1.);
#3135=VECTOR('',#4980,1.);
#3136=VECTOR('',#4981,1.);
#3137=VECTOR('',#4982,1.);
#3138=VECTOR('',#4985,1.);
#3139=VECTOR('',#4986,1.);
#3140=VECTOR('',#4987,1.);
#3141=VECTOR('',#4990,1.);
#3142=VECTOR('',#4993,1.);
#3143=VECTOR('',#4996,1.);
#3144=VECTOR('',#4999,1.);
#3145=VECTOR('',#5000,1.);
#3146=VECTOR('',#5001,1.);
#3147=VECTOR('',#5002,1.);
#3148=VECTOR('',#5003,1.);
#3149=VECTOR('',#5004,1.);
#3150=VECTOR('',#5005,1.);
#3151=VECTOR('',#5006,1.);
#3152=VECTOR('',#5007,1.);
#3153=VECTOR('',#5008,1.);
#3154=VECTOR('',#5009,1.);
#3155=VECTOR('',#5010,1.);
#3156=VECTOR('',#5013,1.);
#3157=VECTOR('',#5020,1.);
#3158=VECTOR('',#5021,1.);
#3159=VECTOR('',#5036,1.);
#3160=VECTOR('',#5037,1.);
#3161=VECTOR('',#5038,1.);
#3162=VECTOR('',#5041,1.);
#3163=VECTOR('',#5042,1.);
#3164=VECTOR('',#5045,1.);
#3165=VECTOR('',#5046,1.);
#3166=VECTOR('',#5047,1.);
#3167=VECTOR('',#5050,1.);
#3168=VECTOR('',#5051,1.);
#3169=VECTOR('',#5054,1.);
#3170=VECTOR('',#5055,1.);
#3171=VECTOR('',#5056,1.);
#3172=VECTOR('',#5057,1.);
#3173=VECTOR('',#5060,1.);
#3174=VECTOR('',#5061,1.);
#3175=VECTOR('',#5062,1.);
#3176=VECTOR('',#5065,1.);
#3177=VECTOR('',#5066,1.);
#3178=VECTOR('',#5067,1.);
#3179=VECTOR('',#5068,1.);
#3180=VECTOR('',#5071,1.);
#3181=VECTOR('',#5072,1.);
#3182=VECTOR('',#5073,1.);
#3183=VECTOR('',#5076,1.);
#3184=VECTOR('',#5077,1.);
#3185=VECTOR('',#5078,1.);
#3186=VECTOR('',#5083,1.);
#3187=VECTOR('',#5088,1.);
#3188=VECTOR('',#5097,1.);
#3189=VECTOR('',#5104,1.);
#3190=VECTOR('',#5111,1.);
#3191=VECTOR('',#5122,1.);
#3192=VECTOR('',#5127,1.);
#3193=VECTOR('',#5132,1.);
#3194=VECTOR('',#5133,1.);
#3195=VECTOR('',#5136,1.);
#3196=VECTOR('',#5139,1.);
#3197=VECTOR('',#5144,1.);
#3198=VECTOR('',#5153,1.);
#3199=VECTOR('',#5178,1.);
#3200=VECTOR('',#5179,1.);
#3201=VECTOR('',#5184,1.);
#3202=VECTOR('',#5187,1.);
#3203=VECTOR('',#5192,1.);
#3204=VECTOR('',#5193,1.);
#3205=VECTOR('',#5200,1.);
#3206=VECTOR('',#5201,1.);
#3207=VECTOR('',#5202,1.);
#3208=VECTOR('',#5205,1.);
#3209=VECTOR('',#5206,1.);
#3210=VECTOR('',#5211,1.);
#3211=VECTOR('',#5218,1.);
#3212=VECTOR('',#5219,1.);
#3213=VECTOR('',#5220,1.);
#3214=VECTOR('',#5223,1.);
#3215=VECTOR('',#5224,1.);
#3216=VECTOR('',#5229,1.);
#3217=VECTOR('',#5232,1.);
#3218=VECTOR('',#5237,1.);
#3219=VECTOR('',#5238,1.);
#3220=VECTOR('',#5241,1.);
#3221=VECTOR('',#5242,1.);
#3222=VECTOR('',#5245,1.);
#3223=VECTOR('',#5252,1.);
#3224=VECTOR('',#5253,1.);
#3225=VECTOR('',#5254,1.);
#3226=VECTOR('',#5257,1.);
#3227=VECTOR('',#5260,1.);
#3228=VECTOR('',#5261,1.);
#3229=VECTOR('',#5264,1.);
#3230=VECTOR('',#5265,1.);
#3231=VECTOR('',#5308,1.);
#3232=VECTOR('',#5309,1.);
#3233=VECTOR('',#5312,1.);
#3234=VECTOR('',#5327,1.);
#3235=VECTOR('',#5350,1.);
#3236=VECTOR('',#5353,1.);
#3237=VECTOR('',#5360,1.);
#3238=VECTOR('',#5363,1.);
#3239=VECTOR('',#5370,1.);
#3240=VECTOR('',#5375,1.);
#3241=VECTOR('',#5378,1.);
#3242=VECTOR('',#5381,1.);
#3243=VECTOR('',#5384,1.);
#3244=VECTOR('',#5391,1.);
#3245=VECTOR('',#5394,1.);
#3246=VECTOR('',#5397,1.);
#3247=VECTOR('',#5400,1.);
#3248=VECTOR('',#5401,1.);
#3249=VECTOR('',#5404,1.);
#3250=VECTOR('',#5405,1.);
#3251=VECTOR('',#5408,1.);
#3252=VECTOR('',#5411,1.);
#3253=VECTOR('',#5412,1.);
#3254=VECTOR('',#5413,1.);
#3255=VECTOR('',#5414,1.);
#3256=VECTOR('',#5433,1.);
#3257=VECTOR('',#5436,1.);
#3258=VECTOR('',#5441,1.);
#3259=VECTOR('',#5444,1.);
#3260=VECTOR('',#5447,1.);
#3261=VECTOR('',#5452,1.);
#3262=VECTOR('',#5453,1.);
#3263=VECTOR('',#5454,1.);
#3264=VECTOR('',#5455,1.);
#3265=VECTOR('',#5456,1.);
#3266=VECTOR('',#5457,1.);
#3267=VECTOR('',#5458,1.);
#3268=VECTOR('',#5459,1.);
#3269=VECTOR('',#5460,1.);
#3270=VECTOR('',#5461,1.);
#3271=VECTOR('',#5464,1.);
#3272=VECTOR('',#5465,1.);
#3273=VECTOR('',#5466,1.);
#3274=VECTOR('',#5467,1.);
#3275=VECTOR('',#5470,1.);
#3276=VECTOR('',#5471,1.);
#3277=VECTOR('',#5474,1.);
#3278=VECTOR('',#5477,1.);
#3279=VECTOR('',#5480,1.);
#3280=VECTOR('',#5483,1.);
#3281=VECTOR('',#5484,1.);
#3282=VECTOR('',#5487,1.);
#3283=VECTOR('',#5488,1.);
#3284=VECTOR('',#5491,1.);
#3285=VECTOR('',#5496,1.);
#3286=VECTOR('',#5503,1.);
#3287=VECTOR('',#5504,1.);
#3288=VECTOR('',#5507,1.);
#3289=VECTOR('',#5512,1.);
#3290=VECTOR('',#5515,1.);
#3291=VECTOR('',#5520,1.);
#3292=VECTOR('',#5525,1.);
#3293=VECTOR('',#5528,1.);
#3294=VECTOR('',#5535,1.);
#3295=VECTOR('',#5536,1.);
#3296=VECTOR('',#5537,1.);
#3297=VECTOR('',#5538,1.);
#3298=VECTOR('',#5541,1.);
#3299=VECTOR('',#5542,1.);
#3300=VECTOR('',#5543,1.);
#3301=VECTOR('',#5546,1.);
#3302=VECTOR('',#5547,1.);
#3303=VECTOR('',#5548,1.);
#3304=VECTOR('',#5551,1.);
#3305=VECTOR('',#5552,1.);
#3306=VECTOR('',#5553,1.);
#3307=VECTOR('',#5556,1.);
#3308=VECTOR('',#5557,1.);
#3309=VECTOR('',#5558,1.);
#3310=VECTOR('',#5561,1.);
#3311=VECTOR('',#5562,1.);
#3312=VECTOR('',#5563,1.);
#3313=VECTOR('',#5564,1.);
#3314=VECTOR('',#5567,1.);
#3315=VECTOR('',#5568,1.);
#3316=VECTOR('',#5569,1.);
#3317=VECTOR('',#5572,1.);
#3318=VECTOR('',#5573,1.);
#3319=VECTOR('',#5574,1.);
#3320=VECTOR('',#5577,1.);
#3321=VECTOR('',#5578,1.);
#3322=VECTOR('',#5579,1.);
#3323=VECTOR('',#5582,1.);
#3324=VECTOR('',#5583,1.);
#3325=VECTOR('',#5584,1.);
#3326=VECTOR('',#5587,1.);
#3327=VECTOR('',#5588,1.);
#3328=VECTOR('',#5589,1.);
#3329=VECTOR('',#5592,1.);
#3330=VECTOR('',#5593,1.);
#3331=VECTOR('',#5594,1.);
#3332=VECTOR('',#5597,1.);
#3333=VECTOR('',#5598,1.);
#3334=VECTOR('',#5599,1.);
#3335=VECTOR('',#5602,1.);
#3336=VECTOR('',#5603,1.);
#3337=VECTOR('',#5604,1.);
#3338=VECTOR('',#5607,1.);
#3339=VECTOR('',#5608,1.);
#3340=VECTOR('',#5609,1.);
#3341=VECTOR('',#5612,1.);
#3342=VECTOR('',#5613,1.);
#3343=VECTOR('',#5614,1.);
#3344=VECTOR('',#5617,1.);
#3345=VECTOR('',#5618,1.);
#3346=VECTOR('',#5619,1.);
#3347=VECTOR('',#5620,1.);
#3348=VECTOR('',#5623,1.);
#3349=VECTOR('',#5624,1.);
#3350=VECTOR('',#5625,1.);
#3351=VECTOR('',#5628,1.);
#3352=VECTOR('',#5629,1.);
#3353=VECTOR('',#5630,1.);
#3354=VECTOR('',#5633,1.);
#3355=VECTOR('',#5634,1.);
#3356=VECTOR('',#5635,1.);
#3357=VECTOR('',#5636,1.);
#3358=VECTOR('',#5639,1.);
#3359=VECTOR('',#5640,1.);
#3360=VECTOR('',#5641,1.);
#3361=VECTOR('',#5644,1.);
#3362=VECTOR('',#5645,1.);
#3363=VECTOR('',#5646,1.);
#3364=VECTOR('',#5649,1.);
#3365=VECTOR('',#5650,1.);
#3366=VECTOR('',#5653,1.);
#3367=VECTOR('',#5654,1.);
#3368=VECTOR('',#5657,1.);
#3369=VECTOR('',#5658,1.);
#3370=VECTOR('',#5661,1.);
#3371=VECTOR('',#5662,1.);
#3372=VECTOR('',#5665,1.);
#3373=VECTOR('',#5666,1.);
#3374=VECTOR('',#5667,1.);
#3375=VECTOR('',#5668,1.);
#3376=VECTOR('',#5669,1.);
#3377=VECTOR('',#5670,1.);
#3378=VECTOR('',#5671,1.);
#3379=VECTOR('',#5672,1.);
#3380=VECTOR('',#5673,1.);
#3381=VECTOR('',#5674,1.);
#3382=VECTOR('',#5675,1.);
#3383=VECTOR('',#5676,1.);
#3384=VECTOR('',#5677,1.);
#3385=VECTOR('',#5678,1.);
#3386=VECTOR('',#5679,1.);
#3387=VECTOR('',#5680,1.);
#3388=VECTOR('',#5681,1.);
#3389=VECTOR('',#5682,1.);
#3390=VECTOR('',#5683,1.);
#3391=VECTOR('',#5684,1.);
#3392=VECTOR('',#5685,1.);
#3393=VECTOR('',#5686,1.);
#3394=VECTOR('',#5687,1.);
#3395=VECTOR('',#5688,1.);
#3396=VECTOR('',#5689,1.);
#3397=VECTOR('',#5690,1.);
#3398=EDGE_LOOP('',(#270,#271,#272,#273,#274));
#3399=EDGE_LOOP('',(#275,#276,#277,#278));
#3400=EDGE_LOOP('',(#279,#280,#281,#282,#283));
#3401=EDGE_LOOP('',(#284,#285,#286,#287));
#3402=EDGE_LOOP('',(#288,#289,#290,#291));
#3403=EDGE_LOOP('',(#292,#293,#294,#295));
#3404=EDGE_LOOP('',(#296,#297,#298,#299));
#3405=EDGE_LOOP('',(#300,#301,#302,#303));
#3406=EDGE_LOOP('',(#304,#305,#306,#307,#308,#309,#310,#311));
#3407=EDGE_LOOP('',(#312,#313,#314,#315));
#3408=EDGE_LOOP('',(#316,#317,#318,#319));
#3409=EDGE_LOOP('',(#320,#321,#322,#323,#324));
#3410=EDGE_LOOP('',(#325,#326,#327,#328,#329));
#3411=EDGE_LOOP('',(#330,#331,#332,#333));
#3412=EDGE_LOOP('',(#334,#335,#336,#337,#338,#339,#340));
#3413=EDGE_LOOP('',(#341,#342,#343,#344));
#3414=EDGE_LOOP('',(#345,#346,#347,#348,#349,#350,#351));
#3415=EDGE_LOOP('',(#352,#353,#354,#355));
#3416=EDGE_LOOP('',(#356,#357,#358,#359,#360,#361,#362,#363,#364,#365));
#3417=EDGE_LOOP('',(#366,#367,#368,#369));
#3418=EDGE_LOOP('',(#370,#371,#372));
#3419=EDGE_LOOP('',(#373,#374,#375,#376,#377,#378,#379,#380,#381,#382,#383,
#384));
#3420=EDGE_LOOP('',(#385,#386,#387));
#3421=EDGE_LOOP('',(#388,#389,#390,#391,#392,#393,#394,#395,#396,#397,#398));
#3422=EDGE_LOOP('',(#399,#400,#401,#402));
#3423=EDGE_LOOP('',(#403,#404,#405,#406,#407,#408,#409,#410,#411));
#3424=EDGE_LOOP('',(#412,#413,#414,#415,#416,#417,#418,#419));
#3425=EDGE_LOOP('',(#420,#421,#422,#423,#424,#425,#426,#427,#428,#429,#430,
#431,#432,#433,#434,#435,#436,#437,#438));
#3426=EDGE_LOOP('',(#439,#440,#441,#442,#443,#444,#445,#446,#447,#448));
#3427=EDGE_LOOP('',(#449,#450,#451,#452,#453,#454));
#3428=EDGE_LOOP('',(#455,#456,#457,#458,#459,#460));
#3429=EDGE_LOOP('',(#461,#462,#463,#464,#465));
#3430=EDGE_LOOP('',(#466,#467,#468,#469));
#3431=EDGE_LOOP('',(#470,#471,#472,#473));
#3432=EDGE_LOOP('',(#474,#475,#476,#477,#478,#479,#480,#481,#482));
#3433=EDGE_LOOP('',(#483,#484,#485,#486,#487,#488,#489,#490));
#3434=EDGE_LOOP('',(#491,#492,#493,#494));
#3435=EDGE_LOOP('',(#495,#496,#497,#498));
#3436=EDGE_LOOP('',(#499,#500,#501,#502));
#3437=EDGE_LOOP('',(#503,#504,#505,#506));
#3438=EDGE_LOOP('',(#507,#508,#509,#510,#511,#512,#513,#514));
#3439=EDGE_LOOP('',(#515,#516,#517,#518,#519,#520));
#3440=EDGE_LOOP('',(#521,#522,#523,#524,#525,#526,#527,#528,#529,#530,#531,
#532,#533,#534,#535,#536,#537,#538));
#3441=EDGE_LOOP('',(#539,#540,#541,#542));
#3442=EDGE_LOOP('',(#543,#544,#545,#546));
#3443=EDGE_LOOP('',(#547,#548,#549,#550));
#3444=EDGE_LOOP('',(#551,#552,#553,#554));
#3445=EDGE_LOOP('',(#555,#556,#557,#558));
#3446=EDGE_LOOP('',(#559,#560,#561,#562,#563,#564,#565,#566));
#3447=EDGE_LOOP('',(#567,#568,#569,#570,#571,#572,#573,#574));
#3448=EDGE_LOOP('',(#575,#576,#577,#578));
#3449=EDGE_LOOP('',(#579,#580,#581,#582,#583,#584));
#3450=EDGE_LOOP('',(#585,#586,#587,#588,#589,#590,#591,#592,#593,#594,#595,
#596));
#3451=EDGE_LOOP('',(#597,#598,#599,#600));
#3452=EDGE_LOOP('',(#601,#602,#603,#604,#605,#606,#607,#608,#609,#610,#611,
#612,#613,#614));
#3453=EDGE_LOOP('',(#615,#616,#617,#618));
#3454=EDGE_LOOP('',(#619,#620,#621,#622,#623,#624,#625,#626,#627));
#3455=EDGE_LOOP('',(#628,#629,#630,#631));
#3456=EDGE_LOOP('',(#632,#633,#634,#635));
#3457=EDGE_LOOP('',(#636,#637,#638,#639));
#3458=EDGE_LOOP('',(#640,#641,#642,#643));
#3459=EDGE_LOOP('',(#644,#645,#646,#647));
#3460=EDGE_LOOP('',(#648,#649,#650,#651));
#3461=EDGE_LOOP('',(#652,#653,#654,#655));
#3462=EDGE_LOOP('',(#656,#657,#658,#659));
#3463=EDGE_LOOP('',(#660,#661,#662,#663));
#3464=EDGE_LOOP('',(#664,#665,#666,#667));
#3465=EDGE_LOOP('',(#668,#669,#670,#671));
#3466=EDGE_LOOP('',(#672,#673,#674,#675));
#3467=EDGE_LOOP('',(#676,#677,#678,#679,#680,#681,#682));
#3468=EDGE_LOOP('',(#683,#684,#685,#686,#687,#688,#689));
#3469=EDGE_LOOP('',(#690,#691,#692,#693));
#3470=EDGE_LOOP('',(#694,#695,#696,#697,#698,#699,#700));
#3471=EDGE_LOOP('',(#701,#702,#703,#704,#705,#706,#707));
#3472=EDGE_LOOP('',(#708,#709,#710,#711));
#3473=EDGE_LOOP('',(#712,#713,#714,#715,#716,#717,#718));
#3474=EDGE_LOOP('',(#719,#720,#721,#722));
#3475=EDGE_LOOP('',(#723,#724,#725,#726));
#3476=EDGE_LOOP('',(#727,#728,#729,#730));
#3477=EDGE_LOOP('',(#731,#732,#733,#734));
#3478=EDGE_LOOP('',(#735,#736,#737,#738));
#3479=EDGE_LOOP('',(#739,#740,#741,#742));
#3480=EDGE_LOOP('',(#743,#744,#745,#746));
#3481=EDGE_LOOP('',(#747,#748,#749,#750));
#3482=EDGE_LOOP('',(#751,#752,#753,#754));
#3483=EDGE_LOOP('',(#755,#756,#757,#758,#759,#760));
#3484=EDGE_LOOP('',(#761,#762,#763,#764,#765,#766));
#3485=EDGE_LOOP('',(#767,#768,#769,#770));
#3486=EDGE_LOOP('',(#771,#772,#773,#774));
#3487=EDGE_LOOP('',(#775,#776,#777,#778));
#3488=EDGE_LOOP('',(#779,#780,#781,#782));
#3489=EDGE_LOOP('',(#783,#784,#785,#786));
#3490=EDGE_LOOP('',(#787,#788,#789,#790));
#3491=EDGE_LOOP('',(#791,#792,#793,#794));
#3492=EDGE_LOOP('',(#795,#796,#797,#798));
#3493=EDGE_LOOP('',(#799,#800,#801,#802));
#3494=EDGE_LOOP('',(#803,#804,#805,#806,#807));
#3495=EDGE_LOOP('',(#808,#809,#810,#811,#812));
#3496=EDGE_LOOP('',(#813,#814,#815,#816,#817));
#3497=EDGE_LOOP('',(#818,#819,#820,#821,#822));
#3498=EDGE_LOOP('',(#823,#824,#825,#826,#827));
#3499=EDGE_LOOP('',(#828,#829,#830,#831,#832));
#3500=EDGE_LOOP('',(#833,#834,#835,#836,#837));
#3501=EDGE_LOOP('',(#838,#839,#840,#841,#842));
#3502=EDGE_LOOP('',(#843,#844,#845,#846,#847));
#3503=EDGE_LOOP('',(#848,#849,#850,#851,#852));
#3504=EDGE_LOOP('',(#853,#854,#855,#856));
#3505=EDGE_LOOP('',(#857,#858,#859,#860,#861,#862,#863,#864));
#3506=EDGE_LOOP('',(#865,#866,#867,#868,#869,#870,#871,#872));
#3507=EDGE_LOOP('',(#873,#874,#875,#876,#877,#878,#879,#880));
#3508=EDGE_LOOP('',(#881,#882,#883,#884,#885,#886,#887,#888));
#3509=EDGE_LOOP('',(#889,#890,#891,#892));
#3510=EDGE_LOOP('',(#893,#894,#895,#896,#897));
#3511=EDGE_LOOP('',(#898,#899,#900,#901));
#3512=EDGE_LOOP('',(#902,#903,#904,#905));
#3513=EDGE_LOOP('',(#906,#907,#908,#909));
#3514=EDGE_LOOP('',(#910,#911,#912,#913,#914));
#3515=EDGE_LOOP('',(#915,#916,#917,#918));
#3516=EDGE_LOOP('',(#919,#920,#921,#922));
#3517=EDGE_LOOP('',(#923,#924,#925,#926));
#3518=EDGE_LOOP('',(#927,#928,#929,#930));
#3519=EDGE_LOOP('',(#931,#932,#933,#934));
#3520=EDGE_LOOP('',(#935,#936,#937,#938));
#3521=EDGE_LOOP('',(#939,#940,#941,#942));
#3522=EDGE_LOOP('',(#943,#944,#945,#946));
#3523=EDGE_LOOP('',(#947,#948,#949,#950));
#3524=EDGE_LOOP('',(#951,#952,#953,#954,#955));
#3525=EDGE_LOOP('',(#956,#957,#958,#959,#960));
#3526=EDGE_LOOP('',(#961,#962,#963,#964));
#3527=EDGE_LOOP('',(#965,#966,#967,#968));
#3528=EDGE_LOOP('',(#969,#970,#971,#972,#973));
#3529=EDGE_LOOP('',(#974,#975,#976,#977,#978));
#3530=EDGE_LOOP('',(#979,#980,#981,#982));
#3531=EDGE_LOOP('',(#983,#984,#985,#986));
#3532=EDGE_LOOP('',(#987,#988,#989,#990,#991));
#3533=EDGE_LOOP('',(#992,#993,#994,#995));
#3534=EDGE_LOOP('',(#996,#997,#998,#999,#1000,#1001));
#3535=EDGE_LOOP('',(#1002,#1003,#1004,#1005,#1006,#1007));
#3536=EDGE_LOOP('',(#1008,#1009,#1010,#1011,#1012,#1013));
#3537=EDGE_LOOP('',(#1014,#1015,#1016,#1017,#1018,#1019));
#3538=EDGE_LOOP('',(#1020,#1021,#1022,#1023,#1024,#1025));
#3539=EDGE_LOOP('',(#1026,#1027,#1028,#1029,#1030,#1031));
#3540=EDGE_LOOP('',(#1032,#1033,#1034,#1035,#1036,#1037));
#3541=EDGE_LOOP('',(#1038,#1039,#1040,#1041,#1042,#1043));
#3542=EDGE_LOOP('',(#1044,#1045,#1046,#1047,#1048,#1049,#1050));
#3543=EDGE_LOOP('',(#1051,#1052,#1053,#1054));
#3544=EDGE_LOOP('',(#1055,#1056,#1057,#1058));
#3545=EDGE_LOOP('',(#1059,#1060,#1061,#1062));
#3546=EDGE_LOOP('',(#1063,#1064,#1065,#1066));
#3547=EDGE_LOOP('',(#1067,#1068,#1069,#1070));
#3548=EDGE_LOOP('',(#1071,#1072,#1073,#1074));
#3549=EDGE_LOOP('',(#1075,#1076,#1077,#1078));
#3550=EDGE_LOOP('',(#1079,#1080,#1081,#1082));
#3551=EDGE_LOOP('',(#1083,#1084,#1085,#1086));
#3552=EDGE_LOOP('',(#1087,#1088,#1089,#1090));
#3553=EDGE_LOOP('',(#1091,#1092,#1093,#1094));
#3554=EDGE_LOOP('',(#1095,#1096,#1097,#1098));
#3555=EDGE_LOOP('',(#1099,#1100,#1101,#1102,#1103,#1104,#1105,#1106,#1107,
#1108,#1109));
#3556=EDGE_LOOP('',(#1110,#1111,#1112,#1113,#1114));
#3557=EDGE_LOOP('',(#1115,#1116,#1117,#1118));
#3558=EDGE_LOOP('',(#1119,#1120,#1121,#1122,#1123,#1124,#1125,#1126,#1127,
#1128));
#3559=EDGE_LOOP('',(#1129,#1130,#1131,#1132,#1133,#1134,#1135,#1136,#1137));
#3560=EDGE_LOOP('',(#1138,#1139,#1140,#1141));
#3561=EDGE_LOOP('',(#1142,#1143,#1144,#1145));
#3562=EDGE_LOOP('',(#1146,#1147,#1148,#1149,#1150,#1151,#1152,#1153,#1154,
#1155,#1156,#1157));
#3563=EDGE_LOOP('',(#1158,#1159,#1160,#1161,#1162));
#3564=EDGE_LOOP('',(#1163,#1164,#1165));
#3565=EDGE_LOOP('',(#1166,#1167,#1168));
#3566=EDGE_LOOP('',(#1169,#1170,#1171,#1172));
#3567=EDGE_LOOP('',(#1173,#1174,#1175,#1176));
#3568=EDGE_LOOP('',(#1177,#1178,#1179,#1180));
#3569=EDGE_LOOP('',(#1181,#1182,#1183,#1184));
#3570=EDGE_LOOP('',(#1185,#1186,#1187,#1188,#1189));
#3571=EDGE_LOOP('',(#1190,#1191,#1192,#1193));
#3572=EDGE_LOOP('',(#1194,#1195,#1196,#1197));
#3573=EDGE_LOOP('',(#1198,#1199,#1200,#1201,#1202,#1203));
#3574=EDGE_LOOP('',(#1204,#1205,#1206,#1207,#1208,#1209));
#3575=EDGE_LOOP('',(#1210,#1211,#1212,#1213));
#3576=EDGE_LOOP('',(#1214,#1215,#1216,#1217));
#3577=EDGE_LOOP('',(#1218,#1219,#1220));
#3578=EDGE_LOOP('',(#1221,#1222,#1223));
#3579=EDGE_LOOP('',(#1224,#1225,#1226,#1227,#1228,#1229,#1230,#1231));
#3580=EDGE_LOOP('',(#1232,#1233,#1234,#1235));
#3581=EDGE_LOOP('',(#1236,#1237,#1238,#1239));
#3582=EDGE_LOOP('',(#1240,#1241,#1242,#1243));
#3583=EDGE_LOOP('',(#1244,#1245,#1246,#1247));
#3584=EDGE_LOOP('',(#1248,#1249,#1250,#1251));
#3585=EDGE_LOOP('',(#1252,#1253,#1254,#1255));
#3586=EDGE_LOOP('',(#1256,#1257,#1258,#1259));
#3587=EDGE_LOOP('',(#1260,#1261,#1262,#1263));
#3588=EDGE_LOOP('',(#1264,#1265,#1266,#1267));
#3589=EDGE_LOOP('',(#1268,#1269,#1270,#1271));
#3590=EDGE_LOOP('',(#1272,#1273,#1274,#1275));
#3591=EDGE_LOOP('',(#1276,#1277,#1278,#1279));
#3592=EDGE_LOOP('',(#1280,#1281,#1282,#1283));
#3593=EDGE_LOOP('',(#1284,#1285,#1286,#1287));
#3594=EDGE_LOOP('',(#1288,#1289,#1290,#1291));
#3595=EDGE_LOOP('',(#1292,#1293,#1294,#1295));
#3596=EDGE_LOOP('',(#1296,#1297,#1298,#1299));
#3597=EDGE_LOOP('',(#1300,#1301,#1302,#1303));
#3598=EDGE_LOOP('',(#1304,#1305,#1306,#1307));
#3599=EDGE_LOOP('',(#1308,#1309,#1310,#1311));
#3600=EDGE_LOOP('',(#1312,#1313,#1314,#1315));
#3601=EDGE_LOOP('',(#1316,#1317,#1318,#1319));
#3602=EDGE_LOOP('',(#1320,#1321,#1322,#1323));
#3603=EDGE_LOOP('',(#1324,#1325,#1326,#1327));
#3604=EDGE_LOOP('',(#1328,#1329,#1330,#1331));
#3605=EDGE_LOOP('',(#1332,#1333,#1334,#1335));
#3606=EDGE_LOOP('',(#1336,#1337,#1338,#1339,#1340,#1341));
#3607=EDGE_LOOP('',(#1342,#1343,#1344,#1345));
#3608=EDGE_LOOP('',(#1346,#1347,#1348,#1349));
#3609=EDGE_LOOP('',(#1350,#1351,#1352,#1353,#1354,#1355,#1356,#1357,#1358,
#1359,#1360,#1361));
#3610=EDGE_LOOP('',(#1362,#1363,#1364,#1365));
#3611=EDGE_LOOP('',(#1366,#1367,#1368,#1369));
#3612=EDGE_LOOP('',(#1370,#1371,#1372,#1373,#1374,#1375,#1376,#1377,#1378,
#1379,#1380,#1381));
#3613=EDGE_LOOP('',(#1382,#1383,#1384,#1385,#1386,#1387));
#3614=EDGE_LOOP('',(#1388,#1389,#1390,#1391));
#3615=EDGE_LOOP('',(#1392,#1393,#1394,#1395));
#3616=EDGE_LOOP('',(#1396,#1397,#1398,#1399));
#3617=EDGE_LOOP('',(#1400,#1401,#1402,#1403));
#3618=EDGE_LOOP('',(#1404,#1405,#1406,#1407));
#3619=EDGE_LOOP('',(#1408,#1409,#1410,#1411));
#3620=EDGE_LOOP('',(#1412,#1413,#1414,#1415));
#3621=EDGE_LOOP('',(#1416,#1417,#1418,#1419));
#3622=EDGE_LOOP('',(#1420,#1421,#1422,#1423));
#3623=EDGE_LOOP('',(#1424,#1425,#1426,#1427));
#3624=EDGE_LOOP('',(#1428,#1429,#1430,#1431));
#3625=EDGE_LOOP('',(#1432,#1433,#1434,#1435));
#3626=EDGE_LOOP('',(#1436,#1437,#1438,#1439));
#3627=EDGE_LOOP('',(#1440,#1441,#1442,#1443));
#3628=EDGE_LOOP('',(#1444,#1445,#1446,#1447));
#3629=EDGE_LOOP('',(#1448,#1449,#1450,#1451));
#3630=EDGE_LOOP('',(#1452,#1453,#1454,#1455));
#3631=EDGE_LOOP('',(#1456,#1457,#1458,#1459));
#3632=EDGE_LOOP('',(#1460,#1461,#1462,#1463));
#3633=EDGE_LOOP('',(#1464,#1465,#1466,#1467));
#3634=EDGE_LOOP('',(#1468,#1469,#1470,#1471));
#3635=EDGE_LOOP('',(#1472,#1473,#1474,#1475));
#3636=EDGE_LOOP('',(#1476,#1477,#1478,#1479));
#3637=EDGE_LOOP('',(#1480,#1481,#1482,#1483));
#3638=EDGE_LOOP('',(#1484,#1485,#1486,#1487));
#3639=EDGE_LOOP('',(#1488,#1489,#1490,#1491));
#3640=FACE_BOUND('',#3398,.T.);
#3641=FACE_BOUND('',#3399,.T.);
#3642=FACE_BOUND('',#3400,.T.);
#3643=FACE_BOUND('',#3401,.T.);
#3644=FACE_BOUND('',#3402,.T.);
#3645=FACE_BOUND('',#3403,.T.);
#3646=FACE_BOUND('',#3404,.T.);
#3647=FACE_BOUND('',#3405,.T.);
#3648=FACE_BOUND('',#3406,.T.);
#3649=FACE_BOUND('',#3407,.T.);
#3650=FACE_BOUND('',#3408,.T.);
#3651=FACE_BOUND('',#3409,.T.);
#3652=FACE_BOUND('',#3410,.T.);
#3653=FACE_BOUND('',#3411,.T.);
#3654=FACE_BOUND('',#3412,.T.);
#3655=FACE_BOUND('',#3413,.T.);
#3656=FACE_BOUND('',#3414,.T.);
#3657=FACE_BOUND('',#3415,.T.);
#3658=FACE_BOUND('',#3416,.T.);
#3659=FACE_BOUND('',#3417,.T.);
#3660=FACE_BOUND('',#3418,.T.);
#3661=FACE_BOUND('',#3419,.T.);
#3662=FACE_BOUND('',#3420,.T.);
#3663=FACE_BOUND('',#3421,.T.);
#3664=FACE_BOUND('',#3422,.T.);
#3665=FACE_BOUND('',#3423,.T.);
#3666=FACE_BOUND('',#3424,.T.);
#3667=FACE_BOUND('',#3425,.T.);
#3668=FACE_BOUND('',#3426,.T.);
#3669=FACE_BOUND('',#3427,.T.);
#3670=FACE_BOUND('',#3428,.T.);
#3671=FACE_BOUND('',#3429,.T.);
#3672=FACE_BOUND('',#3430,.T.);
#3673=FACE_BOUND('',#3431,.T.);
#3674=FACE_BOUND('',#3432,.T.);
#3675=FACE_BOUND('',#3433,.T.);
#3676=FACE_BOUND('',#3434,.T.);
#3677=FACE_BOUND('',#3435,.T.);
#3678=FACE_BOUND('',#3436,.T.);
#3679=FACE_BOUND('',#3437,.T.);
#3680=FACE_BOUND('',#3438,.T.);
#3681=FACE_BOUND('',#3439,.T.);
#3682=FACE_BOUND('',#3440,.T.);
#3683=FACE_BOUND('',#3441,.T.);
#3684=FACE_BOUND('',#3442,.T.);
#3685=FACE_BOUND('',#3443,.T.);
#3686=FACE_BOUND('',#3444,.T.);
#3687=FACE_BOUND('',#3445,.T.);
#3688=FACE_BOUND('',#3446,.T.);
#3689=FACE_BOUND('',#3447,.T.);
#3690=FACE_BOUND('',#3448,.T.);
#3691=FACE_BOUND('',#3449,.T.);
#3692=FACE_BOUND('',#3450,.T.);
#3693=FACE_BOUND('',#3451,.T.);
#3694=FACE_BOUND('',#3452,.T.);
#3695=FACE_BOUND('',#3453,.T.);
#3696=FACE_BOUND('',#3454,.T.);
#3697=FACE_BOUND('',#3455,.T.);
#3698=FACE_BOUND('',#3456,.T.);
#3699=FACE_BOUND('',#3457,.T.);
#3700=FACE_BOUND('',#3458,.T.);
#3701=FACE_BOUND('',#3459,.T.);
#3702=FACE_BOUND('',#3460,.T.);
#3703=FACE_BOUND('',#3461,.T.);
#3704=FACE_BOUND('',#3462,.T.);
#3705=FACE_BOUND('',#3463,.T.);
#3706=FACE_BOUND('',#3464,.T.);
#3707=FACE_BOUND('',#3465,.T.);
#3708=FACE_BOUND('',#3466,.T.);
#3709=FACE_BOUND('',#3467,.T.);
#3710=FACE_BOUND('',#3468,.T.);
#3711=FACE_BOUND('',#3469,.T.);
#3712=FACE_BOUND('',#3470,.T.);
#3713=FACE_BOUND('',#3471,.T.);
#3714=FACE_BOUND('',#3472,.T.);
#3715=FACE_BOUND('',#3473,.T.);
#3716=FACE_BOUND('',#3474,.T.);
#3717=FACE_BOUND('',#3475,.T.);
#3718=FACE_BOUND('',#3476,.T.);
#3719=FACE_BOUND('',#3477,.T.);
#3720=FACE_BOUND('',#3478,.T.);
#3721=FACE_BOUND('',#3479,.T.);
#3722=FACE_BOUND('',#3480,.T.);
#3723=FACE_BOUND('',#3481,.T.);
#3724=FACE_BOUND('',#3482,.T.);
#3725=FACE_BOUND('',#3483,.T.);
#3726=FACE_BOUND('',#3484,.T.);
#3727=FACE_BOUND('',#3485,.T.);
#3728=FACE_BOUND('',#3486,.T.);
#3729=FACE_BOUND('',#3487,.T.);
#3730=FACE_BOUND('',#3488,.T.);
#3731=FACE_BOUND('',#3489,.T.);
#3732=FACE_BOUND('',#3490,.T.);
#3733=FACE_BOUND('',#3491,.T.);
#3734=FACE_BOUND('',#3492,.T.);
#3735=FACE_BOUND('',#3493,.T.);
#3736=FACE_BOUND('',#3494,.T.);
#3737=FACE_BOUND('',#3495,.T.);
#3738=FACE_BOUND('',#3496,.T.);
#3739=FACE_BOUND('',#3497,.T.);
#3740=FACE_BOUND('',#3498,.T.);
#3741=FACE_BOUND('',#3499,.T.);
#3742=FACE_BOUND('',#3500,.T.);
#3743=FACE_BOUND('',#3501,.T.);
#3744=FACE_BOUND('',#3502,.T.);
#3745=FACE_BOUND('',#3503,.T.);
#3746=FACE_BOUND('',#3504,.T.);
#3747=FACE_BOUND('',#3505,.T.);
#3748=FACE_BOUND('',#3506,.T.);
#3749=FACE_BOUND('',#3507,.T.);
#3750=FACE_BOUND('',#3508,.T.);
#3751=FACE_BOUND('',#3509,.T.);
#3752=FACE_BOUND('',#3510,.T.);
#3753=FACE_BOUND('',#3511,.T.);
#3754=FACE_BOUND('',#3512,.T.);
#3755=FACE_BOUND('',#3513,.T.);
#3756=FACE_BOUND('',#3514,.T.);
#3757=FACE_BOUND('',#3515,.T.);
#3758=FACE_BOUND('',#3516,.T.);
#3759=FACE_BOUND('',#3517,.T.);
#3760=FACE_BOUND('',#3518,.T.);
#3761=FACE_BOUND('',#3519,.T.);
#3762=FACE_BOUND('',#3520,.T.);
#3763=FACE_BOUND('',#3521,.T.);
#3764=FACE_BOUND('',#3522,.T.);
#3765=FACE_BOUND('',#3523,.T.);
#3766=FACE_BOUND('',#3524,.T.);
#3767=FACE_BOUND('',#3525,.T.);
#3768=FACE_BOUND('',#3526,.T.);
#3769=FACE_BOUND('',#3527,.T.);
#3770=FACE_BOUND('',#3528,.T.);
#3771=FACE_BOUND('',#3529,.T.);
#3772=FACE_BOUND('',#3530,.T.);
#3773=FACE_BOUND('',#3531,.T.);
#3774=FACE_BOUND('',#3532,.T.);
#3775=FACE_BOUND('',#3533,.T.);
#3776=FACE_BOUND('',#3534,.T.);
#3777=FACE_BOUND('',#3535,.T.);
#3778=FACE_BOUND('',#3536,.T.);
#3779=FACE_BOUND('',#3537,.T.);
#3780=FACE_BOUND('',#3538,.T.);
#3781=FACE_BOUND('',#3539,.T.);
#3782=FACE_BOUND('',#3540,.T.);
#3783=FACE_BOUND('',#3541,.T.);
#3784=FACE_BOUND('',#3542,.T.);
#3785=FACE_BOUND('',#3543,.T.);
#3786=FACE_BOUND('',#3544,.T.);
#3787=FACE_BOUND('',#3545,.T.);
#3788=FACE_BOUND('',#3546,.T.);
#3789=FACE_BOUND('',#3547,.T.);
#3790=FACE_BOUND('',#3548,.T.);
#3791=FACE_BOUND('',#3549,.T.);
#3792=FACE_BOUND('',#3550,.T.);
#3793=FACE_BOUND('',#3551,.T.);
#3794=FACE_BOUND('',#3552,.T.);
#3795=FACE_BOUND('',#3553,.T.);
#3796=FACE_BOUND('',#3554,.T.);
#3797=FACE_BOUND('',#3555,.T.);
#3798=FACE_BOUND('',#3556,.T.);
#3799=FACE_BOUND('',#3557,.T.);
#3800=FACE_BOUND('',#3558,.T.);
#3801=FACE_BOUND('',#3559,.T.);
#3802=FACE_BOUND('',#3560,.T.);
#3803=FACE_BOUND('',#3561,.T.);
#3804=FACE_BOUND('',#3562,.T.);
#3805=FACE_BOUND('',#3563,.T.);
#3806=FACE_BOUND('',#3564,.T.);
#3807=FACE_BOUND('',#3565,.T.);
#3808=FACE_BOUND('',#3566,.T.);
#3809=FACE_BOUND('',#3567,.T.);
#3810=FACE_BOUND('',#3568,.T.);
#3811=FACE_BOUND('',#3569,.T.);
#3812=FACE_BOUND('',#3570,.T.);
#3813=FACE_BOUND('',#3571,.T.);
#3814=FACE_BOUND('',#3572,.T.);
#3815=FACE_BOUND('',#3573,.T.);
#3816=FACE_BOUND('',#3574,.T.);
#3817=FACE_BOUND('',#3575,.T.);
#3818=FACE_BOUND('',#3576,.T.);
#3819=FACE_BOUND('',#3577,.T.);
#3820=FACE_BOUND('',#3578,.T.);
#3821=FACE_BOUND('',#3579,.T.);
#3822=FACE_BOUND('',#3580,.T.);
#3823=FACE_BOUND('',#3581,.T.);
#3824=FACE_BOUND('',#3582,.T.);
#3825=FACE_BOUND('',#3583,.T.);
#3826=FACE_BOUND('',#3584,.T.);
#3827=FACE_BOUND('',#3585,.T.);
#3828=FACE_BOUND('',#3586,.T.);
#3829=FACE_BOUND('',#3587,.T.);
#3830=FACE_BOUND('',#3588,.T.);
#3831=FACE_BOUND('',#3589,.T.);
#3832=FACE_BOUND('',#3590,.T.);
#3833=FACE_BOUND('',#3591,.T.);
#3834=FACE_BOUND('',#3592,.T.);
#3835=FACE_BOUND('',#3593,.T.);
#3836=FACE_BOUND('',#3594,.T.);
#3837=FACE_BOUND('',#3595,.T.);
#3838=FACE_BOUND('',#3596,.T.);
#3839=FACE_BOUND('',#3597,.T.);
#3840=FACE_BOUND('',#3598,.T.);
#3841=FACE_BOUND('',#3599,.T.);
#3842=FACE_BOUND('',#3600,.T.);
#3843=FACE_BOUND('',#3601,.T.);
#3844=FACE_BOUND('',#3602,.T.);
#3845=FACE_BOUND('',#3603,.T.);
#3846=FACE_BOUND('',#3604,.T.);
#3847=FACE_BOUND('',#3605,.T.);
#3848=FACE_BOUND('',#3606,.T.);
#3849=FACE_BOUND('',#3607,.T.);
#3850=FACE_BOUND('',#3608,.T.);
#3851=FACE_BOUND('',#3609,.T.);
#3852=FACE_BOUND('',#3610,.T.);
#3853=FACE_BOUND('',#3611,.T.);
#3854=FACE_BOUND('',#3612,.T.);
#3855=FACE_BOUND('',#3613,.T.);
#3856=FACE_BOUND('',#3614,.T.);
#3857=FACE_BOUND('',#3615,.T.);
#3858=FACE_BOUND('',#3616,.T.);
#3859=FACE_BOUND('',#3617,.T.);
#3860=FACE_BOUND('',#3618,.T.);
#3861=FACE_BOUND('',#3619,.T.);
#3862=FACE_BOUND('',#3620,.T.);
#3863=FACE_BOUND('',#3621,.T.);
#3864=FACE_BOUND('',#3622,.T.);
#3865=FACE_BOUND('',#3623,.T.);
#3866=FACE_BOUND('',#3624,.T.);
#3867=FACE_BOUND('',#3625,.T.);
#3868=FACE_BOUND('',#3626,.T.);
#3869=FACE_BOUND('',#3627,.T.);
#3870=FACE_BOUND('',#3628,.T.);
#3871=FACE_BOUND('',#3629,.T.);
#3872=FACE_BOUND('',#3630,.T.);
#3873=FACE_BOUND('',#3631,.T.);
#3874=FACE_BOUND('',#3632,.T.);
#3875=FACE_BOUND('',#3633,.T.);
#3876=FACE_BOUND('',#3634,.T.);
#3877=FACE_BOUND('',#3635,.T.);
#3878=FACE_BOUND('',#3636,.T.);
#3879=FACE_BOUND('',#3637,.T.);
#3880=FACE_BOUND('',#3638,.T.);
#3881=FACE_BOUND('',#3639,.T.);
#3882=PLANE('',#4290);
#3883=PLANE('',#4292);
#3884=PLANE('',#4293);
#3885=PLANE('',#4295);
#3886=PLANE('',#4296);
#3887=PLANE('',#4297);
#3888=PLANE('',#4300);
#3889=PLANE('',#4301);
#3890=PLANE('',#4302);
#3891=PLANE('',#4303);
#3892=PLANE('',#4304);
#3893=PLANE('',#4305);
#3894=PLANE('',#4306);
#3895=PLANE('',#4307);
#3896=PLANE('',#4308);
#3897=PLANE('',#4310);
#3898=PLANE('',#4311);
#3899=PLANE('',#4315);
#3900=PLANE('',#4316);
#3901=PLANE('',#4319);
#3902=PLANE('',#4328);
#3903=PLANE('',#4329);
#3904=PLANE('',#4331);
#3905=PLANE('',#4334);
#3906=PLANE('',#4342);
#3907=PLANE('',#4343);
#3908=PLANE('',#4344);
#3909=PLANE('',#4348);
#3910=PLANE('',#4351);
#3911=PLANE('',#4352);
#3912=PLANE('',#4353);
#3913=PLANE('',#4354);
#3914=PLANE('',#4355);
#3915=PLANE('',#4358);
#3916=PLANE('',#4360);
#3917=PLANE('',#4361);
#3918=PLANE('',#4362);
#3919=PLANE('',#4364);
#3920=PLANE('',#4367);
#3921=PLANE('',#4368);
#3922=PLANE('',#4369);
#3923=PLANE('',#4370);
#3924=PLANE('',#4379);
#3925=PLANE('',#4380);
#3926=PLANE('',#4381);
#3927=PLANE('',#4382);
#3928=PLANE('',#4383);
#3929=PLANE('',#4384);
#3930=PLANE('',#4385);
#3931=PLANE('',#4386);
#3932=PLANE('',#4387);
#3933=PLANE('',#4388);
#3934=PLANE('',#4389);
#3935=PLANE('',#4390);
#3936=PLANE('',#4393);
#3937=PLANE('',#4396);
#3938=PLANE('',#4397);
#3939=PLANE('',#4400);
#3940=PLANE('',#4403);
#3941=PLANE('',#4404);
#3942=PLANE('',#4407);
#3943=PLANE('',#4408);
#3944=PLANE('',#4409);
#3945=PLANE('',#4414);
#3946=PLANE('',#4430);
#3947=PLANE('',#4433);
#3948=PLANE('',#4436);
#3949=PLANE('',#4439);
#3950=PLANE('',#4442);
#3951=PLANE('',#4445);
#3952=PLANE('',#4448);
#3953=PLANE('',#4451);
#3954=PLANE('',#4453);
#3955=PLANE('',#4456);
#3956=PLANE('',#4458);
#3957=PLANE('',#4459);
#3958=PLANE('',#4464);
#3959=PLANE('',#4469);
#3960=PLANE('',#4474);
#3961=PLANE('',#4479);
#3962=PLANE('',#4517);
#3963=PLANE('',#4518);
#3964=PLANE('',#4519);
#3965=PLANE('',#4520);
#3966=PLANE('',#4529);
#3967=PLANE('',#4530);
#3968=PLANE('',#4531);
#3969=PLANE('',#4533);
#3970=PLANE('',#4534);
#3971=PLANE('',#4536);
#3972=PLANE('',#4537);
#3973=PLANE('',#4538);
#3974=PLANE('',#4539);
#3975=PLANE('',#4540);
#3976=PLANE('',#4541);
#3977=PLANE('',#4542);
#3978=PLANE('',#4543);
#3979=PLANE('',#4544);
#3980=PLANE('',#4545);
#3981=PLANE('',#4546);
#3982=PLANE('',#4548);
#3983=PLANE('',#4555);
#3984=PLANE('',#4556);
#3985=PLANE('',#4557);
#3986=PLANE('',#4558);
#3987=PLANE('',#4559);
#3988=PLANE('',#4561);
#3989=PLANE('',#4562);
#3990=PLANE('',#4563);
#3991=PLANE('',#4564);
#3992=PLANE('',#4565);
#3993=PLANE('',#4566);
#3994=PLANE('',#4567);
#3995=PLANE('',#4568);
#3996=PLANE('',#4569);
#3997=PLANE('',#4570);
#3998=PLANE('',#4571);
#3999=PLANE('',#4572);
#4000=PLANE('',#4573);
#4001=PLANE('',#4574);
#4002=PLANE('',#4575);
#4003=PLANE('',#4576);
#4004=PLANE('',#4577);
#4005=PLANE('',#4578);
#4006=PLANE('',#4579);
#4007=PLANE('',#4580);
#4008=PLANE('',#4581);
#4009=PLANE('',#4582);
#4010=PLANE('',#4583);
#4011=PLANE('',#4584);
#4012=PLANE('',#4585);
#4013=PLANE('',#4586);
#4014=PLANE('',#4587);
#4015=PLANE('',#4588);
#4016=ADVANCED_FACE('',(#3640),#3882,.F.);
#4017=ADVANCED_FACE('',(#3641),#3883,.F.);
#4018=ADVANCED_FACE('',(#3642),#3884,.F.);
#4019=ADVANCED_FACE('',(#3643),#3885,.T.);
#4020=ADVANCED_FACE('',(#3644),#3886,.T.);
#4021=ADVANCED_FACE('',(#3645),#3887,.F.);
#4022=ADVANCED_FACE('',(#3646),#92,.T.);
#4023=ADVANCED_FACE('',(#3647),#80,.T.);
#4024=ADVANCED_FACE('',(#3648),#3888,.F.);
#4025=ADVANCED_FACE('',(#3649),#81,.T.);
#4026=ADVANCED_FACE('',(#3650),#3889,.T.);
#4027=ADVANCED_FACE('',(#3651),#3890,.T.);
#4028=ADVANCED_FACE('',(#3652),#3891,.T.);
#4029=ADVANCED_FACE('',(#3653),#3892,.F.);
#4030=ADVANCED_FACE('',(#3654),#3893,.F.);
#4031=ADVANCED_FACE('',(#3655),#3894,.T.);
#4032=ADVANCED_FACE('',(#3656),#3895,.T.);
#4033=ADVANCED_FACE('',(#3657),#3896,.T.);
#4034=ADVANCED_FACE('',(#3658),#82,.T.);
#4035=ADVANCED_FACE('',(#3659),#46,.T.);
#4036=ADVANCED_FACE('',(#3660),#3897,.F.);
#4037=ADVANCED_FACE('',(#3661),#3898,.F.);
#4038=ADVANCED_FACE('',(#3662),#3899,.T.);
#4039=ADVANCED_FACE('',(#3663),#3900,.T.);
#4040=ADVANCED_FACE('',(#3664,#3665),#3901,.F.);
#4041=ADVANCED_FACE('',(#3666),#3902,.T.);
#4042=ADVANCED_FACE('',(#3667),#3903,.T.);
#4043=ADVANCED_FACE('',(#3668),#3904,.F.);
#4044=ADVANCED_FACE('',(#3669),#3905,.F.);
#4045=ADVANCED_FACE('',(#3670),#93,.T.);
#4046=ADVANCED_FACE('',(#3671),#44,.T.);
#4047=ADVANCED_FACE('',(#3672),#3906,.T.);
#4048=ADVANCED_FACE('',(#3673),#3907,.T.);
#4049=ADVANCED_FACE('',(#3674),#3908,.T.);
#4050=ADVANCED_FACE('',(#3675,#3676),#3909,.F.);
#4051=ADVANCED_FACE('',(#3677),#3910,.F.);
#4052=ADVANCED_FACE('',(#3678),#3911,.F.);
#4053=ADVANCED_FACE('',(#3679),#3912,.T.);
#4054=ADVANCED_FACE('',(#3680),#3913,.T.);
#4055=ADVANCED_FACE('',(#3681),#3914,.T.);
#4056=ADVANCED_FACE('',(#3682,#3683),#3915,.T.);
#4057=ADVANCED_FACE('',(#3684,#3685,#3686,#3687,#3688,#3689),#3916,.T.);
#4058=ADVANCED_FACE('',(#3690),#3917,.T.);
#4059=ADVANCED_FACE('',(#3691),#3918,.F.);
#4060=ADVANCED_FACE('',(#3692),#3919,.T.);
#4061=ADVANCED_FACE('',(#3693),#3920,.F.);
#4062=ADVANCED_FACE('',(#3694),#3921,.F.);
#4063=ADVANCED_FACE('',(#3695),#3922,.F.);
#4064=ADVANCED_FACE('',(#3696,#3697),#3923,.F.);
#4065=ADVANCED_FACE('',(#3698),#3924,.T.);
#4066=ADVANCED_FACE('',(#3699),#3925,.T.);
#4067=ADVANCED_FACE('',(#3700),#3926,.T.);
#4068=ADVANCED_FACE('',(#3701),#3927,.T.);
#4069=ADVANCED_FACE('',(#3702),#3928,.T.);
#4070=ADVANCED_FACE('',(#3703),#3929,.T.);
#4071=ADVANCED_FACE('',(#3704),#3930,.T.);
#4072=ADVANCED_FACE('',(#3705),#3931,.T.);
#4073=ADVANCED_FACE('',(#3706),#3932,.T.);
#4074=ADVANCED_FACE('',(#3707),#3933,.F.);
#4075=ADVANCED_FACE('',(#3708),#3934,.F.);
#4076=ADVANCED_FACE('',(#3709),#3935,.T.);
#4077=ADVANCED_FACE('',(#3710),#3936,.F.);
#4078=ADVANCED_FACE('',(#3711),#3937,.T.);
#4079=ADVANCED_FACE('',(#3712),#3938,.T.);
#4080=ADVANCED_FACE('',(#3713),#3939,.T.);
#4081=ADVANCED_FACE('',(#3714),#3940,.T.);
#4082=ADVANCED_FACE('',(#3715),#3941,.T.);
#4083=ADVANCED_FACE('',(#3716),#3942,.T.);
#4084=ADVANCED_FACE('',(#3717),#3943,.F.);
#4085=ADVANCED_FACE('',(#3718),#3944,.T.);
#4086=ADVANCED_FACE('',(#3719),#94,.T.);
#4087=ADVANCED_FACE('',(#3720),#95,.T.);
#4088=ADVANCED_FACE('',(#3721),#96,.T.);
#4089=ADVANCED_FACE('',(#3722),#97,.T.);
#4090=ADVANCED_FACE('',(#3723),#3945,.F.);
#4091=ADVANCED_FACE('',(#3724),#98,.T.);
#4092=ADVANCED_FACE('',(#3725),#99,.F.);
#4093=ADVANCED_FACE('',(#3726),#100,.T.);
#4094=ADVANCED_FACE('',(#3727),#101,.T.);
#4095=ADVANCED_FACE('',(#3728),#45,.T.);
#4096=ADVANCED_FACE('',(#3729),#102,.T.);
#4097=ADVANCED_FACE('',(#3730),#103,.T.);
#4098=ADVANCED_FACE('',(#3731),#104,.T.);
#4099=ADVANCED_FACE('',(#3732),#105,.T.);
#4100=ADVANCED_FACE('',(#3733),#106,.T.);
#4101=ADVANCED_FACE('',(#3734),#107,.T.);
#4102=ADVANCED_FACE('',(#3735),#108,.T.);
#4103=ADVANCED_FACE('',(#3736),#3946,.T.);
#4104=ADVANCED_FACE('',(#3737),#3947,.F.);
#4105=ADVANCED_FACE('',(#3738),#3948,.T.);
#4106=ADVANCED_FACE('',(#3739),#3949,.F.);
#4107=ADVANCED_FACE('',(#3740),#3950,.T.);
#4108=ADVANCED_FACE('',(#3741),#3951,.F.);
#4109=ADVANCED_FACE('',(#3742),#3952,.F.);
#4110=ADVANCED_FACE('',(#3743),#3953,.T.);
#4111=ADVANCED_FACE('',(#3744),#3954,.T.);
#4112=ADVANCED_FACE('',(#3745),#3955,.F.);
#4113=ADVANCED_FACE('',(#3746),#3956,.T.);
#4114=ADVANCED_FACE('',(#3747),#3957,.F.);
#4115=ADVANCED_FACE('',(#3748),#3958,.F.);
#4116=ADVANCED_FACE('',(#3749),#3959,.F.);
#4117=ADVANCED_FACE('',(#3750),#3960,.F.);
#4118=ADVANCED_FACE('',(#3751),#3961,.T.);
#4119=ADVANCED_FACE('',(#3752),#109,.T.);
#4120=ADVANCED_FACE('',(#3753),#110,.T.);
#4121=ADVANCED_FACE('',(#3754),#111,.T.);
#4122=ADVANCED_FACE('',(#3755),#112,.T.);
#4123=ADVANCED_FACE('',(#3756),#113,.T.);
#4124=ADVANCED_FACE('',(#3757),#114,.T.);
#4125=ADVANCED_FACE('',(#3758),#115,.T.);
#4126=ADVANCED_FACE('',(#3759),#116,.T.);
#4127=ADVANCED_FACE('',(#3760),#117,.T.);
#4128=ADVANCED_FACE('',(#3761),#118,.T.);
#4129=ADVANCED_FACE('',(#3762),#119,.T.);
#4130=ADVANCED_FACE('',(#3763),#120,.T.);
#4131=ADVANCED_FACE('',(#3764),#121,.T.);
#4132=ADVANCED_FACE('',(#3765),#122,.T.);
#4133=ADVANCED_FACE('',(#3766),#123,.T.);
#4134=ADVANCED_FACE('',(#3767),#124,.T.);
#4135=ADVANCED_FACE('',(#3768),#125,.T.);
#4136=ADVANCED_FACE('',(#3769),#126,.T.);
#4137=ADVANCED_FACE('',(#3770),#127,.T.);
#4138=ADVANCED_FACE('',(#3771),#128,.T.);
#4139=ADVANCED_FACE('',(#3772),#129,.T.);
#4140=ADVANCED_FACE('',(#3773),#130,.T.);
#4141=ADVANCED_FACE('',(#3774),#131,.T.);
#4142=ADVANCED_FACE('',(#3775),#132,.T.);
#4143=ADVANCED_FACE('',(#3776),#133,.T.);
#4144=ADVANCED_FACE('',(#3777),#134,.T.);
#4145=ADVANCED_FACE('',(#3778),#135,.T.);
#4146=ADVANCED_FACE('',(#3779),#136,.T.);
#4147=ADVANCED_FACE('',(#3780),#137,.T.);
#4148=ADVANCED_FACE('',(#3781),#138,.T.);
#4149=ADVANCED_FACE('',(#3782),#139,.T.);
#4150=ADVANCED_FACE('',(#3783),#140,.T.);
#4151=ADVANCED_FACE('',(#3784),#141,.T.);
#4152=ADVANCED_FACE('',(#3785),#3962,.F.);
#4153=ADVANCED_FACE('',(#3786),#3963,.F.);
#4154=ADVANCED_FACE('',(#3787),#3964,.T.);
#4155=ADVANCED_FACE('',(#3788),#3965,.T.);
#4156=ADVANCED_FACE('',(#3789),#142,.T.);
#4157=ADVANCED_FACE('',(#3790),#143,.T.);
#4158=ADVANCED_FACE('',(#3791),#144,.T.);
#4159=ADVANCED_FACE('',(#3792),#145,.T.);
#4160=ADVANCED_FACE('',(#3793),#3966,.F.);
#4161=ADVANCED_FACE('',(#3794),#3967,.F.);
#4162=ADVANCED_FACE('',(#3795),#3968,.F.);
#4163=ADVANCED_FACE('',(#3796),#3969,.F.);
#4164=ADVANCED_FACE('',(#3797),#3970,.T.);
#4165=ADVANCED_FACE('',(#3798),#146,.T.);
#4166=ADVANCED_FACE('',(#3799,#3800),#3971,.F.);
#4167=ADVANCED_FACE('',(#3801),#3972,.T.);
#4168=ADVANCED_FACE('',(#3802),#3973,.F.);
#4169=ADVANCED_FACE('',(#3803),#3974,.F.);
#4170=ADVANCED_FACE('',(#3804),#3975,.F.);
#4171=ADVANCED_FACE('',(#3805),#3976,.T.);
#4172=ADVANCED_FACE('',(#3806),#3977,.F.);
#4173=ADVANCED_FACE('',(#3807),#3978,.T.);
#4174=ADVANCED_FACE('',(#3808),#3979,.T.);
#4175=ADVANCED_FACE('',(#3809),#3980,.F.);
#4176=ADVANCED_FACE('',(#3810),#3981,.F.);
#4177=ADVANCED_FACE('',(#3811),#147,.T.);
#4178=ADVANCED_FACE('',(#3812),#3982,.F.);
#4179=ADVANCED_FACE('',(#3813),#148,.T.);
#4180=ADVANCED_FACE('',(#3814),#149,.T.);
#4181=ADVANCED_FACE('',(#3815),#150,.T.);
#4182=ADVANCED_FACE('',(#3816),#151,.T.);
#4183=ADVANCED_FACE('',(#3817),#3983,.F.);
#4184=ADVANCED_FACE('',(#3818),#3984,.T.);
#4185=ADVANCED_FACE('',(#3819),#3985,.F.);
#4186=ADVANCED_FACE('',(#3820),#3986,.T.);
#4187=ADVANCED_FACE('',(#3821),#3987,.T.);
#4188=ADVANCED_FACE('',(#3822),#3988,.T.);
#4189=ADVANCED_FACE('',(#3823),#3989,.T.);
#4190=ADVANCED_FACE('',(#3824),#3990,.F.);
#4191=ADVANCED_FACE('',(#3825),#3991,.T.);
#4192=ADVANCED_FACE('',(#3826),#3992,.T.);
#4193=ADVANCED_FACE('',(#3827),#3993,.T.);
#4194=ADVANCED_FACE('',(#3828),#3994,.F.);
#4195=ADVANCED_FACE('',(#3829),#3995,.T.);
#4196=ADVANCED_FACE('',(#3830),#3996,.T.);
#4197=ADVANCED_FACE('',(#3831),#3997,.F.);
#4198=ADVANCED_FACE('',(#3832),#3998,.F.);
#4199=ADVANCED_FACE('',(#3833),#3999,.T.);
#4200=ADVANCED_FACE('',(#3834),#4000,.T.);
#4201=ADVANCED_FACE('',(#3835),#4001,.F.);
#4202=ADVANCED_FACE('',(#3836),#4002,.T.);
#4203=ADVANCED_FACE('',(#3837),#4003,.T.);
#4204=ADVANCED_FACE('',(#3838),#4004,.T.);
#4205=ADVANCED_FACE('',(#3839),#4005,.T.);
#4206=ADVANCED_FACE('',(#3840),#4006,.F.);
#4207=ADVANCED_FACE('',(#3841),#4007,.T.);
#4208=ADVANCED_FACE('',(#3842),#4008,.F.);
#4209=ADVANCED_FACE('',(#3843),#4009,.T.);
#4210=ADVANCED_FACE('',(#3844),#4010,.T.);
#4211=ADVANCED_FACE('',(#3845),#4011,.T.);
#4212=ADVANCED_FACE('',(#3846),#4012,.T.);
#4213=ADVANCED_FACE('',(#3847),#4013,.T.);
#4214=ADVANCED_FACE('',(#3848,#3849,#3850,#3851),#4014,.T.);
#4215=ADVANCED_FACE('',(#3852,#3853,#3854,#3855),#4015,.F.);
#4216=ADVANCED_FACE('',(#3856),#152,.T.);
#4217=ADVANCED_FACE('',(#3857),#153,.T.);
#4218=ADVANCED_FACE('',(#3858),#154,.T.);
#4219=ADVANCED_FACE('',(#3859),#155,.T.);
#4220=ADVANCED_FACE('',(#3860),#156,.T.);
#4221=ADVANCED_FACE('',(#3861),#157,.T.);
#4222=ADVANCED_FACE('',(#3862),#158,.T.);
#4223=ADVANCED_FACE('',(#3863),#159,.T.);
#4224=ADVANCED_FACE('',(#3864),#160,.T.);
#4225=ADVANCED_FACE('',(#3865),#161,.T.);
#4226=ADVANCED_FACE('',(#3866),#162,.T.);
#4227=ADVANCED_FACE('',(#3867),#163,.T.);
#4228=ADVANCED_FACE('',(#3868),#164,.T.);
#4229=ADVANCED_FACE('',(#3869),#165,.T.);
#4230=ADVANCED_FACE('',(#3870),#166,.T.);
#4231=ADVANCED_FACE('',(#3871),#167,.T.);
#4232=ADVANCED_FACE('',(#3872),#168,.T.);
#4233=ADVANCED_FACE('',(#3873),#169,.T.);
#4234=ADVANCED_FACE('',(#3874),#170,.T.);
#4235=ADVANCED_FACE('',(#3875),#171,.T.);
#4236=ADVANCED_FACE('',(#3876),#172,.T.);
#4237=ADVANCED_FACE('',(#3877),#173,.T.);
#4238=ADVANCED_FACE('',(#3878),#174,.T.);
#4239=ADVANCED_FACE('',(#3879),#175,.T.);
#4240=ADVANCED_FACE('',(#3880),#176,.T.);
#4241=ADVANCED_FACE('',(#3881),#177,.T.);
#4242=CLOSED_SHELL('',(#4016,#4017,#4018,#4019,#4020,#4021,#4022));
#4243=CLOSED_SHELL('',(#4023,#4024,#4025,#4026,#4027,#4028,#4029,#4030,
#4031,#4032,#4033,#4034,#4035));
#4244=CLOSED_SHELL('',(#4036,#4037,#4038,#4039,#4040,#4041,#4042,#4043,
#4044,#4045,#4046,#4047,#4048,#4049,#4050,#4051,#4052,#4053,#4054,#4055,
#4056,#4057,#4058,#4059,#4060,#4061,#4062,#4063,#4064,#4065,#4066,#4067,
#4068,#4069,#4070,#4071,#4072,#4073,#4074,#4075,#4076,#4077,#4078,#4079,
#4080,#4081,#4082,#4083,#4084,#4085,#4086,#4087,#4088,#4089,#4090,#4091,
#4092,#4093,#4094,#4095,#4096,#4097,#4098,#4099,#4100,#4101,#4102,#4103,
#4104,#4105,#4106,#4107,#4108,#4109,#4110,#4111,#4112,#4113,#4114,#4115,
#4116,#4117,#4118,#4119,#4120,#4121,#4122,#4123,#4124,#4125,#4126,#4127,
#4128,#4129,#4130,#4131,#4132,#4133,#4134,#4135,#4136,#4137,#4138,#4139,
#4140,#4141,#4142,#4143,#4144,#4145,#4146,#4147,#4148,#4149,#4150,#4151,
#4152,#4153,#4154,#4155,#4156,#4157,#4158,#4159,#4160,#4161,#4162,#4163,
#4164,#4165,#4166,#4167,#4168,#4169,#4170,#4171,#4172,#4173,#4174,#4175,
#4176,#4177,#4178,#4179,#4180,#4181,#4182,#4183,#4184,#4185,#4186,#4187));
#4245=CLOSED_SHELL('',(#4188,#4189,#4190,#4191,#4192,#4193,#4194,#4195,
#4196,#4197,#4198,#4199,#4200,#4201,#4202,#4203,#4204,#4205,#4206,#4207,
#4208,#4209,#4210,#4211,#4212,#4213,#4214,#4215,#4216,#4217,#4218,#4219,
#4220,#4221,#4222,#4223,#4224,#4225,#4226,#4227,#4228,#4229,#4230,#4231,
#4232,#4233,#4234,#4235,#4236,#4237,#4238,#4239,#4240,#4241));
#4246=STYLED_ITEM('',(#4250),#4277);
#4247=STYLED_ITEM('',(#4251),#4278);
#4248=STYLED_ITEM('',(#4252),#4279);
#4249=STYLED_ITEM('',(#4253),#4280);
#4250=PRESENTATION_STYLE_ASSIGNMENT((#4254));
#4251=PRESENTATION_STYLE_ASSIGNMENT((#4255));
#4252=PRESENTATION_STYLE_ASSIGNMENT((#4256));
#4253=PRESENTATION_STYLE_ASSIGNMENT((#4257));
#4254=SURFACE_STYLE_USAGE(.BOTH.,#4258);
#4255=SURFACE_STYLE_USAGE(.BOTH.,#4259);
#4256=SURFACE_STYLE_USAGE(.BOTH.,#4260);
#4257=SURFACE_STYLE_USAGE(.BOTH.,#4261);
#4258=SURFACE_SIDE_STYLE('',(#4262));
#4259=SURFACE_SIDE_STYLE('',(#4263));
#4260=SURFACE_SIDE_STYLE('',(#4264));
#4261=SURFACE_SIDE_STYLE('',(#4265));
#4262=SURFACE_STYLE_FILL_AREA(#4266);
#4263=SURFACE_STYLE_FILL_AREA(#4267);
#4264=SURFACE_STYLE_FILL_AREA(#4268);
#4265=SURFACE_STYLE_FILL_AREA(#4269);
#4266=FILL_AREA_STYLE('',(#4270));
#4267=FILL_AREA_STYLE('',(#4271));
#4268=FILL_AREA_STYLE('',(#4272));
#4269=FILL_AREA_STYLE('',(#4273));
#4270=FILL_AREA_STYLE_COLOUR('',#4274);
#4271=FILL_AREA_STYLE_COLOUR('',#83);
#4272=FILL_AREA_STYLE_COLOUR('',#4275);
#4273=FILL_AREA_STYLE_COLOUR('',#4276);
#4274=COLOUR_RGB('',0.301960784313725,0.180392156862745,0.0352941176470589);
#4275=COLOUR_RGB('',0.811764705882353,0.858823529411765,0.898039215686275);
#4276=COLOUR_RGB('',0.333333333333334,0.254901960784313,0.16078431372549);
#4277=MANIFOLD_SOLID_BREP('Part 3',#4242);
#4278=MANIFOLD_SOLID_BREP('Part 4',#4243);
#4279=MANIFOLD_SOLID_BREP('Part 1',#4244);
#4280=MANIFOLD_SOLID_BREP('Part 2',#4245);
#4281=SHAPE_DEFINITION_REPRESENTATION(#7208,#4285);
#4282=SHAPE_DEFINITION_REPRESENTATION(#7209,#4286);
#4283=SHAPE_DEFINITION_REPRESENTATION(#7210,#4287);
#4284=SHAPE_DEFINITION_REPRESENTATION(#7211,#4288);
#4285=SHAPE_REPRESENTATION('Part 3',(#4289),#7188);
#4286=SHAPE_REPRESENTATION('Part 4',(#4299),#7189);
#4287=SHAPE_REPRESENTATION('Part 1',(#4309),#7190);
#4288=SHAPE_REPRESENTATION('Part 2',(#4560),#7191);
#4289=AXIS2_PLACEMENT_3D('',#5797,#4641,#4642);
#4290=AXIS2_PLACEMENT_3D('',#5798,#4643,#4644);
#4291=AXIS2_PLACEMENT_3D('',#5802,#4646,#4647);
#4292=AXIS2_PLACEMENT_3D('',#5809,#4651,#4652);
#4293=AXIS2_PLACEMENT_3D('',#5815,#4656,#4657);
#4294=AXIS2_PLACEMENT_3D('',#5819,#4659,#4660);
#4295=AXIS2_PLACEMENT_3D('',#5823,#4663,#4664);
#4296=AXIS2_PLACEMENT_3D('',#5826,#4667,#4668);
#4297=AXIS2_PLACEMENT_3D('',#5828,#4670,#4671);
#4298=AXIS2_PLACEMENT_3D('',#5829,#4672,#4673);
#4299=AXIS2_PLACEMENT_3D('',#5830,#4674,#4675);
#4300=AXIS2_PLACEMENT_3D('',#5847,#4680,#4681);
#4301=AXIS2_PLACEMENT_3D('',#5886,#4690,#4691);
#4302=AXIS2_PLACEMENT_3D('',#5889,#4694,#4695);
#4303=AXIS2_PLACEMENT_3D('',#5894,#4696,#4697);
#4304=AXIS2_PLACEMENT_3D('',#5899,#4698,#4699);
#4305=AXIS2_PLACEMENT_3D('',#5911,#4703,#4704);
#4306=AXIS2_PLACEMENT_3D('',#5932,#4707,#4708);
#4307=AXIS2_PLACEMENT_3D('',#5936,#4711,#4712);
#4308=AXIS2_PLACEMENT_3D('',#5955,#4714,#4715);
#4309=AXIS2_PLACEMENT_3D('',#5980,#4716,#4717);
#4310=AXIS2_PLACEMENT_3D('',#5981,#4718,#4719);
#4311=AXIS2_PLACEMENT_3D('',#5988,#4723,#4724);
#4312=AXIS2_PLACEMENT_3D('',#5996,#4728,#4729);
#4313=AXIS2_PLACEMENT_3D('',#6000,#4731,#4732);
#4314=AXIS2_PLACEMENT_3D('',#6004,#4734,#4735);
#4315=AXIS2_PLACEMENT_3D('',#6013,#4740,#4741);
#4316=AXIS2_PLACEMENT_3D('',#6020,#4745,#4746);
#4317=AXIS2_PLACEMENT_3D('',#6028,#4750,#4751);
#4318=AXIS2_PLACEMENT_3D('',#6032,#4753,#4754);
#4319=AXIS2_PLACEMENT_3D('',#6043,#4760,#4761);
#4320=AXIS2_PLACEMENT_3D('',#6044,#4762,#4763);
#4321=AXIS2_PLACEMENT_3D('',#6047,#4764,#4765);
#4322=AXIS2_PLACEMENT_3D('',#6049,#4766,#4767);
#4323=AXIS2_PLACEMENT_3D('',#6051,#4768,#4769);
#4324=AXIS2_PLACEMENT_3D('',#6052,#4770,#4771);
#4325=AXIS2_PLACEMENT_3D('',#6055,#4772,#4773);
#4326=AXIS2_PLACEMENT_3D('',#6057,#4774,#4775);
#4327=AXIS2_PLACEMENT_3D('',#6059,#4776,#4777);
#4328=AXIS2_PLACEMENT_3D('',#6070,#4783,#4784);
#4329=AXIS2_PLACEMENT_3D('',#6081,#4791,#4792);
#4330=AXIS2_PLACEMENT_3D('',#6113,#4809,#4810);
#4331=AXIS2_PLACEMENT_3D('',#6114,#4811,#4812);
#4332=AXIS2_PLACEMENT_3D('',#6117,#4814,#4815);
#4333=AXIS2_PLACEMENT_3D('',#6119,#4816,#4817);
#4334=AXIS2_PLACEMENT_3D('',#6132,#4824,#4825);
#4335=AXIS2_PLACEMENT_3D('',#6137,#4828,#4829);
#4336=AXIS2_PLACEMENT_3D('',#6141,#4831,#4832);
#4337=AXIS2_PLACEMENT_3D('',#6142,#4833,#4834);
#4338=AXIS2_PLACEMENT_3D('',#6152,#4837,#4838);
#4339=AXIS2_PLACEMENT_3D('',#6155,#4840,#4841);
#4340=AXIS2_PLACEMENT_3D('',#6160,#4842,#4843);
#4341=AXIS2_PLACEMENT_3D('',#6162,#4844,#4845);
#4342=AXIS2_PLACEMENT_3D('',#6163,#4846,#4847);
#4343=AXIS2_PLACEMENT_3D('',#6169,#4851,#4852);
#4344=AXIS2_PLACEMENT_3D('',#6175,#4856,#4857);
#4345=AXIS2_PLACEMENT_3D('',#6176,#4858,#4859);
#4346=AXIS2_PLACEMENT_3D('',#6183,#4863,#4864);
#4347=AXIS2_PLACEMENT_3D('',#6184,#4865,#4866);
#4348=AXIS2_PLACEMENT_3D('',#6185,#4867,#4868);
#4349=AXIS2_PLACEMENT_3D('',#6189,#4870,#4871);
#4350=AXIS2_PLACEMENT_3D('',#6201,#4877,#4878);
#4351=AXIS2_PLACEMENT_3D('',#6210,#4883,#4884);
#4352=AXIS2_PLACEMENT_3D('',#6219,#4889,#4890);
#4353=AXIS2_PLACEMENT_3D('',#6222,#4893,#4894);
#4354=AXIS2_PLACEMENT_3D('',#6231,#4899,#4900);
#4355=AXIS2_PLACEMENT_3D('',#6248,#4909,#4910);
#4356=AXIS2_PLACEMENT_3D('',#6252,#4912,#4913);
#4357=AXIS2_PLACEMENT_3D('',#6260,#4917,#4918);
#4358=AXIS2_PLACEMENT_3D('',#6261,#4919,#4920);
#4359=AXIS2_PLACEMENT_3D('',#6262,#4921,#4922);
#4360=AXIS2_PLACEMENT_3D('',#6303,#4943,#4944);
#4361=AXIS2_PLACEMENT_3D('',#6352,#4971,#4972);
#4362=AXIS2_PLACEMENT_3D('',#6358,#4976,#4977);
#4363=AXIS2_PLACEMENT_3D('',#6359,#4978,#4979);
#4364=AXIS2_PLACEMENT_3D('',#6365,#4983,#4984);
#4365=AXIS2_PLACEMENT_3D('',#6371,#4988,#4989);
#4366=AXIS2_PLACEMENT_3D('',#6375,#4991,#4992);
#4367=AXIS2_PLACEMENT_3D('',#6377,#4994,#4995);
#4368=AXIS2_PLACEMENT_3D('',#6379,#4997,#4998);
#4369=AXIS2_PLACEMENT_3D('',#6402,#5011,#5012);
#4370=AXIS2_PLACEMENT_3D('',#6404,#5014,#5015);
#4371=AXIS2_PLACEMENT_3D('',#6405,#5016,#5017);
#4372=AXIS2_PLACEMENT_3D('',#6408,#5018,#5019);
#4373=AXIS2_PLACEMENT_3D('',#6413,#5022,#5023);
#4374=AXIS2_PLACEMENT_3D('',#6415,#5024,#5025);
#4375=AXIS2_PLACEMENT_3D('',#6416,#5026,#5027);
#4376=AXIS2_PLACEMENT_3D('',#6419,#5028,#5029);
#4377=AXIS2_PLACEMENT_3D('',#6421,#5030,#5031);
#4378=AXIS2_PLACEMENT_3D('',#6423,#5032,#5033);
#4379=AXIS2_PLACEMENT_3D('',#6424,#5034,#5035);
#4380=AXIS2_PLACEMENT_3D('',#6430,#5039,#5040);
#4381=AXIS2_PLACEMENT_3D('',#6434,#5043,#5044);
#4382=AXIS2_PLACEMENT_3D('',#6440,#5048,#5049);
#4383=AXIS2_PLACEMENT_3D('',#6444,#5052,#5053);
#4384=AXIS2_PLACEMENT_3D('',#6453,#5058,#5059);
#4385=AXIS2_PLACEMENT_3D('',#6458,#5063,#5064);
#4386=AXIS2_PLACEMENT_3D('',#6467,#5069,#5070);
#4387=AXIS2_PLACEMENT_3D('',#6473,#5074,#5075);
#4388=AXIS2_PLACEMENT_3D('',#6479,#5079,#5080);
#4389=AXIS2_PLACEMENT_3D('',#6480,#5081,#5082);
#4390=AXIS2_PLACEMENT_3D('',#6482,#5084,#5085);
#4391=AXIS2_PLACEMENT_3D('',#6483,#5086,#5087);
#4392=AXIS2_PLACEMENT_3D('',#6485,#5089,#5090);
#4393=AXIS2_PLACEMENT_3D('',#6486,#5091,#5092);
#4394=AXIS2_PLACEMENT_3D('',#6487,#5093,#5094);
#4395=AXIS2_PLACEMENT_3D('',#6488,#5095,#5096);
#4396=AXIS2_PLACEMENT_3D('',#6490,#5098,#5099);
#4397=AXIS2_PLACEMENT_3D('',#6491,#5100,#5101);
#4398=AXIS2_PLACEMENT_3D('',#6492,#5102,#5103);
#4399=AXIS2_PLACEMENT_3D('',#6494,#5105,#5106);
#4400=AXIS2_PLACEMENT_3D('',#6495,#5107,#5108);
#4401=AXIS2_PLACEMENT_3D('',#6496,#5109,#5110);
#4402=AXIS2_PLACEMENT_3D('',#6498,#5112,#5113);
#4403=AXIS2_PLACEMENT_3D('',#6499,#5114,#5115);
#4404=AXIS2_PLACEMENT_3D('',#6500,#5116,#5117);
#4405=AXIS2_PLACEMENT_3D('',#6501,#5118,#5119);
#4406=AXIS2_PLACEMENT_3D('',#6502,#5120,#5121);
#4407=AXIS2_PLACEMENT_3D('',#6504,#5123,#5124);
#4408=AXIS2_PLACEMENT_3D('',#6505,#5125,#5126);
#4409=AXIS2_PLACEMENT_3D('',#6507,#5128,#5129);
#4410=AXIS2_PLACEMENT_3D('',#6508,#5130,#5131);
#4411=AXIS2_PLACEMENT_3D('',#6511,#5134,#5135);
#4412=AXIS2_PLACEMENT_3D('',#6513,#5137,#5138);
#4413=AXIS2_PLACEMENT_3D('',#6515,#5140,#5141);
#4414=AXIS2_PLACEMENT_3D('',#6516,#5142,#5143);
#4415=AXIS2_PLACEMENT_3D('',#6518,#5145,#5146);
#4416=AXIS2_PLACEMENT_3D('',#6519,#5147,#5148);
#4417=AXIS2_PLACEMENT_3D('',#6520,#5149,#5150);
#4418=AXIS2_PLACEMENT_3D('',#6521,#5151,#5152);
#4419=AXIS2_PLACEMENT_3D('',#6523,#5154,#5155);
#4420=AXIS2_PLACEMENT_3D('',#6524,#5156,#5157);
#4421=AXIS2_PLACEMENT_3D('',#6525,#5158,#5159);
#4422=AXIS2_PLACEMENT_3D('',#6526,#5160,#5161);
#4423=AXIS2_PLACEMENT_3D('',#6527,#5162,#5163);
#4424=AXIS2_PLACEMENT_3D('',#6528,#5164,#5165);
#4425=AXIS2_PLACEMENT_3D('',#6529,#5166,#5167);
#4426=AXIS2_PLACEMENT_3D('',#6530,#5168,#5169);
#4427=AXIS2_PLACEMENT_3D('',#6531,#5170,#5171);
#4428=AXIS2_PLACEMENT_3D('',#6532,#5172,#5173);
#4429=AXIS2_PLACEMENT_3D('',#6533,#5174,#5175);
#4430=AXIS2_PLACEMENT_3D('',#6534,#5176,#5177);
#4431=AXIS2_PLACEMENT_3D('',#6540,#5180,#5181);
#4432=AXIS2_PLACEMENT_3D('',#6542,#5182,#5183);
#4433=AXIS2_PLACEMENT_3D('',#6545,#5185,#5186);
#4434=AXIS2_PLACEMENT_3D('',#6549,#5188,#5189);
#4435=AXIS2_PLACEMENT_3D('',#6551,#5190,#5191);
#4436=AXIS2_PLACEMENT_3D('',#6556,#5194,#5195);
#4437=AXIS2_PLACEMENT_3D('',#6557,#5196,#5197);
#4438=AXIS2_PLACEMENT_3D('',#6560,#5198,#5199);
#4439=AXIS2_PLACEMENT_3D('',#6567,#5203,#5204);
#4440=AXIS2_PLACEMENT_3D('',#6573,#5207,#5208);
#4441=AXIS2_PLACEMENT_3D('',#6575,#5209,#5210);
#4442=AXIS2_PLACEMENT_3D('',#6578,#5212,#5213);
#4443=AXIS2_PLACEMENT_3D('',#6579,#5214,#5215);
#4444=AXIS2_PLACEMENT_3D('',#6582,#5216,#5217);
#4445=AXIS2_PLACEMENT_3D('',#6589,#5221,#5222);
#4446=AXIS2_PLACEMENT_3D('',#6595,#5225,#5226);
#4447=AXIS2_PLACEMENT_3D('',#6597,#5227,#5228);
#4448=AXIS2_PLACEMENT_3D('',#6600,#5230,#5231);
#4449=AXIS2_PLACEMENT_3D('',#6604,#5233,#5234);
#4450=AXIS2_PLACEMENT_3D('',#6606,#5235,#5236);
#4451=AXIS2_PLACEMENT_3D('',#6611,#5239,#5240);
#4452=AXIS2_PLACEMENT_3D('',#6616,#5243,#5244);
#4453=AXIS2_PLACEMENT_3D('',#6619,#5246,#5247);
#4454=AXIS2_PLACEMENT_3D('',#6620,#5248,#5249);
#4455=AXIS2_PLACEMENT_3D('',#6623,#5250,#5251);
#4456=AXIS2_PLACEMENT_3D('',#6630,#5255,#5256);
#4457=AXIS2_PLACEMENT_3D('',#6634,#5258,#5259);
#4458=AXIS2_PLACEMENT_3D('',#6638,#5262,#5263);
#4459=AXIS2_PLACEMENT_3D('',#6641,#5266,#5267);
#4460=AXIS2_PLACEMENT_3D('',#6642,#5268,#5269);
#4461=AXIS2_PLACEMENT_3D('',#6643,#5270,#5271);
#4462=AXIS2_PLACEMENT_3D('',#6644,#5272,#5273);
#4463=AXIS2_PLACEMENT_3D('',#6645,#5274,#5275);
#4464=AXIS2_PLACEMENT_3D('',#6646,#5276,#5277);
#4465=AXIS2_PLACEMENT_3D('',#6647,#5278,#5279);
#4466=AXIS2_PLACEMENT_3D('',#6648,#5280,#5281);
#4467=AXIS2_PLACEMENT_3D('',#6649,#5282,#5283);
#4468=AXIS2_PLACEMENT_3D('',#6650,#5284,#5285);
#4469=AXIS2_PLACEMENT_3D('',#6651,#5286,#5287);
#4470=AXIS2_PLACEMENT_3D('',#6652,#5288,#5289);
#4471=AXIS2_PLACEMENT_3D('',#6653,#5290,#5291);
#4472=AXIS2_PLACEMENT_3D('',#6654,#5292,#5293);
#4473=AXIS2_PLACEMENT_3D('',#6655,#5294,#5295);
#4474=AXIS2_PLACEMENT_3D('',#6656,#5296,#5297);
#4475=AXIS2_PLACEMENT_3D('',#6657,#5298,#5299);
#4476=AXIS2_PLACEMENT_3D('',#6658,#5300,#5301);
#4477=AXIS2_PLACEMENT_3D('',#6659,#5302,#5303);
#4478=AXIS2_PLACEMENT_3D('',#6660,#5304,#5305);
#4479=AXIS2_PLACEMENT_3D('',#6661,#5306,#5307);
#4480=AXIS2_PLACEMENT_3D('',#6664,#5310,#5311);
#4481=AXIS2_PLACEMENT_3D('',#6666,#5313,#5314);
#4482=AXIS2_PLACEMENT_3D('',#6667,#5315,#5316);
#4483=AXIS2_PLACEMENT_3D('',#6668,#5317,#5318);
#4484=AXIS2_PLACEMENT_3D('',#6674,#5319,#5320);
#4485=AXIS2_PLACEMENT_3D('',#6675,#5321,#5322);
#4486=AXIS2_PLACEMENT_3D('',#6676,#5323,#5324);
#4487=AXIS2_PLACEMENT_3D('',#6677,#5325,#5326);
#4488=AXIS2_PLACEMENT_3D('',#6679,#5328,#5329);
#4489=AXIS2_PLACEMENT_3D('',#6680,#5330,#5331);
#4490=AXIS2_PLACEMENT_3D('',#6686,#5332,#5333);
#4491=AXIS2_PLACEMENT_3D('',#6687,#5334,#5335);
#4492=AXIS2_PLACEMENT_3D('',#6688,#5336,#5337);
#4493=AXIS2_PLACEMENT_3D('',#6694,#5338,#5339);
#4494=AXIS2_PLACEMENT_3D('',#6700,#5340,#5341);
#4495=AXIS2_PLACEMENT_3D('',#6706,#5342,#5343);
#4496=AXIS2_PLACEMENT_3D('',#6712,#5344,#5345);
#4497=AXIS2_PLACEMENT_3D('',#6718,#5346,#5347);
#4498=AXIS2_PLACEMENT_3D('',#6724,#5348,#5349);
#4499=AXIS2_PLACEMENT_3D('',#6732,#5351,#5352);
#4500=AXIS2_PLACEMENT_3D('',#6740,#5354,#5355);
#4501=AXIS2_PLACEMENT_3D('',#6746,#5356,#5357);
#4502=AXIS2_PLACEMENT_3D('',#6752,#5358,#5359);
#4503=AXIS2_PLACEMENT_3D('',#6760,#5361,#5362);
#4504=AXIS2_PLACEMENT_3D('',#6768,#5364,#5365);
#4505=AXIS2_PLACEMENT_3D('',#6774,#5366,#5367);
#4506=AXIS2_PLACEMENT_3D('',#6780,#5368,#5369);
#4507=AXIS2_PLACEMENT_3D('',#6788,#5371,#5372);
#4508=AXIS2_PLACEMENT_3D('',#6794,#5373,#5374);
#4509=AXIS2_PLACEMENT_3D('',#6796,#5376,#5377);
#4510=AXIS2_PLACEMENT_3D('',#6798,#5379,#5380);
#4511=AXIS2_PLACEMENT_3D('',#6800,#5382,#5383);
#4512=AXIS2_PLACEMENT_3D('',#6802,#5385,#5386);
#4513=AXIS2_PLACEMENT_3D('',#6803,#5387,#5388);
#4514=AXIS2_PLACEMENT_3D('',#6804,#5389,#5390);
#4515=AXIS2_PLACEMENT_3D('',#6806,#5392,#5393);
#4516=AXIS2_PLACEMENT_3D('',#6808,#5395,#5396);
#4517=AXIS2_PLACEMENT_3D('',#6810,#5398,#5399);
#4518=AXIS2_PLACEMENT_3D('',#6814,#5402,#5403);
#4519=AXIS2_PLACEMENT_3D('',#6818,#5406,#5407);
#4520=AXIS2_PLACEMENT_3D('',#6820,#5409,#5410);
#4521=AXIS2_PLACEMENT_3D('',#6829,#5415,#5416);
#4522=AXIS2_PLACEMENT_3D('',#6830,#5417,#5418);
#4523=AXIS2_PLACEMENT_3D('',#6831,#5419,#5420);
#4524=AXIS2_PLACEMENT_3D('',#6832,#5421,#5422);
#4525=AXIS2_PLACEMENT_3D('',#6833,#5423,#5424);
#4526=AXIS2_PLACEMENT_3D('',#6834,#5425,#5426);
#4527=AXIS2_PLACEMENT_3D('',#6835,#5427,#5428);
#4528=AXIS2_PLACEMENT_3D('',#6836,#5429,#5430);
#4529=AXIS2_PLACEMENT_3D('',#6837,#5431,#5432);
#4530=AXIS2_PLACEMENT_3D('',#6839,#5434,#5435);
#4531=AXIS2_PLACEMENT_3D('',#6841,#5437,#5438);
#4532=AXIS2_PLACEMENT_3D('',#6842,#5439,#5440);
#4533=AXIS2_PLACEMENT_3D('',#6845,#5442,#5443);
#4534=AXIS2_PLACEMENT_3D('',#6847,#5445,#5446);
#4535=AXIS2_PLACEMENT_3D('',#6849,#5448,#5449);
#4536=AXIS2_PLACEMENT_3D('',#6850,#5450,#5451);
#4537=AXIS2_PLACEMENT_3D('',#6869,#5462,#5463);
#4538=AXIS2_PLACEMENT_3D('',#6875,#5468,#5469);
#4539=AXIS2_PLACEMENT_3D('',#6879,#5472,#5473);
#4540=AXIS2_PLACEMENT_3D('',#6881,#5475,#5476);
#4541=AXIS2_PLACEMENT_3D('',#6883,#5478,#5479);
#4542=AXIS2_PLACEMENT_3D('',#6885,#5481,#5482);
#4543=AXIS2_PLACEMENT_3D('',#6889,#5485,#5486);
#4544=AXIS2_PLACEMENT_3D('',#6893,#5489,#5490);
#4545=AXIS2_PLACEMENT_3D('',#6895,#5492,#5493);
#4546=AXIS2_PLACEMENT_3D('',#6896,#5494,#5495);
#4547=AXIS2_PLACEMENT_3D('',#6898,#5497,#5498);
#4548=AXIS2_PLACEMENT_3D('',#6899,#5499,#5500);
#4549=AXIS2_PLACEMENT_3D('',#6900,#5501,#5502);
#4550=AXIS2_PLACEMENT_3D('',#6903,#5505,#5506);
#4551=AXIS2_PLACEMENT_3D('',#6905,#5508,#5509);
#4552=AXIS2_PLACEMENT_3D('',#6906,#5510,#5511);
#4553=AXIS2_PLACEMENT_3D('',#6909,#5513,#5514);
#4554=AXIS2_PLACEMENT_3D('',#6912,#5516,#5517);
#4555=AXIS2_PLACEMENT_3D('',#6913,#5518,#5519);
#4556=AXIS2_PLACEMENT_3D('',#6915,#5521,#5522);
#4557=AXIS2_PLACEMENT_3D('',#6916,#5523,#5524);
#4558=AXIS2_PLACEMENT_3D('',#6918,#5526,#5527);
#4559=AXIS2_PLACEMENT_3D('',#6920,#5529,#5530);
#4560=AXIS2_PLACEMENT_3D('',#6921,#5531,#5532);
#4561=AXIS2_PLACEMENT_3D('',#6922,#5533,#5534);
#4562=AXIS2_PLACEMENT_3D('',#6931,#5539,#5540);
#4563=AXIS2_PLACEMENT_3D('',#6937,#5544,#5545);
#4564=AXIS2_PLACEMENT_3D('',#6943,#5549,#5550);
#4565=AXIS2_PLACEMENT_3D('',#6949,#5554,#5555);
#4566=AXIS2_PLACEMENT_3D('',#6955,#5559,#5560);
#4567=AXIS2_PLACEMENT_3D('',#6964,#5565,#5566);
#4568=AXIS2_PLACEMENT_3D('',#6970,#5570,#5571);
#4569=AXIS2_PLACEMENT_3D('',#6976,#5575,#5576);
#4570=AXIS2_PLACEMENT_3D('',#6982,#5580,#5581);
#4571=AXIS2_PLACEMENT_3D('',#6988,#5585,#5586);
#4572=AXIS2_PLACEMENT_3D('',#6994,#5590,#5591);
#4573=AXIS2_PLACEMENT_3D('',#7000,#5595,#5596);
#4574=AXIS2_PLACEMENT_3D('',#7006,#5600,#5601);
#4575=AXIS2_PLACEMENT_3D('',#7012,#5605,#5606);
#4576=AXIS2_PLACEMENT_3D('',#7018,#5610,#5611);
#4577=AXIS2_PLACEMENT_3D('',#7024,#5615,#5616);
#4578=AXIS2_PLACEMENT_3D('',#7033,#5621,#5622);
#4579=AXIS2_PLACEMENT_3D('',#7039,#5626,#5627);
#4580=AXIS2_PLACEMENT_3D('',#7045,#5631,#5632);
#4581=AXIS2_PLACEMENT_3D('',#7054,#5637,#5638);
#4582=AXIS2_PLACEMENT_3D('',#7060,#5642,#5643);
#4583=AXIS2_PLACEMENT_3D('',#7066,#5647,#5648);
#4584=AXIS2_PLACEMENT_3D('',#7069,#5651,#5652);
#4585=AXIS2_PLACEMENT_3D('',#7072,#5655,#5656);
#4586=AXIS2_PLACEMENT_3D('',#7075,#5659,#5660);
#4587=AXIS2_PLACEMENT_3D('',#7078,#5663,#5664);
#4588=AXIS2_PLACEMENT_3D('',#7131,#5691,#5692);
#4589=AXIS2_PLACEMENT_3D('',#7132,#5693,#5694);
#4590=AXIS2_PLACEMENT_3D('',#7133,#5695,#5696);
#4591=AXIS2_PLACEMENT_3D('',#7134,#5697,#5698);
#4592=AXIS2_PLACEMENT_3D('',#7135,#5699,#5700);
#4593=AXIS2_PLACEMENT_3D('',#7136,#5701,#5702);
#4594=AXIS2_PLACEMENT_3D('',#7137,#5703,#5704);
#4595=AXIS2_PLACEMENT_3D('',#7138,#5705,#5706);
#4596=AXIS2_PLACEMENT_3D('',#7139,#5707,#5708);
#4597=AXIS2_PLACEMENT_3D('',#7140,#5709,#5710);
#4598=AXIS2_PLACEMENT_3D('',#7141,#5711,#5712);
#4599=AXIS2_PLACEMENT_3D('',#7142,#5713,#5714);
#4600=AXIS2_PLACEMENT_3D('',#7143,#5715,#5716);
#4601=AXIS2_PLACEMENT_3D('',#7144,#5717,#5718);
#4602=AXIS2_PLACEMENT_3D('',#7145,#5719,#5720);
#4603=AXIS2_PLACEMENT_3D('',#7146,#5721,#5722);
#4604=AXIS2_PLACEMENT_3D('',#7147,#5723,#5724);
#4605=AXIS2_PLACEMENT_3D('',#7148,#5725,#5726);
#4606=AXIS2_PLACEMENT_3D('',#7149,#5727,#5728);
#4607=AXIS2_PLACEMENT_3D('',#7150,#5729,#5730);
#4608=AXIS2_PLACEMENT_3D('',#7151,#5731,#5732);
#4609=AXIS2_PLACEMENT_3D('',#7152,#5733,#5734);
#4610=AXIS2_PLACEMENT_3D('',#7153,#5735,#5736);
#4611=AXIS2_PLACEMENT_3D('',#7154,#5737,#5738);
#4612=AXIS2_PLACEMENT_3D('',#7155,#5739,#5740);
#4613=AXIS2_PLACEMENT_3D('',#7156,#5741,#5742);
#4614=AXIS2_PLACEMENT_3D('',#7157,#5743,#5744);
#4615=AXIS2_PLACEMENT_3D('',#7158,#5745,#5746);
#4616=AXIS2_PLACEMENT_3D('',#7159,#5747,#5748);
#4617=AXIS2_PLACEMENT_3D('',#7160,#5749,#5750);
#4618=AXIS2_PLACEMENT_3D('',#7161,#5751,#5752);
#4619=AXIS2_PLACEMENT_3D('',#7162,#5753,#5754);
#4620=AXIS2_PLACEMENT_3D('',#7163,#5755,#5756);
#4621=AXIS2_PLACEMENT_3D('',#7164,#5757,#5758);
#4622=AXIS2_PLACEMENT_3D('',#7165,#5759,#5760);
#4623=AXIS2_PLACEMENT_3D('',#7166,#5761,#5762);
#4624=AXIS2_PLACEMENT_3D('',#7167,#5763,#5764);
#4625=AXIS2_PLACEMENT_3D('',#7168,#5765,#5766);
#4626=AXIS2_PLACEMENT_3D('',#7169,#5767,#5768);
#4627=AXIS2_PLACEMENT_3D('',#7170,#5769,#5770);
#4628=AXIS2_PLACEMENT_3D('',#7171,#5771,#5772);
#4629=AXIS2_PLACEMENT_3D('',#7172,#5773,#5774);
#4630=AXIS2_PLACEMENT_3D('',#7173,#5775,#5776);
#4631=AXIS2_PLACEMENT_3D('',#7174,#5777,#5778);
#4632=AXIS2_PLACEMENT_3D('',#7175,#5779,#5780);
#4633=AXIS2_PLACEMENT_3D('',#7176,#5781,#5782);
#4634=AXIS2_PLACEMENT_3D('',#7177,#5783,#5784);
#4635=AXIS2_PLACEMENT_3D('',#7178,#5785,#5786);
#4636=AXIS2_PLACEMENT_3D('',#7179,#5787,#5788);
#4637=AXIS2_PLACEMENT_3D('',#7180,#5789,#5790);
#4638=AXIS2_PLACEMENT_3D('',#7181,#5791,#5792);
#4639=AXIS2_PLACEMENT_3D('',#7182,#5793,#5794);
#4640=AXIS2_PLACEMENT_3D('',#7183,#5795,#5796);
#4641=DIRECTION('',(0.,0.,1.));
#4642=DIRECTION('',(1.,0.,0.));
#4643=DIRECTION('',(-1.,0.,0.));
#4644=DIRECTION('',(0.,1.,0.));
#4645=DIRECTION('',(0.,1.,0.));
#4646=DIRECTION('',(-1.,0.,0.));
#4647=DIRECTION('',(0.,1.,0.));
#4648=DIRECTION('',(0.,0.,-1.));
#4649=DIRECTION('',(0.,1.,0.));
#4650=DIRECTION('',(0.,0.,-1.));
#4651=DIRECTION('',(0.,-1.,0.));
#4652=DIRECTION('',(-1.,0.,0.));
#4653=DIRECTION('',(-1.,0.,0.));
#4654=DIRECTION('',(0.,0.,-1.));
#4655=DIRECTION('',(-1.,0.,0.));
#4656=DIRECTION('',(1.,0.,0.));
#4657=DIRECTION('',(0.,-1.,0.));
#4658=DIRECTION('',(0.,0.,-1.));
#4659=DIRECTION('',(1.,0.,0.));
#4660=DIRECTION('',(0.,-1.,0.));
#4661=DIRECTION('',(0.,-1.,0.));
#4662=DIRECTION('',(0.,-1.,0.));
#4663=DIRECTION('',(0.,-1.,0.));
#4664=DIRECTION('',(-1.,0.,0.));
#4665=DIRECTION('',(-1.,0.,0.));
#4666=DIRECTION('',(-1.,0.,0.));
#4667=DIRECTION('',(0.,0.,1.));
#4668=DIRECTION('',(1.,0.,0.));
#4669=DIRECTION('',(-1.,0.,0.));
#4670=DIRECTION('',(0.,0.,1.));
#4671=DIRECTION('',(1.,0.,0.));
#4672=DIRECTION('',(-1.,0.,0.));
#4673=DIRECTION('',(0.,1.,0.));
#4674=DIRECTION('',(0.,0.,1.));
#4675=DIRECTION('',(1.,0.,0.));
#4676=DIRECTION('',(-1.,0.,0.));
#4677=DIRECTION('',(0.,0.999568390130468,0.0293774309970085));
#4678=DIRECTION('',(-0.997264688634237,0.0522644276887139,0.0522644276887139));
#4679=DIRECTION('',(0.,1.,4.8186763221578E-17));
#4680=DIRECTION('',(-1.,0.,0.));
#4681=DIRECTION('',(0.,1.,0.));
#4682=DIRECTION('',(0.,0.,-1.));
#4683=DIRECTION('',(0.,0.,-1.));
#4684=DIRECTION('',(0.,-1.,0.));
#4685=DIRECTION('',(0.,0.,-1.));
#4686=DIRECTION('',(0.,-1.80717817040724E-16,1.));
#4687=DIRECTION('',(-0.997264688634237,0.0522644276887139,-0.0522644276887139));
#4688=DIRECTION('',(-1.,0.,0.));
#4689=DIRECTION('',(0.,0.999541874289517,0.0302661781828884));
#4690=DIRECTION('',(-1.,0.,0.));
#4691=DIRECTION('',(0.,1.,0.));
#4692=DIRECTION('',(0.,0.,1.));
#4693=DIRECTION('',(0.,-1.80717817040724E-16,1.));
#4694=DIRECTION('',(0.,1.,0.));
#4695=DIRECTION('',(1.,0.,0.));
#4696=DIRECTION('',(-0.0523359562429438,-0.998629534754574,-1.8047014955324E-16));
#4697=DIRECTION('',(-0.998629534754574,0.0523359562429438,9.45803976496366E-18));
#4698=DIRECTION('',(0.,0.,1.));
#4699=DIRECTION('',(0.,-1.,0.));
#4700=DIRECTION('',(1.,0.,0.));
#4701=DIRECTION('',(1.,0.,0.));
#4702=DIRECTION('',(0.,-1.,0.));
#4703=DIRECTION('',(0.,-1.,0.));
#4704=DIRECTION('',(-1.,0.,0.));
#4705=DIRECTION('',(1.,0.,0.));
#4706=DIRECTION('',(0.,0.,-1.));
#4707=DIRECTION('',(0.,0.,1.));
#4708=DIRECTION('',(0.,-1.,0.));
#4709=DIRECTION('',(1.,0.,0.));
#4710=DIRECTION('',(0.,-1.,0.));
#4711=DIRECTION('',(0.,-1.,0.));
#4712=DIRECTION('',(-1.,0.,0.));
#4713=DIRECTION('',(0.,0.,-1.));
#4714=DIRECTION('',(1.,0.,0.));
#4715=DIRECTION('',(0.,0.,-1.));
#4716=DIRECTION('',(0.,0.,1.));
#4717=DIRECTION('',(1.,0.,0.));
#4718=DIRECTION('',(0.,-1.,0.));
#4719=DIRECTION('',(-1.,0.,0.));
#4720=DIRECTION('',(1.,1.87537673078574E-16,0.));
#4721=DIRECTION('',(0.,0.,1.));
#4722=DIRECTION('',(0.998629534754574,0.,-0.0523359562429439));
#4723=DIRECTION('',(0.,-1.,0.));
#4724=DIRECTION('',(-1.,0.,0.));
#4725=DIRECTION('',(1.,1.87537673078574E-16,0.));
#4726=DIRECTION('',(0.,0.,-1.));
#4727=DIRECTION('',(-0.707106781186548,0.,-0.707106781186548));
#4728=DIRECTION('',(0.,-1.,0.));
#4729=DIRECTION('',(-1.,0.,0.));
#4730=DIRECTION('',(1.,0.,0.));
#4731=DIRECTION('',(0.,-1.,0.));
#4732=DIRECTION('',(-1.,0.,0.));
#4733=DIRECTION('',(0.707106781186548,7.40129415090459E-33,0.707106781186548));
#4734=DIRECTION('',(0.,-1.,0.));
#4735=DIRECTION('',(-1.,0.,0.));
#4736=DIRECTION('',(1.,0.,-8.67361737988404E-17));
#4737=DIRECTION('',(8.67361737988404E-17,1.04670105673219E-32,1.));
#4738=DIRECTION('',(1.,0.,-8.67361737988404E-17));
#4739=DIRECTION('',(0.,0.,-1.));
#4740=DIRECTION('',(0.,-1.,0.));
#4741=DIRECTION('',(-1.,0.,0.));
#4742=DIRECTION('',(0.,0.,1.));
#4743=DIRECTION('',(1.,1.87537673078574E-16,0.));
#4744=DIRECTION('',(0.998629534754574,0.,-0.0523359562429439));
#4745=DIRECTION('',(0.,-1.,0.));
#4746=DIRECTION('',(-1.,0.,0.));
#4747=DIRECTION('',(0.,0.,-1.));
#4748=DIRECTION('',(1.,1.87537673078574E-16,0.));
#4749=DIRECTION('',(5.33761069531325E-16,0.,1.));
#4750=DIRECTION('',(0.,-1.,0.));
#4751=DIRECTION('',(-1.,0.,0.));
#4752=DIRECTION('',(0.707106781186548,0.,0.707106781186548));
#4753=DIRECTION('',(0.,-1.,0.));
#4754=DIRECTION('',(-1.,0.,0.));
#4755=DIRECTION('',(-1.,0.,8.67361737988404E-17));
#4756=DIRECTION('',(0.,0.,1.));
#4757=DIRECTION('',(1.,0.,0.));
#4758=DIRECTION('',(0.,0.,1.));
#4759=DIRECTION('',(-0.998629534754574,0.,-0.0523359562429439));
#4760=DIRECTION('',(-1.,0.,8.67361737988404E-17));
#4761=DIRECTION('',(8.67361737988404E-17,0.,1.));
#4762=DIRECTION('',(-1.,0.,8.67361737988404E-17));
#4763=DIRECTION('',(8.67361737988404E-17,0.,1.));
#4764=DIRECTION('',(-1.,0.,8.67361737988404E-17));
#4765=DIRECTION('',(8.67361737988404E-17,0.,1.));
#4766=DIRECTION('',(-1.,0.,8.67361737988404E-17));
#4767=DIRECTION('',(8.67361737988404E-17,0.,1.));
#4768=DIRECTION('',(-1.,0.,8.67361737988404E-17));
#4769=DIRECTION('',(8.67361737988404E-17,0.,1.));
#4770=DIRECTION('',(-1.,0.,8.67361737988404E-17));
#4771=DIRECTION('',(8.67361737988404E-17,0.,1.));
#4772=DIRECTION('',(-1.,0.,8.67361737988404E-17));
#4773=DIRECTION('',(8.67361737988404E-17,0.,1.));
#4774=DIRECTION('',(-1.,0.,8.67361737988404E-17));
#4775=DIRECTION('',(8.67361737988404E-17,0.,1.));
#4776=DIRECTION('',(-1.,0.,8.67361737988404E-17));
#4777=DIRECTION('',(8.67361737988404E-17,0.,1.));
#4778=DIRECTION('',(-9.07868447721534E-49,1.,-1.04670105673219E-32));
#4779=DIRECTION('',(8.67361737988404E-17,1.04670105673219E-32,1.));
#4780=DIRECTION('',(9.07868447721534E-49,-1.,1.04670105673219E-32));
#4781=DIRECTION('',(8.67361737988404E-17,1.04670105673219E-32,1.));
#4782=DIRECTION('',(-9.07868447721534E-49,1.,-1.04670105673219E-32));
#4783=DIRECTION('',(0.,0.,-1.));
#4784=DIRECTION('',(0.,1.,0.));
#4785=DIRECTION('',(-1.20676415720126E-16,1.,0.));
#4786=DIRECTION('',(-1.,-1.20676415720126E-16,5.33761069531325E-16));
#4787=DIRECTION('',(-1.,-1.06808052673122E-48,0.));
#4788=DIRECTION('',(1.20676415720126E-16,-1.,0.));
#4789=DIRECTION('',(1.,1.20676415720126E-16,0.));
#4790=DIRECTION('',(-1.,-1.20676415720126E-16,5.33761069531325E-16));
#4791=DIRECTION('',(-1.,-1.87537673078574E-16,0.));
#4792=DIRECTION('',(-1.87537673078574E-16,1.,0.));
#4793=DIRECTION('',(8.67361737988404E-17,1.04670105673219E-32,1.));
#4794=DIRECTION('',(1.20676415720126E-16,-1.,0.));
#4795=DIRECTION('',(0.,0.,1.));
#4796=DIRECTION('',(1.87537673078574E-16,-1.,0.));
#4797=DIRECTION('',(1.20676415720126E-16,-1.,0.));
#4798=DIRECTION('',(8.67361737988404E-17,1.04670105673219E-32,1.));
#4799=DIRECTION('',(1.20676415720126E-16,-1.,0.));
#4800=DIRECTION('',(8.67361737988404E-17,1.04670105673219E-32,1.));
#4801=DIRECTION('',(1.20676415720126E-16,-1.,0.));
#4802=DIRECTION('',(8.67361737988404E-17,1.04670105673219E-32,1.));
#4803=DIRECTION('',(1.20676415720126E-16,-1.,0.));
#4804=DIRECTION('',(8.67361737988404E-17,1.04670105673219E-32,1.));
#4805=DIRECTION('',(1.20676415720126E-16,-1.,0.));
#4806=DIRECTION('',(8.67361737988404E-17,1.04670105673219E-32,1.));
#4807=DIRECTION('',(1.20676415720126E-16,-1.,0.));
#4808=DIRECTION('',(1.20676415720126E-16,-1.,0.));
#4809=DIRECTION('',(-1.,-1.87537673078574E-16,0.));
#4810=DIRECTION('',(-1.87537673078574E-16,1.,0.));
#4811=DIRECTION('',(1.20676415720126E-16,-1.,0.));
#4812=DIRECTION('',(-1.,-1.20676415720126E-16,0.));
#4813=DIRECTION('',(1.,1.20676415720126E-16,0.));
#4814=DIRECTION('',(1.20676415720126E-16,-1.,0.));
#4815=DIRECTION('',(-1.,-1.20676415720126E-16,0.));
#4816=DIRECTION('',(1.20676415720126E-16,-1.,0.));
#4817=DIRECTION('',(-1.,-1.20676415720126E-16,0.));
#4818=DIRECTION('',(5.33761069531325E-16,6.44123727219811E-32,1.));
#4819=DIRECTION('',(1.,1.20676415720126E-16,0.));
#4820=DIRECTION('',(0.,0.,-1.));
#4821=DIRECTION('',(-0.998629534754574,-1.20511032886439E-16,-0.0523359562429439));
#4822=DIRECTION('',(0.,0.,1.));
#4823=DIRECTION('',(1.,1.20676415720126E-16,0.));
#4824=DIRECTION('',(-1.06808052673122E-48,1.,-1.04670105673219E-32));
#4825=DIRECTION('',(0.,1.04670105673219E-32,1.));
#4826=DIRECTION('',(-1.,-1.06808052673122E-48,0.));
#4827=DIRECTION('',(-1.,-1.60212079009684E-49,8.67361737988404E-17));
#4828=DIRECTION('',(-1.06808052673122E-48,1.,-1.04670105673219E-32));
#4829=DIRECTION('',(0.,1.04670105673219E-32,1.));
#4830=DIRECTION('',(-0.707106781186548,-7.40129415090459E-33,-0.707106781186548));
#4831=DIRECTION('',(-1.06808052673122E-48,1.,-1.04670105673219E-32));
#4832=DIRECTION('',(0.,1.04670105673219E-32,1.));
#4833=DIRECTION('',(-1.20676415720126E-16,1.,0.));
#4834=DIRECTION('',(1.,1.20676415720126E-16,0.));
#4835=DIRECTION('',(-1.20676415720126E-16,1.,0.));
#4836=DIRECTION('',(-1.20676415720126E-16,1.,0.));
#4837=DIRECTION('',(1.46081976924363E-16,-1.,0.));
#4838=DIRECTION('',(-1.,-1.46081976924363E-16,0.));
#4839=DIRECTION('',(-1.20676415720126E-16,1.,0.));
#4840=DIRECTION('',(-1.06808052673122E-48,1.,-1.04670105673219E-32));
#4841=DIRECTION('',(0.,1.04670105673219E-32,1.));
#4842=DIRECTION('',(0.707106781186549,-5.80221530569655E-16,0.707106781186547));
#4843=DIRECTION('',(0.707106781186547,0.,-0.707106781186549));
#4844=DIRECTION('',(-1.06808052673122E-48,1.,-1.04670105673219E-32));
#4845=DIRECTION('',(0.,1.04670105673219E-32,1.));
#4846=DIRECTION('',(0.,0.,1.));
#4847=DIRECTION('',(1.,0.,0.));
#4848=DIRECTION('',(0.,1.,0.));
#4849=DIRECTION('',(-1.,-1.46081976924363E-16,0.));
#4850=DIRECTION('',(1.20676415720126E-16,-1.,0.));
#4851=DIRECTION('',(0.,0.,1.));
#4852=DIRECTION('',(1.,0.,0.));
#4853=DIRECTION('',(-1.,-1.46081976924363E-16,0.));
#4854=DIRECTION('',(0.,-1.,0.));
#4855=DIRECTION('',(1.20676415720126E-16,-1.,0.));
#4856=DIRECTION('',(1.46081976924363E-16,-1.,0.));
#4857=DIRECTION('',(-1.,-1.46081976924363E-16,0.));
#4858=DIRECTION('',(1.46081976924363E-16,-1.,0.));
#4859=DIRECTION('',(-1.,-1.46081976924363E-16,0.));
#4860=DIRECTION('',(0.707106781186548,1.03295556492354E-16,0.707106781186548));
#4861=DIRECTION('',(0.,0.,-1.));
#4862=DIRECTION('',(0.,0.,-1.));
#4863=DIRECTION('',(1.46081976924363E-16,-1.,0.));
#4864=DIRECTION('',(-1.,-1.46081976924363E-16,0.));
#4865=DIRECTION('',(1.46081976924363E-16,-1.,0.));
#4866=DIRECTION('',(-1.,-1.46081976924363E-16,0.));
#4867=DIRECTION('',(1.,0.,0.));
#4868=DIRECTION('',(0.,-1.,0.));
#4869=DIRECTION('',(0.,0.,1.));
#4870=DIRECTION('',(1.,0.,0.));
#4871=DIRECTION('',(0.,-1.,0.));
#4872=DIRECTION('',(0.,-1.,0.));
#4873=DIRECTION('',(0.,0.,1.));
#4874=DIRECTION('',(0.,-1.,0.));
#4875=DIRECTION('',(0.,0.,1.));
#4876=DIRECTION('',(0.,-1.,0.));
#4877=DIRECTION('',(1.,0.,0.));
#4878=DIRECTION('',(0.,-1.,0.));
#4879=DIRECTION('',(0.,0.,1.));
#4880=DIRECTION('',(0.,1.,0.));
#4881=DIRECTION('',(0.,-1.80717817040724E-16,1.));
#4882=DIRECTION('',(0.,-1.,0.));
#4883=DIRECTION('',(0.,-1.,0.));
#4884=DIRECTION('',(-1.,0.,0.));
#4885=DIRECTION('',(0.,0.,1.));
#4886=DIRECTION('',(-0.998629534754574,0.,-0.0523359562429439));
#4887=DIRECTION('',(0.,0.,1.));
#4888=DIRECTION('',(-1.,0.,0.));
#4889=DIRECTION('',(-1.,0.,0.));
#4890=DIRECTION('',(0.,1.,0.));
#4891=DIRECTION('',(0.,1.,0.));
#4892=DIRECTION('',(0.,-1.,0.));
#4893=DIRECTION('',(1.46081976924363E-16,-1.,0.));
#4894=DIRECTION('',(-1.,-1.46081976924363E-16,0.));
#4895=DIRECTION('',(-0.998629534754574,-1.45881776652005E-16,-0.0523359562429439));
#4896=DIRECTION('',(0.,0.,-1.));
#4897=DIRECTION('',(-1.,0.,0.));
#4898=DIRECTION('',(0.,0.,-1.));
#4899=DIRECTION('',(0.,1.,0.));
#4900=DIRECTION('',(1.,0.,0.));
#4901=DIRECTION('',(-1.,0.,0.));
#4902=DIRECTION('',(0.,0.,1.));
#4903=DIRECTION('',(1.,0.,0.));
#4904=DIRECTION('',(0.,0.,1.));
#4905=DIRECTION('',(-1.,0.,1.7347234759768E-16));
#4906=DIRECTION('',(4.08170229641602E-16,0.,1.));
#4907=DIRECTION('',(-1.,0.,0.));
#4908=DIRECTION('',(0.,0.,1.));
#4909=DIRECTION('',(0.,1.,0.));
#4910=DIRECTION('',(1.,0.,0.));
#4911=DIRECTION('',(1.,0.,0.));
#4912=DIRECTION('',(0.,1.,0.));
#4913=DIRECTION('',(1.,0.,0.));
#4914=DIRECTION('',(0.,0.,-1.));
#4915=DIRECTION('',(-1.,0.,0.));
#4916=DIRECTION('',(0.,0.,-1.));
#4917=DIRECTION('',(0.,1.,0.));
#4918=DIRECTION('',(1.,0.,0.));
#4919=DIRECTION('',(0.,0.,-1.));
#4920=DIRECTION('',(0.,1.,0.));
#4921=DIRECTION('',(0.,0.,-1.));
#4922=DIRECTION('',(0.,1.,0.));
#4923=DIRECTION('',(1.,0.,0.));
#4924=DIRECTION('',(0.,-1.,0.));
#4925=DIRECTION('',(1.,0.,0.));
#4926=DIRECTION('',(0.,-1.,0.));
#4927=DIRECTION('',(1.,0.,0.));
#4928=DIRECTION('',(0.,-1.,0.));
#4929=DIRECTION('',(1.,0.,0.));
#4930=DIRECTION('',(0.,-1.,0.));
#4931=DIRECTION('',(1.,0.,0.));
#4932=DIRECTION('',(0.,-1.,0.));
#4933=DIRECTION('',(1.,0.,0.));
#4934=DIRECTION('',(0.,-1.,0.));
#4935=DIRECTION('',(1.,0.,0.));
#4936=DIRECTION('',(0.,-1.,0.));
#4937=DIRECTION('',(1.,0.,0.));
#4938=DIRECTION('',(0.,-1.,0.));
#4939=DIRECTION('',(1.,0.,0.));
#4940=DIRECTION('',(0.,-1.,0.));
#4941=DIRECTION('',(1.,0.,0.));
#4942=DIRECTION('',(0.,-1.,0.));
#4943=DIRECTION('',(0.,0.,1.));
#4944=DIRECTION('',(0.,-1.,0.));
#4945=DIRECTION('',(-1.,0.,0.));
#4946=DIRECTION('',(0.,-1.,0.));
#4947=DIRECTION('',(-1.,0.,0.));
#4948=DIRECTION('',(0.,-1.,0.));
#4949=DIRECTION('',(-1.,0.,0.));
#4950=DIRECTION('',(0.,-1.,0.));
#4951=DIRECTION('',(-1.,0.,0.));
#4952=DIRECTION('',(0.,-1.,0.));
#4953=DIRECTION('',(-1.,0.,0.));
#4954=DIRECTION('',(0.,-1.,0.));
#4955=DIRECTION('',(-1.,0.,0.));
#4956=DIRECTION('',(0.,-1.,0.));
#4957=DIRECTION('',(-1.,0.,0.));
#4958=DIRECTION('',(0.,-1.,0.));
#4959=DIRECTION('',(-1.,0.,0.));
#4960=DIRECTION('',(0.,-1.,0.));
#4961=DIRECTION('',(0.,1.,0.));
#4962=DIRECTION('',(0.,-1.,0.));
#4963=DIRECTION('',(0.,-1.,0.));
#4964=DIRECTION('',(-1.,0.,0.));
#4965=DIRECTION('',(0.,-1.,0.));
#4966=DIRECTION('',(-1.,0.,0.));
#4967=DIRECTION('',(-1.,0.,0.));
#4968=DIRECTION('',(0.,-1.,0.));
#4969=DIRECTION('',(-1.,0.,0.));
#4970=DIRECTION('',(0.,-1.,0.));
#4971=DIRECTION('',(0.,0.,-1.));
#4972=DIRECTION('',(0.,1.,0.));
#4973=DIRECTION('',(1.,0.,0.));
#4974=DIRECTION('',(1.,0.,0.));
#4975=DIRECTION('',(0.,-1.,0.));
#4976=DIRECTION('',(0.,0.,1.));
#4977=DIRECTION('',(0.,-1.,0.));
#4978=DIRECTION('',(0.,0.,1.));
#4979=DIRECTION('',(0.,-1.,0.));
#4980=DIRECTION('',(0.,-1.,0.));
#4981=DIRECTION('',(-1.,0.,0.));
#4982=DIRECTION('',(-1.,0.,0.));
#4983=DIRECTION('',(1.,0.,0.));
#4984=DIRECTION('',(0.,-1.,0.));
#4985=DIRECTION('',(0.,-1.,0.));
#4986=DIRECTION('',(0.,0.,1.));
#4987=DIRECTION('',(0.,-1.,0.));
#4988=DIRECTION('',(1.,0.,0.));
#4989=DIRECTION('',(0.,-1.,0.));
#4990=DIRECTION('',(0.,0.,1.));
#4991=DIRECTION('',(1.,0.,0.));
#4992=DIRECTION('',(0.,-1.,0.));
#4993=DIRECTION('',(0.,0.,1.));
#4994=DIRECTION('',(-1.,0.,0.));
#4995=DIRECTION('',(0.,1.,0.));
#4996=DIRECTION('',(0.,1.,0.));
#4997=DIRECTION('',(1.,1.20676415720126E-16,-5.33761069531325E-16));
#4998=DIRECTION('',(-5.33761069531325E-16,0.,-1.));
#4999=DIRECTION('',(8.67361737988404E-17,1.04670105673219E-32,1.));
#5000=DIRECTION('',(-1.20676415720126E-16,1.,1.09476442525376E-47));
#5001=DIRECTION('',(8.67361737988404E-17,1.04670105673219E-32,1.));
#5002=DIRECTION('',(-9.07868447721534E-49,1.,-1.04670105673219E-32));
#5003=DIRECTION('',(8.67361737988404E-17,1.04670105673219E-32,1.));
#5004=DIRECTION('',(-1.20676415720126E-16,1.,1.09476442525376E-47));
#5005=DIRECTION('',(8.67361737988404E-17,1.04670105673219E-32,1.));
#5006=DIRECTION('',(-9.07868447721534E-49,1.,-1.04670105673219E-32));
#5007=DIRECTION('',(8.67361737988404E-17,1.04670105673219E-32,1.));
#5008=DIRECTION('',(-1.20676415720126E-16,1.,1.09476442525376E-47));
#5009=DIRECTION('',(1.20676415720126E-16,-1.,0.));
#5010=DIRECTION('',(-9.07868447721534E-49,1.,-1.04670105673219E-32));
#5011=DIRECTION('',(-1.,0.,0.));
#5012=DIRECTION('',(0.,1.,0.));
#5013=DIRECTION('',(0.,1.,0.));
#5014=DIRECTION('',(1.,1.20676415720126E-16,-5.33761069531325E-16));
#5015=DIRECTION('',(-5.33761069531325E-16,0.,-1.));
#5016=DIRECTION('',(-1.,-1.20676415720126E-16,5.33761069531325E-16));
#5017=DIRECTION('',(5.33761069531325E-16,0.,1.));
#5018=DIRECTION('',(-1.,-1.20676415720126E-16,5.33761069531325E-16));
#5019=DIRECTION('',(5.33761069531325E-16,0.,1.));
#5020=DIRECTION('',(-1.20676415720126E-16,1.,0.));
#5021=DIRECTION('',(-1.20676415720126E-16,1.,0.));
#5022=DIRECTION('',(-1.,-1.20676415720126E-16,5.33761069531325E-16));
#5023=DIRECTION('',(5.33761069531325E-16,0.,1.));
#5024=DIRECTION('',(-1.,-1.20676415720126E-16,5.33761069531325E-16));
#5025=DIRECTION('',(5.33761069531325E-16,0.,1.));
#5026=DIRECTION('',(-1.,-1.20676415720126E-16,5.33761069531325E-16));
#5027=DIRECTION('',(5.33761069531325E-16,0.,1.));
#5028=DIRECTION('',(-1.,-1.20676415720126E-16,5.33761069531325E-16));
#5029=DIRECTION('',(5.33761069531325E-16,0.,1.));
#5030=DIRECTION('',(-1.,-1.20676415720126E-16,5.33761069531325E-16));
#5031=DIRECTION('',(5.33761069531325E-16,0.,1.));
#5032=DIRECTION('',(-1.,-1.20676415720126E-16,5.33761069531325E-16));
#5033=DIRECTION('',(5.33761069531325E-16,0.,1.));
#5034=DIRECTION('',(8.67361737988404E-17,1.04670105673219E-32,1.));
#5035=DIRECTION('',(1.,0.,-8.67361737988404E-17));
#5036=DIRECTION('',(-1.,0.,8.67361737988404E-17));
#5037=DIRECTION('',(1.20676415720126E-16,-1.,0.));
#5038=DIRECTION('',(1.,0.,-8.67361737988404E-17));
#5039=DIRECTION('',(8.67361737988404E-17,1.04670105673219E-32,1.));
#5040=DIRECTION('',(1.,0.,-8.67361737988404E-17));
#5041=DIRECTION('',(1.20676415720126E-16,-1.,0.));
#5042=DIRECTION('',(-1.,-1.60212079009684E-49,8.67361737988404E-17));
#5043=DIRECTION('',(8.67361737988404E-17,1.04670105673219E-32,1.));
#5044=DIRECTION('',(1.,0.,-8.67361737988404E-17));
#5045=DIRECTION('',(1.,3.87047598332601E-64,-8.67361737988404E-17));
#5046=DIRECTION('',(1.20676415720126E-16,-1.,0.));
#5047=DIRECTION('',(1.,0.,-8.67361737988404E-17));
#5048=DIRECTION('',(8.67361737988404E-17,1.04670105673219E-32,1.));
#5049=DIRECTION('',(1.,0.,-8.67361737988404E-17));
#5050=DIRECTION('',(1.20676415720126E-16,-1.,0.));
#5051=DIRECTION('',(1.,0.,-8.67361737988404E-17));
#5052=DIRECTION('',(-0.707106781186547,-8.53311118849878E-17,0.707106781186548));
#5053=DIRECTION('',(-1.20676415720126E-16,1.,0.));
#5054=DIRECTION('',(0.707106781186548,7.40129415090459E-33,0.707106781186548));
#5055=DIRECTION('',(1.20676415720126E-16,-1.,8.71576399210525E-33));
#5056=DIRECTION('',(-0.707106781186548,-7.40129415090459E-33,-0.707106781186548));
#5057=DIRECTION('',(-1.20676415720126E-16,1.,1.3684555315672E-48));
#5058=DIRECTION('',(-0.707106781186547,-8.53311118849878E-17,0.707106781186548));
#5059=DIRECTION('',(-1.20676415720126E-16,1.,0.));
#5060=DIRECTION('',(1.20676415720126E-16,-1.,-1.3684555315672E-48));
#5061=DIRECTION('',(-0.707106781186548,6.16297582203916E-33,-0.707106781186548));
#5062=DIRECTION('',(1.20676415720126E-16,-1.,8.71576399210525E-33));
#5063=DIRECTION('',(-0.707106781186547,-8.53311118849878E-17,0.707106781186548));
#5064=DIRECTION('',(-1.20676415720126E-16,1.,0.));
#5065=DIRECTION('',(0.707106781186548,7.40129415090459E-33,0.707106781186548));
#5066=DIRECTION('',(-1.20676415720126E-16,1.,1.3684555315672E-48));
#5067=DIRECTION('',(0.707106781186548,7.40129415090459E-33,0.707106781186548));
#5068=DIRECTION('',(1.20676415720126E-16,-1.,8.71576399210525E-33));
#5069=DIRECTION('',(-0.707106781186547,-8.53311118849878E-17,0.707106781186548));
#5070=DIRECTION('',(-1.20676415720126E-16,1.,0.));
#5071=DIRECTION('',(-1.20676415720126E-16,1.,1.3684555315672E-48));
#5072=DIRECTION('',(0.707106781186548,7.40129415090459E-33,0.707106781186548));
#5073=DIRECTION('',(1.20676415720126E-16,-1.,8.71576399210525E-33));
#5074=DIRECTION('',(-1.,-1.87537673078574E-16,0.));
#5075=DIRECTION('',(-1.87537673078574E-16,1.,0.));
#5076=DIRECTION('',(8.67361737988404E-17,1.04670105673219E-32,1.));
#5077=DIRECTION('',(1.20676415720126E-16,-1.,0.));
#5078=DIRECTION('',(0.,0.,1.));
#5079=DIRECTION('',(0.,1.,0.));
#5080=DIRECTION('',(1.,0.,0.));
#5081=DIRECTION('',(1.20676415720126E-16,-1.,0.));
#5082=DIRECTION('',(-1.,-1.20676415720126E-16,0.));
#5083=DIRECTION('',(-1.,-1.20676415720126E-16,8.67361737988404E-17));
#5084=DIRECTION('',(9.07868447721534E-49,-1.,1.04670105673219E-32));
#5085=DIRECTION('',(0.,-1.04670105673219E-32,-1.));
#5086=DIRECTION('',(9.07868447721534E-49,-1.,1.04670105673219E-32));
#5087=DIRECTION('',(0.,-1.04670105673219E-32,-1.));
#5088=DIRECTION('',(1.,0.,-8.67361737988404E-17));
#5089=DIRECTION('',(9.07868447721534E-49,-1.,1.04670105673219E-32));
#5090=DIRECTION('',(0.,-1.04670105673219E-32,-1.));
#5091=DIRECTION('',(9.07868447721534E-49,-1.,1.04670105673219E-32));
#5092=DIRECTION('',(0.,-1.04670105673219E-32,-1.));
#5093=DIRECTION('',(9.07868447721534E-49,-1.,1.04670105673219E-32));
#5094=DIRECTION('',(0.,-1.04670105673219E-32,-1.));
#5095=DIRECTION('',(9.07868447721534E-49,-1.,1.04670105673219E-32));
#5096=DIRECTION('',(0.,-1.04670105673219E-32,-1.));
#5097=DIRECTION('',(1.,3.87047598332601E-64,-8.67361737988404E-17));
#5098=DIRECTION('',(8.67361737988404E-17,1.04670105673219E-32,1.));
#5099=DIRECTION('',(1.,-9.07868447721534E-49,-8.67361737988404E-17));
#5100=DIRECTION('',(-9.07868447721534E-49,1.,-1.04670105673219E-32));
#5101=DIRECTION('',(0.,1.04670105673219E-32,1.));
#5102=DIRECTION('',(-9.07868447721534E-49,1.,-1.04670105673219E-32));
#5103=DIRECTION('',(0.,1.04670105673219E-32,1.));
#5104=DIRECTION('',(-1.,0.,8.67361737988404E-17));
#5105=DIRECTION('',(-9.07868447721534E-49,1.,-1.04670105673219E-32));
#5106=DIRECTION('',(0.,1.04670105673219E-32,1.));
#5107=DIRECTION('',(9.07868447721534E-49,-1.,1.04670105673219E-32));
#5108=DIRECTION('',(0.,-1.04670105673219E-32,-1.));
#5109=DIRECTION('',(9.07868447721534E-49,-1.,1.04670105673219E-32));
#5110=DIRECTION('',(0.,-1.04670105673219E-32,-1.));
#5111=DIRECTION('',(1.,0.,-8.67361737988404E-17));
#5112=DIRECTION('',(9.07868447721534E-49,-1.,1.04670105673219E-32));
#5113=DIRECTION('',(0.,-1.04670105673219E-32,-1.));
#5114=DIRECTION('',(8.67361737988404E-17,1.04670105673219E-32,1.));
#5115=DIRECTION('',(1.,-9.07868447721534E-49,-8.67361737988404E-17));
#5116=DIRECTION('',(9.07868447721534E-49,-1.,1.04670105673219E-32));
#5117=DIRECTION('',(0.,-1.04670105673219E-32,-1.));
#5118=DIRECTION('',(9.07868447721534E-49,-1.,1.04670105673219E-32));
#5119=DIRECTION('',(0.,-1.04670105673219E-32,-1.));
#5120=DIRECTION('',(9.07868447721534E-49,-1.,1.04670105673219E-32));
#5121=DIRECTION('',(0.,-1.04670105673219E-32,-1.));
#5122=DIRECTION('',(1.,0.,-8.67361737988404E-17));
#5123=DIRECTION('',(8.67361737988404E-17,1.04670105673219E-32,1.));
#5124=DIRECTION('',(1.,-9.07868447721534E-49,-8.67361737988404E-17));
#5125=DIRECTION('',(-1.06808052673122E-48,1.,-1.04670105673219E-32));
#5126=DIRECTION('',(0.,1.04670105673219E-32,1.));
#5127=DIRECTION('',(-1.,-1.60212079009683E-49,8.67361737988404E-17));
#5128=DIRECTION('',(8.67361737988404E-17,1.04670105673219E-32,1.));
#5129=DIRECTION('',(1.,-9.07868447721534E-49,-8.67361737988404E-17));
#5130=DIRECTION('',(-1.,-1.20676415720126E-16,5.33761069531325E-16));
#5131=DIRECTION('',(5.33761069531325E-16,0.,1.));
#5132=DIRECTION('',(-1.,-1.20676415720126E-16,5.33761069531325E-16));
#5133=DIRECTION('',(-1.,-1.20676415720126E-16,5.33761069531325E-16));
#5134=DIRECTION('',(-1.,-1.20676415720126E-16,5.33761069531325E-16));
#5135=DIRECTION('',(5.33761069531325E-16,0.,1.));
#5136=DIRECTION('',(-1.,-1.20676415720126E-16,5.33761069531325E-16));
#5137=DIRECTION('',(-1.,-1.20676415720126E-16,5.33761069531325E-16));
#5138=DIRECTION('',(5.33761069531325E-16,0.,1.));
#5139=DIRECTION('',(-1.,-1.20676415720126E-16,5.33761069531325E-16));
#5140=DIRECTION('',(-1.,-1.20676415720126E-16,5.33761069531325E-16));
#5141=DIRECTION('',(5.33761069531325E-16,0.,1.));
#5142=DIRECTION('',(-1.,0.,0.));
#5143=DIRECTION('',(0.,1.,0.));
#5144=DIRECTION('',(0.,1.,0.));
#5145=DIRECTION('',(1.20676415720126E-16,-1.,-1.93528837224682E-48));
#5146=DIRECTION('',(-1.,-1.20676415720126E-16,0.));
#5147=DIRECTION('',(-1.06808052673122E-48,1.,-1.04670105673219E-32));
#5148=DIRECTION('',(0.,1.04670105673219E-32,1.));
#5149=DIRECTION('',(-1.20676415720126E-16,1.,0.));
#5150=DIRECTION('',(1.,1.20676415720126E-16,0.));
#5151=DIRECTION('',(-1.20676415720126E-16,1.,0.));
#5152=DIRECTION('',(1.,1.20676415720126E-16,0.));
#5153=DIRECTION('',(-1.20676415720126E-16,1.,0.));
#5154=DIRECTION('',(0.707106781186548,7.40129415090459E-33,0.707106781186548));
#5155=DIRECTION('',(0.707106781186548,0.,-0.707106781186548));
#5156=DIRECTION('',(0.707106781186549,4.8351794214138E-16,0.707106781186547));
#5157=DIRECTION('',(0.707106781186547,0.,-0.707106781186549));
#5158=DIRECTION('',(-1.06808052673122E-48,1.,-1.04670105673219E-32));
#5159=DIRECTION('',(0.,1.04670105673219E-32,1.));
#5160=DIRECTION('',(1.,0.,0.));
#5161=DIRECTION('',(0.,-1.,0.));
#5162=DIRECTION('',(1.,1.60212079009684E-49,-8.67361737988404E-17));
#5163=DIRECTION('',(-8.67361737988404E-17,0.,-1.));
#5164=DIRECTION('',(1.20676415720126E-16,-1.,-1.93528837224682E-48));
#5165=DIRECTION('',(-1.,-1.20676415720126E-16,0.));
#5166=DIRECTION('',(1.20676415720126E-16,-1.,-9.30427102041742E-48));
#5167=DIRECTION('',(-1.,-1.20676415720126E-16,0.));
#5168=DIRECTION('',(1.20676415720126E-16,-1.,-9.30427102041742E-48));
#5169=DIRECTION('',(-1.,-1.20676415720126E-16,0.));
#5170=DIRECTION('',(1.20676415720126E-16,-1.,-1.93528837224682E-48));
#5171=DIRECTION('',(-1.,-1.20676415720126E-16,0.));
#5172=DIRECTION('',(1.20676415720126E-16,-1.,-9.30427102041742E-48));
#5173=DIRECTION('',(-1.,-1.20676415720126E-16,0.));
#5174=DIRECTION('',(1.20676415720126E-16,-1.,-1.93528837224682E-48));
#5175=DIRECTION('',(-1.,-1.20676415720126E-16,0.));
#5176=DIRECTION('',(-1.,0.,0.));
#5177=DIRECTION('',(0.,1.,0.));
#5178=DIRECTION('',(0.,0.,-1.));
#5179=DIRECTION('',(0.,-1.,0.));
#5180=DIRECTION('',(-1.,0.,0.));
#5181=DIRECTION('',(0.,1.,0.));
#5182=DIRECTION('',(-1.,0.,0.));
#5183=DIRECTION('',(0.,1.,0.));
#5184=DIRECTION('',(0.,-1.,0.));
#5185=DIRECTION('',(1.,0.,0.));
#5186=DIRECTION('',(0.,-1.,0.));
#5187=DIRECTION('',(0.,-1.,0.));
#5188=DIRECTION('',(1.,0.,0.));
#5189=DIRECTION('',(0.,-1.,0.));
#5190=DIRECTION('',(1.,0.,0.));
#5191=DIRECTION('',(0.,-1.,0.));
#5192=DIRECTION('',(0.,-1.,0.));
#5193=DIRECTION('',(0.,0.,1.));
#5194=DIRECTION('',(1.,0.,0.));
#5195=DIRECTION('',(0.,-1.,0.));
#5196=DIRECTION('',(1.,0.,0.));
#5197=DIRECTION('',(0.,-1.,0.));
#5198=DIRECTION('',(1.,0.,0.));
#5199=DIRECTION('',(0.,-1.,0.));
#5200=DIRECTION('',(0.,-1.,0.));
#5201=DIRECTION('',(0.,0.,1.));
#5202=DIRECTION('',(0.,-1.,0.));
#5203=DIRECTION('',(1.,0.,0.));
#5204=DIRECTION('',(0.,-1.,0.));
#5205=DIRECTION('',(0.,0.,1.));
#5206=DIRECTION('',(0.,-1.,0.));
#5207=DIRECTION('',(1.,0.,0.));
#5208=DIRECTION('',(0.,-1.,0.));
#5209=DIRECTION('',(1.,0.,0.));
#5210=DIRECTION('',(0.,-1.,0.));
#5211=DIRECTION('',(0.,-1.,0.));
#5212=DIRECTION('',(1.,0.,0.));
#5213=DIRECTION('',(0.,-1.,0.));
#5214=DIRECTION('',(1.,0.,0.));
#5215=DIRECTION('',(0.,-1.,0.));
#5216=DIRECTION('',(1.,0.,0.));
#5217=DIRECTION('',(0.,-1.,0.));
#5218=DIRECTION('',(0.,-1.,0.));
#5219=DIRECTION('',(0.,0.,1.));
#5220=DIRECTION('',(0.,-1.,0.));
#5221=DIRECTION('',(1.,0.,0.));
#5222=DIRECTION('',(0.,-1.,0.));
#5223=DIRECTION('',(0.,0.,1.));
#5224=DIRECTION('',(0.,-1.,0.));
#5225=DIRECTION('',(1.,0.,0.));
#5226=DIRECTION('',(0.,-1.,0.));
#5227=DIRECTION('',(1.,0.,0.));
#5228=DIRECTION('',(0.,-1.,0.));
#5229=DIRECTION('',(0.,-1.,0.));
#5230=DIRECTION('',(-1.,0.,1.7347234759768E-16));
#5231=DIRECTION('',(1.7347234759768E-16,0.,1.));
#5232=DIRECTION('',(0.,-1.,0.));
#5233=DIRECTION('',(-1.,0.,1.7347234759768E-16));
#5234=DIRECTION('',(1.7347234759768E-16,0.,1.));
#5235=DIRECTION('',(-1.,0.,1.7347234759768E-16));
#5236=DIRECTION('',(1.7347234759768E-16,0.,1.));
#5237=DIRECTION('',(0.,-1.,0.));
#5238=DIRECTION('',(-1.7347234759768E-16,0.,-1.));
#5239=DIRECTION('',(-1.,0.,0.));
#5240=DIRECTION('',(0.,1.,0.));
#5241=DIRECTION('',(0.,0.,-1.));
#5242=DIRECTION('',(0.,-1.,0.));
#5243=DIRECTION('',(-1.,0.,0.));
#5244=DIRECTION('',(0.,1.,0.));
#5245=DIRECTION('',(0.,-1.,0.));
#5246=DIRECTION('',(1.,0.,0.));
#5247=DIRECTION('',(0.,-1.,0.));
#5248=DIRECTION('',(1.,0.,0.));
#5249=DIRECTION('',(0.,-1.,0.));
#5250=DIRECTION('',(1.,0.,0.));
#5251=DIRECTION('',(0.,-1.,0.));
#5252=DIRECTION('',(0.,-1.,0.));
#5253=DIRECTION('',(0.,0.,1.));
#5254=DIRECTION('',(0.,-1.,0.));
#5255=DIRECTION('',(-1.,0.,0.));
#5256=DIRECTION('',(0.,1.,0.));
#5257=DIRECTION('',(0.,-1.,0.));
#5258=DIRECTION('',(-1.,0.,0.));
#5259=DIRECTION('',(0.,1.,0.));
#5260=DIRECTION('',(0.,-1.,0.));
#5261=DIRECTION('',(0.,0.,-1.));
#5262=DIRECTION('',(0.,1.,0.));
#5263=DIRECTION('',(1.,0.,0.));
#5264=DIRECTION('',(1.,0.,0.));
#5265=DIRECTION('',(-1.,0.,0.));
#5266=DIRECTION('',(0.,1.,0.));
#5267=DIRECTION('',(1.,0.,0.));
#5268=DIRECTION('',(0.,1.,0.));
#5269=DIRECTION('',(1.,0.,0.));
#5270=DIRECTION('',(0.,1.,0.));
#5271=DIRECTION('',(1.,0.,0.));
#5272=DIRECTION('',(0.,1.,0.));
#5273=DIRECTION('',(1.,0.,0.));
#5274=DIRECTION('',(0.,1.,0.));
#5275=DIRECTION('',(1.,0.,0.));
#5276=DIRECTION('',(0.,1.,0.));
#5277=DIRECTION('',(1.,0.,0.));
#5278=DIRECTION('',(0.,1.,0.));
#5279=DIRECTION('',(1.,0.,0.));
#5280=DIRECTION('',(0.,1.,0.));
#5281=DIRECTION('',(1.,0.,0.));
#5282=DIRECTION('',(0.,1.,0.));
#5283=DIRECTION('',(1.,0.,0.));
#5284=DIRECTION('',(0.,1.,0.));
#5285=DIRECTION('',(1.,0.,0.));
#5286=DIRECTION('',(0.,1.,0.));
#5287=DIRECTION('',(1.,0.,0.));
#5288=DIRECTION('',(0.,1.,0.));
#5289=DIRECTION('',(1.,0.,0.));
#5290=DIRECTION('',(0.,1.,0.));
#5291=DIRECTION('',(1.,0.,0.));
#5292=DIRECTION('',(0.,1.,0.));
#5293=DIRECTION('',(1.,0.,0.));
#5294=DIRECTION('',(0.,1.,0.));
#5295=DIRECTION('',(1.,0.,0.));
#5296=DIRECTION('',(0.,1.,0.));
#5297=DIRECTION('',(1.,0.,0.));
#5298=DIRECTION('',(0.,1.,0.));
#5299=DIRECTION('',(1.,0.,0.));
#5300=DIRECTION('',(0.,1.,0.));
#5301=DIRECTION('',(1.,0.,0.));
#5302=DIRECTION('',(0.,1.,0.));
#5303=DIRECTION('',(1.,0.,0.));
#5304=DIRECTION('',(0.,1.,0.));
#5305=DIRECTION('',(1.,0.,0.));
#5306=DIRECTION('',(0.,1.,0.));
#5307=DIRECTION('',(1.,0.,0.));
#5308=DIRECTION('',(1.,0.,0.));
#5309=DIRECTION('',(-1.,0.,0.));
#5310=DIRECTION('',(0.,1.,0.));
#5311=DIRECTION('',(1.,0.,0.));
#5312=DIRECTION('',(0.,-1.,0.));
#5313=DIRECTION('',(-0.707106781186548,0.707106781186548,0.));
#5314=DIRECTION('',(0.707106781186548,0.707106781186548,0.));
#5315=DIRECTION('',(1.,0.,0.));
#5316=DIRECTION('',(0.,-1.,0.));
#5317=DIRECTION('',(0.,1.,0.));
#5318=DIRECTION('',(1.,0.,0.));
#5319=DIRECTION('',(-0.707106781186548,0.707106781186548,0.));
#5320=DIRECTION('',(0.707106781186548,0.707106781186548,0.));
#5321=DIRECTION('',(-1.,0.,0.));
#5322=DIRECTION('',(0.,1.,0.));
#5323=DIRECTION('',(0.,-1.,0.));
#5324=DIRECTION('',(-1.,0.,0.));
#5325=DIRECTION('',(-0.707106781186548,-0.707106781186548,0.));
#5326=DIRECTION('',(0.707106781186548,-0.707106781186548,0.));
#5327=DIRECTION('',(0.,-1.,0.));
#5328=DIRECTION('',(1.,0.,0.));
#5329=DIRECTION('',(0.,-1.,0.));
#5330=DIRECTION('',(0.,-1.,0.));
#5331=DIRECTION('',(-1.,0.,0.));
#5332=DIRECTION('',(-0.707106781186548,-0.707106781186548,0.));
#5333=DIRECTION('',(0.707106781186548,-0.707106781186548,0.));
#5334=DIRECTION('',(-1.,0.,0.));
#5335=DIRECTION('',(0.,1.,0.));
#5336=DIRECTION('',(0.,-1.,0.));
#5337=DIRECTION('',(-1.,0.,0.));
#5338=DIRECTION('',(0.,-1.,0.));
#5339=DIRECTION('',(-1.,0.,0.));
#5340=DIRECTION('',(0.,1.,0.));
#5341=DIRECTION('',(1.,0.,0.));
#5342=DIRECTION('',(0.,-1.,0.));
#5343=DIRECTION('',(-1.,0.,0.));
#5344=DIRECTION('',(0.,-1.,0.));
#5345=DIRECTION('',(-1.,0.,0.));
#5346=DIRECTION('',(0.,1.,0.));
#5347=DIRECTION('',(1.,0.,0.));
#5348=DIRECTION('',(0.,1.,0.));
#5349=DIRECTION('',(1.,0.,0.));
#5350=DIRECTION('',(0.,-1.,0.));
#5351=DIRECTION('',(0.,-1.,0.));
#5352=DIRECTION('',(-1.,0.,0.));
#5353=DIRECTION('',(0.,-1.,0.));
#5354=DIRECTION('',(0.,1.,0.));
#5355=DIRECTION('',(1.,0.,0.));
#5356=DIRECTION('',(0.,-1.,0.));
#5357=DIRECTION('',(-1.,0.,0.));
#5358=DIRECTION('',(0.,1.,0.));
#5359=DIRECTION('',(1.,0.,0.));
#5360=DIRECTION('',(0.,-1.,0.));
#5361=DIRECTION('',(0.,1.,0.));
#5362=DIRECTION('',(1.,0.,0.));
#5363=DIRECTION('',(0.,-1.,0.));
#5364=DIRECTION('',(0.,1.,0.));
#5365=DIRECTION('',(1.,0.,0.));
#5366=DIRECTION('',(0.,1.,0.));
#5367=DIRECTION('',(1.,0.,0.));
#5368=DIRECTION('',(0.,-1.,0.));
#5369=DIRECTION('',(-1.,0.,0.));
#5370=DIRECTION('',(0.,-1.,0.));
#5371=DIRECTION('',(0.,-1.,0.));
#5372=DIRECTION('',(-1.,0.,0.));
#5373=DIRECTION('',(-1.,0.,0.));
#5374=DIRECTION('',(0.,1.,0.));
#5375=DIRECTION('',(1.,0.,0.));
#5376=DIRECTION('',(-1.,0.,0.));
#5377=DIRECTION('',(0.,1.,0.));
#5378=DIRECTION('',(1.,0.,0.));
#5379=DIRECTION('',(-1.,0.,0.));
#5380=DIRECTION('',(0.,1.,0.));
#5381=DIRECTION('',(1.,0.,0.));
#5382=DIRECTION('',(-1.,0.,0.));
#5383=DIRECTION('',(0.,1.,0.));
#5384=DIRECTION('',(1.,0.,0.));
#5385=DIRECTION('',(-1.,0.,0.));
#5386=DIRECTION('',(0.,1.,0.));
#5387=DIRECTION('',(1.,0.,0.));
#5388=DIRECTION('',(0.,-1.,0.));
#5389=DIRECTION('',(1.,0.,0.));
#5390=DIRECTION('',(0.,-1.,0.));
#5391=DIRECTION('',(1.,0.,0.));
#5392=DIRECTION('',(1.,0.,0.));
#5393=DIRECTION('',(0.,-1.,0.));
#5394=DIRECTION('',(1.,0.,0.));
#5395=DIRECTION('',(1.,0.,0.));
#5396=DIRECTION('',(0.,-1.,0.));
#5397=DIRECTION('',(1.,0.,0.));
#5398=DIRECTION('',(0.,0.,1.));
#5399=DIRECTION('',(0.,-1.,0.));
#5400=DIRECTION('',(0.,-1.,0.));
#5401=DIRECTION('',(-1.,0.,0.));
#5402=DIRECTION('',(1.,0.,-4.08170229641602E-16));
#5403=DIRECTION('',(-4.08170229641602E-16,0.,-1.));
#5404=DIRECTION('',(0.,-1.,0.));
#5405=DIRECTION('',(4.08170229641602E-16,0.,1.));
#5406=DIRECTION('',(1.73472347597681E-16,0.,1.));
#5407=DIRECTION('',(1.,0.,-1.73472347597681E-16));
#5408=DIRECTION('',(-1.,0.,1.73472347597681E-16));
#5409=DIRECTION('',(0.,1.,0.));
#5410=DIRECTION('',(1.,0.,0.));
#5411=DIRECTION('',(-1.,0.,1.73472347597681E-16));
#5412=DIRECTION('',(0.,0.,1.));
#5413=DIRECTION('',(-1.,0.,0.));
#5414=DIRECTION('',(4.08170229641602E-16,0.,1.));
#5415=DIRECTION('',(-4.08170229641602E-16,0.,-1.));
#5416=DIRECTION('',(-1.,0.,4.08170229641602E-16));
#5417=DIRECTION('',(-0.707106781186548,0.,-0.707106781186547));
#5418=DIRECTION('',(0.707106781186547,0.,-0.707106781186548));
#5419=DIRECTION('',(0.707106781186547,0.,-0.707106781186548));
#5420=DIRECTION('',(-0.707106781186548,0.,-0.707106781186547));
#5421=DIRECTION('',(1.,0.,0.));
#5422=DIRECTION('',(0.,-1.,0.));
#5423=DIRECTION('',(0.707106781186548,0.,0.707106781186548));
#5424=DIRECTION('',(0.707106781186548,0.,-0.707106781186548));
#5425=DIRECTION('',(-1.,0.,1.73472347597681E-16));
#5426=DIRECTION('',(1.73472347597681E-16,0.,1.));
#5427=DIRECTION('',(-0.707106781186548,0.,0.707106781186548));
#5428=DIRECTION('',(-0.707106781186548,0.,-0.707106781186548));
#5429=DIRECTION('',(0.,0.,1.));
#5430=DIRECTION('',(0.,-1.,0.));
#5431=DIRECTION('',(0.,0.,-1.));
#5432=DIRECTION('',(0.,1.,0.));
#5433=DIRECTION('',(1.,0.,0.));
#5434=DIRECTION('',(0.,0.,-1.));
#5435=DIRECTION('',(0.,1.,0.));
#5436=DIRECTION('',(1.,0.,0.));
#5437=DIRECTION('',(0.,0.,-1.));
#5438=DIRECTION('',(0.,1.,0.));
#5439=DIRECTION('',(0.,0.,-1.));
#5440=DIRECTION('',(0.,1.,0.));
#5441=DIRECTION('',(1.,0.,0.));
#5442=DIRECTION('',(0.,0.,-1.));
#5443=DIRECTION('',(0.,1.,0.));
#5444=DIRECTION('',(1.,0.,0.));
#5445=DIRECTION('',(0.,1.,0.));
#5446=DIRECTION('',(1.,0.,0.));
#5447=DIRECTION('',(0.,0.,1.));
#5448=DIRECTION('',(0.,0.,1.));
#5449=DIRECTION('',(0.,-1.,0.));
#5450=DIRECTION('',(-0.0523359562429438,0.,-0.998629534754574));
#5451=DIRECTION('',(-0.998629534754574,0.,0.0523359562429438));
#5452=DIRECTION('',(0.,-1.,0.));
#5453=DIRECTION('',(0.998629534754574,1.45881776652005E-16,-0.0523359562429439));
#5454=DIRECTION('',(0.,-1.,0.));
#5455=DIRECTION('',(0.998629534754574,1.20511032886439E-16,-0.0523359562429439));
#5456=DIRECTION('',(0.998629534754574,1.87280659215411E-16,-0.0523359562429439));
#5457=DIRECTION('',(0.,-1.,0.));
#5458=DIRECTION('',(0.997264688634237,0.0522644276887139,-0.0522644276887139));
#5459=DIRECTION('',(-0.997264688634237,0.0522644276887139,0.0522644276887139));
#5460=DIRECTION('',(0.,-1.,0.));
#5461=DIRECTION('',(0.998629534754574,1.87280659215411E-16,-0.0523359562429439));
#5462=DIRECTION('',(-1.,0.,0.));
#5463=DIRECTION('',(0.,0.,1.));
#5464=DIRECTION('',(0.,1.,0.));
#5465=DIRECTION('',(0.,0.,-1.));
#5466=DIRECTION('',(0.,-1.80717817040724E-16,1.));
#5467=DIRECTION('',(0.,1.,0.));
#5468=DIRECTION('',(-0.0523359562429438,0.998629534754574,0.));
#5469=DIRECTION('',(-0.998629534754574,-0.0523359562429438,0.));
#5470=DIRECTION('',(0.,0.,-1.));
#5471=DIRECTION('',(0.997264688634237,0.0522644276887139,0.0522644276887139));
#5472=DIRECTION('',(-0.0523359562429438,-0.998629534754574,-1.8047014955324E-16));
#5473=DIRECTION('',(-0.998629534754574,0.0523359562429438,9.45803976496366E-18));
#5474=DIRECTION('',(-0.997264688634237,0.0522644276887139,-0.0522644276887139));
#5475=DIRECTION('',(-0.0523359562429438,0.,0.998629534754574));
#5476=DIRECTION('',(-0.998629534754574,0.,-0.0523359562429438));
#5477=DIRECTION('',(0.,1.,0.));
#5478=DIRECTION('',(-1.,0.,0.));
#5479=DIRECTION('',(0.,0.,1.));
#5480=DIRECTION('',(0.,0.,-1.));
#5481=DIRECTION('',(1.20676415720126E-16,-1.,0.));
#5482=DIRECTION('',(-1.,-1.20676415720126E-16,0.));
#5483=DIRECTION('',(0.,0.,1.));
#5484=DIRECTION('',(1.,1.20676415720126E-16,0.));
#5485=DIRECTION('',(1.46081976924363E-16,-1.,0.));
#5486=DIRECTION('',(-1.,-1.46081976924363E-16,0.));
#5487=DIRECTION('',(0.,0.,-1.));
#5488=DIRECTION('',(-1.,-1.46081976924363E-16,0.));
#5489=DIRECTION('',(0.,0.,1.));
#5490=DIRECTION('',(1.,0.,0.));
#5491=DIRECTION('',(0.,-1.,0.));
#5492=DIRECTION('',(-1.,0.,0.));
#5493=DIRECTION('',(0.,1.,0.));
#5494=DIRECTION('',(0.707106781186548,0.,-0.707106781186548));
#5495=DIRECTION('',(0.,-1.,0.));
#5496=DIRECTION('',(0.,-1.,0.));
#5497=DIRECTION('',(0.,1.,0.));
#5498=DIRECTION('',(1.,0.,0.));
#5499=DIRECTION('',(0.,0.,-1.));
#5500=DIRECTION('',(0.,1.,0.));
#5501=DIRECTION('',(-1.,-1.20676415720126E-16,5.33761069531325E-16));
#5502=DIRECTION('',(5.33761069531325E-16,0.,1.));
#5503=DIRECTION('',(-1.,-1.20676415720126E-16,5.33761069531325E-16));
#5504=DIRECTION('',(-1.,-1.20676415720126E-16,5.33761069531325E-16));
#5505=DIRECTION('',(-1.,-1.20676415720126E-16,5.33761069531325E-16));
#5506=DIRECTION('',(5.33761069531325E-16,0.,1.));
#5507=DIRECTION('',(-1.,-1.20676415720126E-16,5.33761069531325E-16));
#5508=DIRECTION('',(-1.,-1.20676415720126E-16,5.33761069531325E-16));
#5509=DIRECTION('',(5.33761069531325E-16,0.,1.));
#5510=DIRECTION('',(-1.,-1.20676415720126E-16,5.33761069531325E-16));
#5511=DIRECTION('',(5.33761069531325E-16,0.,1.));
#5512=DIRECTION('',(-1.,-1.20676415720126E-16,5.33761069531325E-16));
#5513=DIRECTION('',(-1.,-1.20676415720126E-16,5.33761069531325E-16));
#5514=DIRECTION('',(5.33761069531325E-16,0.,1.));
#5515=DIRECTION('',(-1.,-1.20676415720126E-16,5.33761069531325E-16));
#5516=DIRECTION('',(-1.,-1.20676415720126E-16,5.33761069531325E-16));
#5517=DIRECTION('',(5.33761069531325E-16,0.,1.));
#5518=DIRECTION('',(5.33761069531325E-16,6.44123727219811E-32,1.));
#5519=DIRECTION('',(1.,0.,-5.33761069531325E-16));
#5520=DIRECTION('',(-1.20676415720126E-16,1.,0.));
#5521=DIRECTION('',(-1.,-1.20676415720126E-16,5.33761069531325E-16));
#5522=DIRECTION('',(5.33761069531325E-16,6.44123727219811E-32,1.));
#5523=DIRECTION('',(-1.87537673078574E-16,1.,0.));
#5524=DIRECTION('',(1.,1.87537673078574E-16,0.));
#5525=DIRECTION('',(1.,1.87537673078574E-16,0.));
#5526=DIRECTION('',(-1.87537673078574E-16,1.,0.));
#5527=DIRECTION('',(1.,1.87537673078574E-16,0.));
#5528=DIRECTION('',(1.,1.87537673078574E-16,0.));
#5529=DIRECTION('',(0.,0.,1.));
#5530=DIRECTION('',(0.,-1.,0.));
#5531=DIRECTION('',(0.,0.,1.));
#5532=DIRECTION('',(1.,0.,0.));
#5533=DIRECTION('',(-5.25016064027852E-18,-0.991129094838138,0.132902661242479));
#5534=DIRECTION('',(-1.,-5.25016064027852E-18,-7.86571728940767E-17));
#5535=DIRECTION('',(7.86571728940767E-17,-0.132902661242479,-0.991129094838138));
#5536=DIRECTION('',(-1.,-5.25016064027852E-18,-7.86571728940767E-17));
#5537=DIRECTION('',(7.86571728940767E-17,-0.132902661242479,-0.991129094838138));
#5538=DIRECTION('',(-1.,-5.25016064027852E-18,-7.86571728940767E-17));
#5539=DIRECTION('',(-1.,-5.25016064027852E-18,-7.86571728940767E-17));
#5540=DIRECTION('',(5.25016064027852E-18,0.991129094838138,-0.132902661242479));
#5541=DIRECTION('',(7.86571728940767E-17,-0.132902661242479,-0.991129094838138));
#5542=DIRECTION('',(5.25016064027852E-18,0.991129094838138,-0.132902661242479));
#5543=DIRECTION('',(5.25016064027852E-18,0.991129094838138,-0.132902661242479));
#5544=DIRECTION('',(-5.25016064027852E-18,-0.991129094838138,0.132902661242479));
#5545=DIRECTION('',(-1.,-5.25016064027852E-18,-7.86571728940767E-17));
#5546=DIRECTION('',(7.86571728940767E-17,-0.132902661242479,-0.991129094838138));
#5547=DIRECTION('',(-1.,-5.25016064027852E-18,-7.86571728940767E-17));
#5548=DIRECTION('',(-1.,-5.25016064027852E-18,-7.86571728940767E-17));
#5549=DIRECTION('',(1.,5.25016064027852E-18,7.86571728940767E-17));
#5550=DIRECTION('',(-5.25016064027852E-18,-0.991129094838138,0.132902661242479));
#5551=DIRECTION('',(7.86571728940767E-17,-0.132902661242479,-0.991129094838138));
#5552=DIRECTION('',(-5.25016064027852E-18,-0.991129094838138,0.132902661242479));
#5553=DIRECTION('',(-5.25016064027852E-18,-0.991129094838138,0.132902661242479));
#5554=DIRECTION('',(-5.25016064027852E-18,-0.991129094838138,0.132902661242479));
#5555=DIRECTION('',(-1.,-5.25016064027852E-18,-7.86571728940767E-17));
#5556=DIRECTION('',(7.86571728940767E-17,-0.132902661242479,-0.991129094838138));
#5557=DIRECTION('',(-1.,-5.25016064027852E-18,-7.86571728940767E-17));
#5558=DIRECTION('',(-1.,-5.25016064027852E-18,-7.86571728940767E-17));
#5559=DIRECTION('',(1.,5.25016064027852E-18,7.86571728940767E-17));
#5560=DIRECTION('',(-5.25016064027852E-18,-0.991129094838138,0.132902661242479));
#5561=DIRECTION('',(7.86571728940767E-17,-0.132902661242479,-0.991129094838138));
#5562=DIRECTION('',(-5.25016064027852E-18,-0.991129094838138,0.132902661242479));
#5563=DIRECTION('',(7.86571728940767E-17,-0.132902661242479,-0.991129094838138));
#5564=DIRECTION('',(-5.25016064027852E-18,-0.991129094838138,0.132902661242479));
#5565=DIRECTION('',(-5.25016064027852E-18,-0.991129094838138,0.132902661242479));
#5566=DIRECTION('',(-1.,-5.25016064027852E-18,-7.86571728940767E-17));
#5567=DIRECTION('',(7.86571728940767E-17,-0.132902661242479,-0.991129094838138));
#5568=DIRECTION('',(-1.,-5.25016064027852E-18,-7.86571728940767E-17));
#5569=DIRECTION('',(-1.,-5.25016064027852E-18,-7.86571728940767E-17));
#5570=DIRECTION('',(-1.,-5.25016064027852E-18,-7.86571728940767E-17));
#5571=DIRECTION('',(5.25016064027852E-18,0.991129094838138,-0.132902661242479));
#5572=DIRECTION('',(7.86571728940767E-17,-0.132902661242479,-0.991129094838138));
#5573=DIRECTION('',(5.25016064027852E-18,0.991129094838138,-0.132902661242479));
#5574=DIRECTION('',(5.25016064027852E-18,0.991129094838138,-0.132902661242479));
#5575=DIRECTION('',(5.25016064027852E-18,0.991129094838138,-0.132902661242479));
#5576=DIRECTION('',(1.,5.25016064027852E-18,7.86571728940767E-17));
#5577=DIRECTION('',(7.86571728940767E-17,-0.132902661242479,-0.991129094838138));
#5578=DIRECTION('',(1.,5.25016064027852E-18,7.86571728940767E-17));
#5579=DIRECTION('',(1.,5.25016064027852E-18,7.86571728940767E-17));
#5580=DIRECTION('',(-1.,-5.25016064027852E-18,-7.86571728940767E-17));
#5581=DIRECTION('',(5.25016064027852E-18,0.991129094838138,-0.132902661242479));
#5582=DIRECTION('',(7.86571728940767E-17,-0.132902661242479,-0.991129094838138));
#5583=DIRECTION('',(5.25016064027852E-18,0.991129094838138,-0.132902661242479));
#5584=DIRECTION('',(5.25016064027852E-18,0.991129094838138,-0.132902661242479));
#5585=DIRECTION('',(-5.25016064027852E-18,-0.991129094838138,0.132902661242479));
#5586=DIRECTION('',(-1.,-5.25016064027852E-18,-7.86571728940767E-17));
#5587=DIRECTION('',(7.86571728940767E-17,-0.132902661242479,-0.991129094838138));
#5588=DIRECTION('',(-1.,-5.25016064027852E-18,-7.86571728940767E-17));
#5589=DIRECTION('',(-1.,-5.25016064027852E-18,-7.86571728940767E-17));
#5590=DIRECTION('',(-1.,-5.25016064027852E-18,-7.86571728940767E-17));
#5591=DIRECTION('',(5.25016064027852E-18,0.991129094838138,-0.132902661242479));
#5592=DIRECTION('',(7.86571728940767E-17,-0.132902661242479,-0.991129094838138));
#5593=DIRECTION('',(5.25016064027852E-18,0.991129094838138,-0.132902661242479));
#5594=DIRECTION('',(5.25016064027852E-18,0.991129094838138,-0.132902661242479));
#5595=DIRECTION('',(-5.25016064027852E-18,-0.991129094838138,0.132902661242479));
#5596=DIRECTION('',(-1.,-5.25016064027852E-18,-7.86571728940767E-17));
#5597=DIRECTION('',(7.86571728940767E-17,-0.132902661242479,-0.991129094838138));
#5598=DIRECTION('',(-1.,-5.25016064027852E-18,-7.86571728940767E-17));
#5599=DIRECTION('',(-1.,-5.25016064027852E-18,-7.86571728940767E-17));
#5600=DIRECTION('',(-1.,-5.25016064027852E-18,-7.86571728940767E-17));
#5601=DIRECTION('',(5.25016064027852E-18,0.991129094838138,-0.132902661242479));
#5602=DIRECTION('',(7.86571728940767E-17,-0.132902661242479,-0.991129094838138));
#5603=DIRECTION('',(5.25016064027852E-18,0.991129094838138,-0.132902661242479));
#5604=DIRECTION('',(5.25016064027852E-18,0.991129094838138,-0.132902661242479));
#5605=DIRECTION('',(-5.25016064027852E-18,-0.991129094838138,0.132902661242479));
#5606=DIRECTION('',(-1.,-5.25016064027852E-18,-7.86571728940767E-17));
#5607=DIRECTION('',(7.86571728940767E-17,-0.132902661242479,-0.991129094838138));
#5608=DIRECTION('',(-1.,-5.25016064027852E-18,-7.86571728940767E-17));
#5609=DIRECTION('',(-1.,-5.25016064027852E-18,-7.86571728940767E-17));
#5610=DIRECTION('',(-1.,-5.25016064027852E-18,-7.86571728940767E-17));
#5611=DIRECTION('',(5.25016064027852E-18,0.991129094838138,-0.132902661242479));
#5612=DIRECTION('',(7.86571728940767E-17,-0.132902661242479,-0.991129094838138));
#5613=DIRECTION('',(5.25016064027852E-18,0.991129094838138,-0.132902661242479));
#5614=DIRECTION('',(5.25016064027852E-18,0.991129094838138,-0.132902661242479));
#5615=DIRECTION('',(-5.25016064027852E-18,-0.991129094838138,0.132902661242479));
#5616=DIRECTION('',(-1.,-5.25016064027852E-18,-7.86571728940767E-17));
#5617=DIRECTION('',(7.86571728940767E-17,-0.132902661242479,-0.991129094838138));
#5618=DIRECTION('',(-1.,-5.25016064027852E-18,-7.86571728940767E-17));
#5619=DIRECTION('',(7.86571728940767E-17,-0.132902661242479,-0.991129094838138));
#5620=DIRECTION('',(-1.,-5.25016064027852E-18,-7.86571728940767E-17));
#5621=DIRECTION('',(-1.,-5.25016064027852E-18,-7.86571728940767E-17));
#5622=DIRECTION('',(5.25016064027852E-18,0.991129094838138,-0.132902661242479));
#5623=DIRECTION('',(7.86571728940767E-17,-0.132902661242479,-0.991129094838138));
#5624=DIRECTION('',(5.25016064027852E-18,0.991129094838138,-0.132902661242479));
#5625=DIRECTION('',(5.25016064027852E-18,0.991129094838138,-0.132902661242479));
#5626=DIRECTION('',(-5.25016064027852E-18,-0.991129094838138,0.132902661242479));
#5627=DIRECTION('',(-1.,-5.25016064027852E-18,-7.86571728940767E-17));
#5628=DIRECTION('',(7.86571728940767E-17,-0.132902661242479,-0.991129094838138));
#5629=DIRECTION('',(-1.,-5.25016064027852E-18,-7.86571728940767E-17));
#5630=DIRECTION('',(-1.,-5.25016064027852E-18,-7.86571728940767E-17));
#5631=DIRECTION('',(-1.,-5.25016064027852E-18,-7.86571728940767E-17));
#5632=DIRECTION('',(5.25016064027852E-18,0.991129094838138,-0.132902661242479));
#5633=DIRECTION('',(7.86571728940767E-17,-0.132902661242479,-0.991129094838138));
#5634=DIRECTION('',(5.25016064027852E-18,0.991129094838138,-0.132902661242479));
#5635=DIRECTION('',(7.86571728940767E-17,-0.132902661242479,-0.991129094838138));
#5636=DIRECTION('',(5.25016064027852E-18,0.991129094838138,-0.132902661242479));
#5637=DIRECTION('',(-5.25016064027852E-18,-0.991129094838138,0.132902661242479));
#5638=DIRECTION('',(-1.,-5.25016064027852E-18,-7.86571728940767E-17));
#5639=DIRECTION('',(7.86571728940767E-17,-0.132902661242479,-0.991129094838138));
#5640=DIRECTION('',(-1.,-5.25016064027852E-18,-7.86571728940767E-17));
#5641=DIRECTION('',(-1.,-5.25016064027852E-18,-7.86571728940767E-17));
#5642=DIRECTION('',(1.,5.25016064027852E-18,7.86571728940767E-17));
#5643=DIRECTION('',(-5.25016064027852E-18,-0.991129094838138,0.132902661242479));
#5644=DIRECTION('',(7.86571728940767E-17,-0.132902661242479,-0.991129094838138));
#5645=DIRECTION('',(-5.25016064027852E-18,-0.991129094838138,0.132902661242479));
#5646=DIRECTION('',(-5.25016064027852E-18,-0.991129094838138,0.132902661242479));
#5647=DIRECTION('',(-5.25016064027852E-18,-0.991129094838138,0.132902661242479));
#5648=DIRECTION('',(-1.,-5.25016064027852E-18,-7.86571728940767E-17));
#5649=DIRECTION('',(-1.,-5.25016064027852E-18,-7.86571728940767E-17));
#5650=DIRECTION('',(-1.,-5.25016064027852E-18,-7.86571728940767E-17));
#5651=DIRECTION('',(1.,5.25016064027852E-18,7.86571728940767E-17));
#5652=DIRECTION('',(-5.25016064027852E-18,-0.991129094838138,0.132902661242479));
#5653=DIRECTION('',(-5.25016064027852E-18,-0.991129094838138,0.132902661242479));
#5654=DIRECTION('',(-5.25016064027852E-18,-0.991129094838138,0.132902661242479));
#5655=DIRECTION('',(-5.25016064027852E-18,-0.991129094838138,0.132902661242479));
#5656=DIRECTION('',(-1.,-5.25016064027852E-18,-7.86571728940767E-17));
#5657=DIRECTION('',(-1.,-5.25016064027852E-18,-7.86571728940767E-17));
#5658=DIRECTION('',(-1.,-5.25016064027852E-18,-7.86571728940767E-17));
#5659=DIRECTION('',(-1.,-5.25016064027852E-18,-7.86571728940767E-17));
#5660=DIRECTION('',(5.25016064027852E-18,0.991129094838138,-0.132902661242479));
#5661=DIRECTION('',(5.25016064027852E-18,0.991129094838138,-0.132902661242479));
#5662=DIRECTION('',(5.25016064027852E-18,0.991129094838138,-0.132902661242479));
#5663=DIRECTION('',(-7.86571728940767E-17,0.132902661242479,0.991129094838138));
#5664=DIRECTION('',(1.,5.25016064027852E-18,7.86571728940767E-17));
#5665=DIRECTION('',(-1.,-5.25016064027852E-18,-7.86571728940767E-17));
#5666=DIRECTION('',(-5.25016064027852E-18,-0.991129094838138,0.132902661242479));
#5667=DIRECTION('',(-1.,-5.25016064027852E-18,-7.86571728940767E-17));
#5668=DIRECTION('',(5.25016064027852E-18,0.991129094838138,-0.132902661242479));
#5669=DIRECTION('',(-1.,-5.25016064027852E-18,-7.86571728940767E-17));
#5670=DIRECTION('',(5.25016064027852E-18,0.991129094838138,-0.132902661242479));
#5671=DIRECTION('',(5.25016064027852E-18,0.991129094838138,-0.132902661242479));
#5672=DIRECTION('',(-1.,-5.25016064027852E-18,-7.86571728940767E-17));
#5673=DIRECTION('',(-5.25016064027852E-18,-0.991129094838138,0.132902661242479));
#5674=DIRECTION('',(-1.,-5.25016064027852E-18,-7.86571728940767E-17));
#5675=DIRECTION('',(5.25016064027852E-18,0.991129094838138,-0.132902661242479));
#5676=DIRECTION('',(-1.,-5.25016064027852E-18,-7.86571728940767E-17));
#5677=DIRECTION('',(-5.25016064027852E-18,-0.991129094838138,0.132902661242479));
#5678=DIRECTION('',(-1.,-5.25016064027852E-18,-7.86571728940767E-17));
#5679=DIRECTION('',(5.25016064027852E-18,0.991129094838138,-0.132902661242479));
#5680=DIRECTION('',(-1.,-5.25016064027852E-18,-7.86571728940767E-17));
#5681=DIRECTION('',(5.25016064027852E-18,0.991129094838138,-0.132902661242479));
#5682=DIRECTION('',(-1.,-5.25016064027852E-18,-7.86571728940767E-17));
#5683=DIRECTION('',(5.25016064027852E-18,0.991129094838138,-0.132902661242479));
#5684=DIRECTION('',(-1.,-5.25016064027852E-18,-7.86571728940767E-17));
#5685=DIRECTION('',(-5.25016064027852E-18,-0.991129094838138,0.132902661242479));
#5686=DIRECTION('',(-1.,-5.25016064027852E-18,-7.86571728940767E-17));
#5687=DIRECTION('',(5.25016064027852E-18,0.991129094838138,-0.132902661242479));
#5688=DIRECTION('',(1.,5.25016064027852E-18,7.86571728940767E-17));
#5689=DIRECTION('',(5.25016064027852E-18,0.991129094838138,-0.132902661242479));
#5690=DIRECTION('',(-1.,-5.25016064027852E-18,-7.86571728940767E-17));
#5691=DIRECTION('',(-7.86571728940767E-17,0.132902661242479,0.991129094838138));
#5692=DIRECTION('',(1.,5.25016064027852E-18,7.86571728940767E-17));
#5693=DIRECTION('',(1.,5.25016064027852E-18,7.86571728940767E-17));
#5694=DIRECTION('',(-5.25016064027852E-18,-0.991129094838138,0.132902661242479));
#5695=DIRECTION('',(0.707106781186548,-0.700834103991332,0.0939763730022954));
#5696=DIRECTION('',(0.707106781186548,0.700834103991332,-0.0939763730022953));
#5697=DIRECTION('',(0.707106781186548,0.700834103991332,-0.0939763730022953));
#5698=DIRECTION('',(-0.707106781186548,0.700834103991332,-0.0939763730022954));
#5699=DIRECTION('',(5.25016064027852E-18,0.991129094838138,-0.132902661242479));
#5700=DIRECTION('',(1.,5.25016064027852E-18,7.86571728940767E-17));
#5701=DIRECTION('',(-0.707106781186548,0.700834103991332,-0.0939763730022954));
#5702=DIRECTION('',(0.707106781186548,0.700834103991332,-0.0939763730022953));
#5703=DIRECTION('',(-5.25016064027852E-18,-0.991129094838138,0.132902661242479));
#5704=DIRECTION('',(-1.,-5.25016064027852E-18,-7.86571728940767E-17));
#5705=DIRECTION('',(-0.707106781186548,-0.700834103991332,0.0939763730022953));
#5706=DIRECTION('',(-0.707106781186548,0.700834103991332,-0.0939763730022954));
#5707=DIRECTION('',(-1.,-5.25016064027852E-18,-7.86571728940767E-17));
#5708=DIRECTION('',(5.25016064027852E-18,0.991129094838138,-0.132902661242479));
#5709=DIRECTION('',(-0.707106781186548,0.700834103991332,-0.0939763730022954));
#5710=DIRECTION('',(-0.707106781186548,-0.700834103991332,0.0939763730022953));
#5711=DIRECTION('',(-1.,-5.25016064027852E-18,-7.86571728940767E-17));
#5712=DIRECTION('',(5.25016064027852E-18,0.991129094838138,-0.132902661242479));
#5713=DIRECTION('',(-0.707106781186548,0.700834103991332,-0.0939763730022954));
#5714=DIRECTION('',(0.707106781186548,0.700834103991332,-0.0939763730022953));
#5715=DIRECTION('',(5.25016064027852E-18,0.991129094838138,-0.132902661242479));
#5716=DIRECTION('',(1.,5.25016064027852E-18,7.86571728940767E-17));
#5717=DIRECTION('',(-1.,-5.25016064027852E-18,-7.86571728940767E-17));
#5718=DIRECTION('',(5.25016064027852E-18,0.991129094838138,-0.132902661242479));
#5719=DIRECTION('',(-0.707106781186548,0.700834103991332,-0.0939763730022954));
#5720=DIRECTION('',(0.707106781186548,0.700834103991332,-0.0939763730022953));
#5721=DIRECTION('',(-0.707106781186548,-0.700834103991332,0.0939763730022953));
#5722=DIRECTION('',(0.707106781186548,-0.700834103991332,0.0939763730022954));
#5723=DIRECTION('',(-5.25016064027852E-18,-0.991129094838138,0.132902661242479));
#5724=DIRECTION('',(-1.,-5.25016064027852E-18,-7.86571728940767E-17));
#5725=DIRECTION('',(-0.707106781186548,-0.700834103991332,0.0939763730022953));
#5726=DIRECTION('',(-0.707106781186548,0.700834103991332,-0.0939763730022954));
#5727=DIRECTION('',(5.25016064027852E-18,0.991129094838138,-0.132902661242479));
#5728=DIRECTION('',(1.,5.25016064027852E-18,7.86571728940767E-17));
#5729=DIRECTION('',(-0.707106781186548,0.700834103991332,-0.0939763730022954));
#5730=DIRECTION('',(-0.707106781186548,-0.700834103991332,0.0939763730022953));
#5731=DIRECTION('',(-1.,-5.25016064027852E-18,-7.86571728940767E-17));
#5732=DIRECTION('',(5.25016064027852E-18,0.991129094838138,-0.132902661242479));
#5733=DIRECTION('',(-0.707106781186548,0.700834103991332,-0.0939763730022954));
#5734=DIRECTION('',(-0.707106781186548,-0.700834103991332,0.0939763730022953));
#5735=DIRECTION('',(-1.,-5.25016064027852E-18,-7.86571728940767E-17));
#5736=DIRECTION('',(5.25016064027852E-18,0.991129094838138,-0.132902661242479));
#5737=DIRECTION('',(-0.707106781186548,-0.700834103991332,0.0939763730022953));
#5738=DIRECTION('',(-0.707106781186548,0.700834103991332,-0.0939763730022954));
#5739=DIRECTION('',(5.25016064027852E-18,0.991129094838138,-0.132902661242479));
#5740=DIRECTION('',(1.,5.25016064027852E-18,7.86571728940767E-17));
#5741=DIRECTION('',(0.707106781186548,0.700834103991332,-0.0939763730022953));
#5742=DIRECTION('',(0.707106781186548,-0.700834103991332,0.0939763730022954));
#5743=DIRECTION('',(-5.25016064027852E-18,-0.991129094838138,0.132902661242479));
#5744=DIRECTION('',(-1.,-5.25016064027852E-18,-7.86571728940767E-17));
#5745=DIRECTION('',(0.707106781186548,-0.700834103991332,0.0939763730022954));
#5746=DIRECTION('',(0.707106781186548,0.700834103991332,-0.0939763730022953));
#5747=DIRECTION('',(1.,5.25016064027852E-18,7.86571728940767E-17));
#5748=DIRECTION('',(-5.25016064027852E-18,-0.991129094838138,0.132902661242479));
#5749=DIRECTION('',(0.707106781186548,-0.700834103991332,0.0939763730022954));
#5750=DIRECTION('',(0.707106781186548,0.700834103991332,-0.0939763730022953));
#5751=DIRECTION('',(1.,5.25016064027852E-18,7.86571728940767E-17));
#5752=DIRECTION('',(-5.25016064027852E-18,-0.991129094838138,0.132902661242479));
#5753=DIRECTION('',(0.707106781186548,0.700834103991332,-0.0939763730022953));
#5754=DIRECTION('',(0.707106781186548,-0.700834103991332,0.0939763730022954));
#5755=DIRECTION('',(-5.25016064027852E-18,-0.991129094838138,0.132902661242479));
#5756=DIRECTION('',(-1.,-5.25016064027852E-18,-7.86571728940767E-17));
#5757=DIRECTION('',(0.707106781186548,-0.700834103991332,0.0939763730022954));
#5758=DIRECTION('',(0.707106781186548,0.700834103991332,-0.0939763730022953));
#5759=DIRECTION('',(5.25016064027852E-18,0.991129094838138,-0.132902661242479));
#5760=DIRECTION('',(1.,5.25016064027852E-18,7.86571728940767E-17));
#5761=DIRECTION('',(0.707106781186548,0.700834103991332,-0.0939763730022953));
#5762=DIRECTION('',(0.707106781186548,-0.700834103991332,0.0939763730022954));
#5763=DIRECTION('',(1.,5.25016064027852E-18,7.86571728940767E-17));
#5764=DIRECTION('',(-5.25016064027852E-18,-0.991129094838138,0.132902661242479));
#5765=DIRECTION('',(-5.25016064027852E-18,-0.991129094838138,0.132902661242479));
#5766=DIRECTION('',(-1.,-5.25016064027852E-18,-7.86571728940767E-17));
#5767=DIRECTION('',(-0.707106781186548,-0.700834103991332,0.0939763730022953));
#5768=DIRECTION('',(0.707106781186548,-0.700834103991332,0.0939763730022954));
#5769=DIRECTION('',(0.707106781186548,-0.700834103991332,0.0939763730022954));
#5770=DIRECTION('',(-0.707106781186548,-0.700834103991332,0.0939763730022953));
#5771=DIRECTION('',(1.,5.25016064027852E-18,7.86571728940767E-17));
#5772=DIRECTION('',(-5.25016064027852E-18,-0.991129094838138,0.132902661242479));
#5773=DIRECTION('',(0.707106781186548,0.700834103991332,-0.0939763730022953));
#5774=DIRECTION('',(-0.707106781186548,0.700834103991332,-0.0939763730022954));
#5775=DIRECTION('',(-1.,-5.25016064027852E-18,-7.86571728940767E-17));
#5776=DIRECTION('',(5.25016064027852E-18,0.991129094838138,-0.132902661242479));
#5777=DIRECTION('',(-0.707106781186548,0.700834103991332,-0.0939763730022954));
#5778=DIRECTION('',(0.707106781186548,0.700834103991332,-0.0939763730022953));
#5779=DIRECTION('',(5.25016064027852E-18,0.991129094838138,-0.132902661242479));
#5780=DIRECTION('',(1.,5.25016064027852E-18,7.86571728940767E-17));
#5781=DIRECTION('',(-5.25016064027852E-18,-0.991129094838138,0.132902661242479));
#5782=DIRECTION('',(-1.,-5.25016064027852E-18,-7.86571728940767E-17));
#5783=DIRECTION('',(-0.707106781186548,-0.700834103991332,0.0939763730022953));
#5784=DIRECTION('',(0.707106781186548,-0.700834103991332,0.0939763730022954));
#5785=DIRECTION('',(0.707106781186548,-0.700834103991332,0.0939763730022954));
#5786=DIRECTION('',(-0.707106781186548,-0.700834103991332,0.0939763730022953));
#5787=DIRECTION('',(1.,5.25016064027852E-18,7.86571728940767E-17));
#5788=DIRECTION('',(-5.25016064027852E-18,-0.991129094838138,0.132902661242479));
#5789=DIRECTION('',(0.707106781186548,0.700834103991332,-0.0939763730022953));
#5790=DIRECTION('',(-0.707106781186548,0.700834103991332,-0.0939763730022954));
#5791=DIRECTION('',(-1.,-5.25016064027852E-18,-7.86571728940767E-17));
#5792=DIRECTION('',(5.25016064027852E-18,0.991129094838138,-0.132902661242479));
#5793=DIRECTION('',(-0.707106781186548,0.700834103991332,-0.0939763730022954));
#5794=DIRECTION('',(0.707106781186548,0.700834103991332,-0.0939763730022953));
#5795=DIRECTION('',(5.25016064027852E-18,0.991129094838138,-0.132902661242479));
#5796=DIRECTION('',(1.,5.25016064027852E-18,7.86571728940767E-17));
#5797=CARTESIAN_POINT('',(0.,0.,0.));
#5798=CARTESIAN_POINT('',(-0.045,0.0306996968589741,0.0355));
#5799=CARTESIAN_POINT('',(-0.045,0.0306996968589741,0.0355));
#5800=CARTESIAN_POINT('',(-0.045,0.0295305410149936,0.0355));
#5801=CARTESIAN_POINT('',(-0.045,0.033800223552853,0.0355));
#5802=CARTESIAN_POINT('',(-0.045,0.0295305410149936,0.0335686291501015));
#5803=CARTESIAN_POINT('',(-0.045,0.0275991701650952,0.0335686291501015));
#5804=CARTESIAN_POINT('',(-0.045,0.0275991701650952,0.0355));
#5805=CARTESIAN_POINT('',(-0.045,0.0275991701650952,0.026));
#5806=CARTESIAN_POINT('',(-0.045,0.0306996968589741,0.026));
#5807=CARTESIAN_POINT('',(-0.045,0.033800223552853,0.026));
#5808=CARTESIAN_POINT('',(-0.045,0.033800223552853,0.0355));
#5809=CARTESIAN_POINT('',(-0.05125,0.033800223552853,0.0355));
#5810=CARTESIAN_POINT('',(-0.05125,0.033800223552853,0.026));
#5811=CARTESIAN_POINT('',(-0.0575,0.033800223552853,0.026));
#5812=CARTESIAN_POINT('',(-0.0575,0.033800223552853,0.0355));
#5813=CARTESIAN_POINT('',(-0.0575,0.033800223552853,0.0355));
#5814=CARTESIAN_POINT('',(-0.05125,0.033800223552853,0.0355));
#5815=CARTESIAN_POINT('',(-0.0575,0.0515,0.0355));
#5816=CARTESIAN_POINT('',(-0.0575,0.0275991701650952,0.0355));
#5817=CARTESIAN_POINT('',(-0.0575,0.0275991701650952,0.0335686291501015));
#5818=CARTESIAN_POINT('',(-0.0575,0.0275991701650952,0.026));
#5819=CARTESIAN_POINT('',(-0.0575,0.0295305410149936,0.0335686291501015));
#5820=CARTESIAN_POINT('',(-0.0575,0.0295305410149936,0.0355));
#5821=CARTESIAN_POINT('',(-0.0575,0.0515,0.0355));
#5822=CARTESIAN_POINT('',(-0.0575,0.0515,0.026));
#5823=CARTESIAN_POINT('',(-0.05125,0.0275991701650952,0.0355));
#5824=CARTESIAN_POINT('',(-0.05125,0.0275991701650952,0.0335686291501015));
#5825=CARTESIAN_POINT('',(-0.05125,0.0275991701650952,0.026));
#5826=CARTESIAN_POINT('',(0.,0.0502757359312881,0.0355));
#5827=CARTESIAN_POINT('',(0.,0.0295305410149936,0.0355));
#5828=CARTESIAN_POINT('',(0.,0.0502757359312881,0.026));
#5829=CARTESIAN_POINT('',(-0.05125,0.0295305410149936,0.0335686291501015));
#5830=CARTESIAN_POINT('',(0.,0.,0.));
#5831=CARTESIAN_POINT('',(-0.0259,0.000819836381825485,-0.0220039640218351));
#5832=CARTESIAN_POINT('',(-0.0259,0.075,-0.0198238004036607));
#5833=CARTESIAN_POINT('',(-0.0397666666666667,0.00154655758788366,-0.021277242815777));
#5834=CARTESIAN_POINT('',(-0.0397666666666666,0.075,-0.0198238004036607));
#5835=CARTESIAN_POINT('',(-0.0536333333333333,0.00227327879394183,-0.0205505216097188));
#5836=CARTESIAN_POINT('',(-0.0536333333333334,0.075,-0.0198238004036607));
#5837=CARTESIAN_POINT('',(-0.0675,0.003,-0.0198238004036607));
#5838=CARTESIAN_POINT('',(-0.0675,0.075,-0.0198238004036607));
#5839=CARTESIAN_POINT('',(-0.0467,0.075,-0.0198238004036607));
#5840=CARTESIAN_POINT('',(-0.0259,0.075,-0.0198238004036607));
#5841=CARTESIAN_POINT('',(-0.0675,0.075,-0.0198238004036607));
#5842=CARTESIAN_POINT('',(-0.0259,0.000819836381825481,-0.0220039640218351));
#5843=CARTESIAN_POINT('',(-0.0259,0.000819836381825481,-0.0220039640218351));
#5844=CARTESIAN_POINT('',(-0.0693763728554028,0.00309833653445864,-0.019725463869202));
#5845=CARTESIAN_POINT('',(-0.0675,0.003,-0.0198238004036607));
#5846=CARTESIAN_POINT('',(-0.0675,0.003,-0.0198238004036607));
#5847=CARTESIAN_POINT('',(-0.0259,0.,0.));
#5848=CARTESIAN_POINT('',(-0.0259,0.075,0.000464426938425112));
#5849=CARTESIAN_POINT('',(-0.0259,0.075,0.0112668540612619));
#5850=CARTESIAN_POINT('',(-0.0259,0.074999999999276,0.0112668540612619));
#5851=CARTESIAN_POINT('',(-0.0259,0.0712288402846817,0.0112406067698192));
#5852=CARTESIAN_POINT('',(-0.0259,0.0674576805700873,0.0112143594783764));
#5853=CARTESIAN_POINT('',(-0.0259,0.063686520855493,0.0111881121869337));
#5854=CARTESIAN_POINT('',(-0.0259,0.063686520855493,0.0111881121869337));
#5855=CARTESIAN_POINT('',(-0.0259,0.063686520855493,-0.000325195625389949));
#5856=CARTESIAN_POINT('',(-0.0259,0.063686520855493,-0.0168181520500612));
#5857=CARTESIAN_POINT('',(-0.0259,0.0333432604277465,-0.0168181520500612));
#5858=CARTESIAN_POINT('',(-0.0259,0.003,-0.0168181520500612));
#5859=CARTESIAN_POINT('',(-0.0259,0.003,-0.000325195625389949));
#5860=CARTESIAN_POINT('',(-0.0259,0.003,0.0107550996593453));
#5861=CARTESIAN_POINT('',(-0.0259,0.00299999999308002,0.0107550996593453));
#5862=CARTESIAN_POINT('',(-0.0259,0.00227327878907797,0.0107498032223826));
#5863=CARTESIAN_POINT('',(-0.0259,0.00154655758507593,0.0107445067854198));
#5864=CARTESIAN_POINT('',(-0.0259,0.000819836381073885,0.0107392103484571));
#5865=CARTESIAN_POINT('',(-0.0259,0.000819836381825476,0.0107392103484626));
#5866=CARTESIAN_POINT('',(-0.0259,0.000819836381825478,-8.88773181078213E-18));
#5867=CARTESIAN_POINT('',(-0.0675,0.003,0.0185724906623363));
#5868=CARTESIAN_POINT('',(-0.0675,0.075,0.0207526542805108));
#5869=CARTESIAN_POINT('',(-0.0568176525884328,0.00244016189462981,0.0191323287677065));
#5870=CARTESIAN_POINT('',(-0.0568176525884329,0.075,0.0207526542805108));
#5871=CARTESIAN_POINT('',(-0.0461353051768656,0.00188032378925963,0.0196921668730767));
#5872=CARTESIAN_POINT('',(-0.0461353051768656,0.075,0.0207526542805108));
#5873=CARTESIAN_POINT('',(-0.0354529577652984,0.00132048568388945,0.0202520049784469));
#5874=CARTESIAN_POINT('',(-0.0354529577652984,0.075,0.0207526542805108));
#5875=CARTESIAN_POINT('',(-0.0695012710640106,0.00310488217220819,0.0184676084901281));
#5876=CARTESIAN_POINT('',(-0.0675,0.003,0.0185724906623363));
#5877=CARTESIAN_POINT('',(-0.0361445401169923,0.00135672997913307,0.0202157606832033));
#5878=CARTESIAN_POINT('',(-0.0361445401169147,0.001356729979129,0.0202157606832073));
#5879=CARTESIAN_POINT('',(-0.0359778626263021,0.0258957514556132,0.0204034604127813));
#5880=CARTESIAN_POINT('',(-0.0358111851356895,0.0504435081292368,0.0205824249452158));
#5881=CARTESIAN_POINT('',(-0.0356445076450768,0.075,0.0207526542805108));
#5882=CARTESIAN_POINT('',(-0.035644093206062,0.075,0.020752654280511));
#5883=CARTESIAN_POINT('',(-0.0467,0.075,0.0207526542805108));
#5884=CARTESIAN_POINT('',(-0.0675,0.075,0.0207526542805108));
#5885=CARTESIAN_POINT('',(-0.0675,0.003,0.0185724906623363));
#5886=CARTESIAN_POINT('',(-0.0675,0.,0.));
#5887=CARTESIAN_POINT('',(-0.0675,0.075,0.));
#5888=CARTESIAN_POINT('',(-0.0675,0.003,-0.000625654870662143));
#5889=CARTESIAN_POINT('',(-0.0125,0.075,-0.0025));
#5890=CARTESIAN_POINT('',(-0.0356442946449747,0.075,0.0207524473477384));
#5891=CARTESIAN_POINT('',(-0.0323961964299832,0.075,0.0175905829189146));
#5892=CARTESIAN_POINT('',(-0.0291480982149916,0.075,0.0144287184900908));
#5893=CARTESIAN_POINT('',(-0.0259,0.075,0.0112668540612669));
#5894=CARTESIAN_POINT('',(-0.0675,0.003,-0.0198238004036607));
#5895=CARTESIAN_POINT('',(-0.0259,0.000819836381825482,0.0107392103484625));
#5896=CARTESIAN_POINT('',(-0.0293148466335852,0.000998800910483849,0.0138980605381771));
#5897=CARTESIAN_POINT('',(-0.0327296932671703,0.00117776543914222,0.0170569107278916));
#5898=CARTESIAN_POINT('',(-0.0361445399007555,0.00135672996780058,0.0202157609176062));
#5899=CARTESIAN_POINT('',(-0.0555,0.0333432604277465,0.0161677607992813));
#5900=CARTESIAN_POINT('',(-0.0555,0.063686520855493,0.0161677607992813));
#5901=CARTESIAN_POINT('',(-0.0555,0.063686520855493,0.0161677607992813));
#5902=CARTESIAN_POINT('',(-0.0358360623699838,0.063686520855493,0.0161677607992813));
#5903=CARTESIAN_POINT('',(-0.0358360623699838,0.063686520855493,0.0161677607992813));
#5904=CARTESIAN_POINT('',(-0.0361037126380404,0.0434575089970857,0.0161677607992813));
#5905=CARTESIAN_POINT('',(-0.0363836130238868,0.0232286607101191,0.0161677607992813));
#5906=CARTESIAN_POINT('',(-0.0366766060164441,0.003,0.0161677607992813));
#5907=CARTESIAN_POINT('',(-0.0366766060164441,0.003,0.0161677607992813));
#5908=CARTESIAN_POINT('',(-0.0555,0.003,0.0161677607992813));
#5909=CARTESIAN_POINT('',(-0.0555,0.003,0.0161677607992813));
#5910=CARTESIAN_POINT('',(-0.0555,0.0333432604277465,0.0161677607992813));
#5911=CARTESIAN_POINT('',(-0.0555,0.003,-0.000325195625389949));
#5912=CARTESIAN_POINT('',(-0.0366766060164441,0.003,0.0161677607992813));
#5913=CARTESIAN_POINT('',(-0.0362873559231921,0.003,0.0161677607992813));
#5914=CARTESIAN_POINT('',(-0.0355236954212944,0.003,0.0164052350960504));
#5915=CARTESIAN_POINT('',(-0.0347660046195923,0.003,0.0173509355348245));
#5916=CARTESIAN_POINT('',(-0.0346802464580859,0.003,0.0185607627852824));
#5917=CARTESIAN_POINT('',(-0.0350786966190756,0.003,0.0192519144043532));
#5918=CARTESIAN_POINT('',(-0.0353643379966016,0.003,0.0195163477550161));
#5919=CARTESIAN_POINT('',(-0.0353643379966016,0.003,0.0195163477550161));
#5920=CARTESIAN_POINT('',(-0.0353643379966016,0.003,0.0195163477550161));
#5921=CARTESIAN_POINT('',(-0.0341586009048626,0.003,0.0184001521031045));
#5922=CARTESIAN_POINT('',(-0.0329528638131235,0.003,0.0172839564511929));
#5923=CARTESIAN_POINT('',(-0.0317471267213845,0.003,0.0161677607992813));
#5924=CARTESIAN_POINT('',(-0.0317471267213845,0.003,0.0161677607992813));
#5925=CARTESIAN_POINT('',(-0.0317471267213845,0.003,0.0161677607992813));
#5926=CARTESIAN_POINT('',(-0.029798084480923,0.003,0.0143635404193194));
#5927=CARTESIAN_POINT('',(-0.0278490422404615,0.003,0.0125593200393576));
#5928=CARTESIAN_POINT('',(-0.0259,0.003,0.0107550996593957));
#5929=CARTESIAN_POINT('',(-0.0555,0.003,-0.0168181520500612));
#5930=CARTESIAN_POINT('',(-0.0555,0.003,-0.0168181520500612));
#5931=CARTESIAN_POINT('',(-0.0555,0.003,-0.000325195625389949));
#5932=CARTESIAN_POINT('',(-0.0555,0.0333432604277465,-0.0168181520500612));
#5933=CARTESIAN_POINT('',(-0.0555,0.063686520855493,-0.0168181520500612));
#5934=CARTESIAN_POINT('',(-0.0555,0.063686520855493,-0.0168181520500612));
#5935=CARTESIAN_POINT('',(-0.0555,0.0333432604277465,-0.0168181520500612));
#5936=CARTESIAN_POINT('',(-0.0555,0.063686520855493,-0.000325195625389949));
#5937=CARTESIAN_POINT('',(-0.0259,0.063686520855493,0.0111881121869337));
#5938=CARTESIAN_POINT('',(-0.0276186987400408,0.063686520855493,0.0128479950577162));
#5939=CARTESIAN_POINT('',(-0.0293373974800816,0.063686520855493,0.0145078779284988));
#5940=CARTESIAN_POINT('',(-0.0310560962201224,0.063686520855493,0.0161677607992813));
#5941=CARTESIAN_POINT('',(-0.0310560962201224,0.063686520855493,0.0161677607992813));
#5942=CARTESIAN_POINT('',(-0.0310560962201224,0.063686520855493,0.0161677607992813));
#5943=CARTESIAN_POINT('',(-0.0322021100715179,0.063686520855493,0.0172746015084653));
#5944=CARTESIAN_POINT('',(-0.0333481239229134,0.063686520855493,0.0183814422176493));
#5945=CARTESIAN_POINT('',(-0.0344941377743089,0.063686520855493,0.0194882829268333));
#5946=CARTESIAN_POINT('',(-0.0344941377743089,0.0636865208554931,0.0194882829268333));
#5947=CARTESIAN_POINT('',(-0.0344941377743089,0.063686520855493,0.0194882829268333));
#5948=CARTESIAN_POINT('',(-0.0342166859186897,0.063686520855493,0.0192203106164559));
#5949=CARTESIAN_POINT('',(-0.0338342459075484,0.063686520855493,0.0185269092278764));
#5950=CARTESIAN_POINT('',(-0.0339358560423393,0.063686520855493,0.0173311231450881));
#5951=CARTESIAN_POINT('',(-0.0346941277664892,0.063686520855493,0.0164004430938537));
#5952=CARTESIAN_POINT('',(-0.0354503314790109,0.063686520855493,0.0161677607992813));
#5953=CARTESIAN_POINT('',(-0.0358360623699838,0.063686520855493,0.0161677607992813));
#5954=CARTESIAN_POINT('',(-0.0555,0.063686520855493,-0.000325195625389949));
#5955=CARTESIAN_POINT('',(-0.0555,0.0379099181909128,-0.000625654870662146));
#5956=CARTESIAN_POINT('',(-0.0361516643878682,0.000305259612489742,0.0202077138916315));
#5957=CARTESIAN_POINT('',(-0.0359819689211846,0.0253519354271914,0.0203995320435623));
#5958=CARTESIAN_POINT('',(-0.0358116614169429,0.050398684892603,0.0205822244068309));
#5959=CARTESIAN_POINT('',(-0.0356414807021315,0.0754454966451545,0.0207557419406378));
#5960=CARTESIAN_POINT('',(-0.0259,0.000374361457553006,0.0107359608273703));
#5961=CARTESIAN_POINT('',(-0.0259,0.0254199514465873,0.0109186832406319));
#5962=CARTESIAN_POINT('',(-0.0259,0.0504655748076957,0.0110968320581386));
#5963=CARTESIAN_POINT('',(-0.0259,0.0755112299284845,0.0112703975019342));
#5964=CARTESIAN_POINT('',(-0.0353643379966016,0.003,0.0195163477550161));
#5965=CARTESIAN_POINT('',(-0.0350613665725523,0.0232286532118894,0.0195071024969206));
#5966=CARTESIAN_POINT('',(-0.0347715735308255,0.0434575014495897,0.0194977409091414));
#5967=CARTESIAN_POINT('',(-0.0344941377743089,0.0636865208554931,0.0194882829268333));
#5968=CARTESIAN_POINT('',(-0.0366818835401767,0.00263572989507151,0.0161677607992813));
#5969=CARTESIAN_POINT('',(-0.0317525317315873,0.00256429457021037,0.0161677607992813));
#5970=CARTESIAN_POINT('',(-0.0353700800978914,0.00261671946353966,0.0195165229148236));
#5971=CARTESIAN_POINT('',(-0.036385089809752,0.023115803515237,0.0161677607992813));
#5972=CARTESIAN_POINT('',(-0.0315096844343972,0.0228624715708691,0.0161677607996897));
#5973=CARTESIAN_POINT('',(-0.0350631679918201,0.0230972200896081,0.0195071640350979));
#5974=CARTESIAN_POINT('',(-0.0361017213874262,0.0435960705497078,0.0161677607992813));
#5975=CARTESIAN_POINT('',(-0.0312764655770994,0.0433478423707492,0.0161677607991488));
#5976=CARTESIAN_POINT('',(-0.0347697700188807,0.0435779092998625,0.0194976857923407));
#5977=CARTESIAN_POINT('',(-0.0358309040163631,0.0640765040640243,0.0161677607992813));
#5978=CARTESIAN_POINT('',(-0.0310527217063285,0.0640133210864259,0.0161677607992813));
#5979=CARTESIAN_POINT('',(-0.0344890340034241,0.0640587602155341,0.0194881088772637));
#5980=CARTESIAN_POINT('',(0.,0.,0.));
#5981=CARTESIAN_POINT('',(1.38777878078145E-17,0.033,-0.0622));
#5982=CARTESIAN_POINT('',(-0.0614,0.033,-0.022));
#5983=CARTESIAN_POINT('',(-0.0575,0.033,-0.022));
#5984=CARTESIAN_POINT('',(-0.0259756380424697,0.033,-0.022));
#5985=CARTESIAN_POINT('',(-0.0575,0.033,-0.0622));
#5986=CARTESIAN_POINT('',(-0.0575,0.033,-0.0203478781964911));
#5987=CARTESIAN_POINT('',(0.0020298734801436,0.033,-0.0234677066665858));
#5988=CARTESIAN_POINT('',(1.38777878078145E-17,0.033,-0.0622));
#5989=CARTESIAN_POINT('',(-0.0614,0.033,-0.022));
#5990=CARTESIAN_POINT('',(-0.0259,0.033,-0.022));
#5991=CARTESIAN_POINT('',(0.0375,0.033,-0.022));
#5992=CARTESIAN_POINT('',(-0.0259,0.033,-0.0622));
#5993=CARTESIAN_POINT('',(-0.0259,0.033,-0.021));
#5994=CARTESIAN_POINT('',(-0.0109,0.033,-0.006));
#5995=CARTESIAN_POINT('',(-0.0254749499694574,0.033,-0.0205749499694574));
#5996=CARTESIAN_POINT('',(0.00971209191771595,0.033,-0.0557619918566307));
#5997=CARTESIAN_POINT('',(0.00971209191771595,0.033,-0.006));
#5998=CARTESIAN_POINT('',(1.38777878078145E-17,0.033,-0.006));
#5999=CARTESIAN_POINT('',(0.0318999983221408,0.033,-0.006));
#6000=CARTESIAN_POINT('',(0.0318999983221408,0.033,0.0075196));
#6001=CARTESIAN_POINT('',(0.0414597991610704,0.033,-0.00204020083892964));
#6002=CARTESIAN_POINT('',(0.0475,0.033,0.004));
#6003=CARTESIAN_POINT('',(0.0435402008389297,0.033,4.02008389296529E-5));
#6004=CARTESIAN_POINT('',(0.0531000016778593,0.033,-0.0095196));
#6005=CARTESIAN_POINT('',(0.0531000016778593,0.033,0.004));
#6006=CARTESIAN_POINT('',(0.0475,0.033,0.004));
#6007=CARTESIAN_POINT('',(0.0575,0.033,0.004));
#6008=CARTESIAN_POINT('',(0.0575,0.033,-0.021));
#6009=CARTESIAN_POINT('',(0.0575,0.033,-0.021));
#6010=CARTESIAN_POINT('',(0.0475,0.033,-0.021));
#6011=CARTESIAN_POINT('',(0.0375,0.033,-0.021));
#6012=CARTESIAN_POINT('',(0.0375,0.033,-0.006));
#6013=CARTESIAN_POINT('',(6.93889390390723E-18,0.07,-0.0622));
#6014=CARTESIAN_POINT('',(-0.0575,0.07,-0.0622));
#6015=CARTESIAN_POINT('',(-0.0575,0.07,-0.022));
#6016=CARTESIAN_POINT('',(-0.0575,0.07,-0.0203478781964911));
#6017=CARTESIAN_POINT('',(-0.0614,0.07,-0.022));
#6018=CARTESIAN_POINT('',(-0.0259756380424697,0.07,-0.022));
#6019=CARTESIAN_POINT('',(0.00202987348014359,0.07,-0.0234677066665858));
#6020=CARTESIAN_POINT('',(6.93889390390723E-18,0.07,-0.0622));
#6021=CARTESIAN_POINT('',(-0.0259,0.07,-0.0622));
#6022=CARTESIAN_POINT('',(-0.0259,0.07,0.0207526542805108));
#6023=CARTESIAN_POINT('',(-0.0259,0.07,-0.022));
#6024=CARTESIAN_POINT('',(-0.0614,0.07,-0.022));
#6025=CARTESIAN_POINT('',(0.0375,0.07,-0.022));
#6026=CARTESIAN_POINT('',(0.0375,0.07,-0.0622));
#6027=CARTESIAN_POINT('',(0.0375,0.07,-0.00851366974606292));
#6028=CARTESIAN_POINT('',(0.043568535592272,0.07,-0.00851366974606293));
#6029=CARTESIAN_POINT('',(0.0392774329231046,0.07,-0.00422256707689544));
#6030=CARTESIAN_POINT('',(0.0475,0.07,0.004));
#6031=CARTESIAN_POINT('',(0.0457225670768955,0.07,0.00222256707689544));
#6032=CARTESIAN_POINT('',(0.050013669746063,0.07,-0.00206853559227204));
#6033=CARTESIAN_POINT('',(0.050013669746063,0.07,0.004));
#6034=CARTESIAN_POINT('',(1.26808286093905E-17,0.07,0.004));
#6035=CARTESIAN_POINT('',(0.0575,0.07,0.004));
#6036=CARTESIAN_POINT('',(0.0575,0.07,-0.0622));
#6037=CARTESIAN_POINT('',(0.0575,0.07,0.026));
#6038=CARTESIAN_POINT('',(6.93889390390723E-18,0.07,0.026));
#6039=CARTESIAN_POINT('',(-0.0575,0.07,0.026));
#6040=CARTESIAN_POINT('',(-0.0575,0.07,-0.0622));
#6041=CARTESIAN_POINT('',(-0.0575,0.07,0.0190965684551667));
#6042=CARTESIAN_POINT('',(-0.00440639819293823,0.07,0.021879086220013));
#6043=CARTESIAN_POINT('',(0.0405,0.015,-0.021));
#6044=CARTESIAN_POINT('',(0.0405,0.018,-0.018));
#6045=CARTESIAN_POINT('',(0.0405,0.015,-0.018));
#6046=CARTESIAN_POINT('',(0.0405,0.018,-0.015));
#6047=CARTESIAN_POINT('',(0.0405,0.012,-0.018));
#6048=CARTESIAN_POINT('',(0.0405,0.012,-0.015));
#6049=CARTESIAN_POINT('',(0.0405,0.012,-0.012));
#6050=CARTESIAN_POINT('',(0.0405,0.015,-0.012));
#6051=CARTESIAN_POINT('',(0.0405,0.018,-0.012));
#6052=CARTESIAN_POINT('',(0.0405,0.0132797068219042,-0.0057));
#6053=CARTESIAN_POINT('',(0.0405,0.0130140995091137,-0.0107));
#6054=CARTESIAN_POINT('',(0.0405,0.00827515466267497,-0.00585812947278082));
#6055=CARTESIAN_POINT('',(0.0405,0.0132797068219042,-0.0157));
#6056=CARTESIAN_POINT('',(0.0405,0.00827265706734733,-0.0157));
#6057=CARTESIAN_POINT('',(0.0405,0.00326560731279048,-0.0157));
#6058=CARTESIAN_POINT('',(0.0405,0.00353121462558098,-0.0107));
#6059=CARTESIAN_POINT('',(0.0405,0.00326560731279049,-0.0057));
#6060=CARTESIAN_POINT('',(0.0405,0.00827015947201971,-0.00585812947278082));
#6061=CARTESIAN_POINT('',(0.0405,0.015,-0.00585812947278083));
#6062=CARTESIAN_POINT('',(0.0405,0.003,-0.00585812947278083));
#6063=CARTESIAN_POINT('',(0.0405,0.003,-0.021));
#6064=CARTESIAN_POINT('',(0.0405,0.003,-0.021));
#6065=CARTESIAN_POINT('',(0.0405,0.015,-0.021));
#6066=CARTESIAN_POINT('',(0.0405,0.027,-0.021));
#6067=CARTESIAN_POINT('',(0.0405,0.027,-0.021));
#6068=CARTESIAN_POINT('',(0.0405,0.027,-0.00585812947278083));
#6069=CARTESIAN_POINT('',(0.0405,0.015,-0.00585812947278083));
#6070=CARTESIAN_POINT('',(0.049,0.028,-0.00585812947278083));
#6071=CARTESIAN_POINT('',(0.0517,0.028,-0.00585812947278083));
#6072=CARTESIAN_POINT('',(0.0517,0.00827015947201971,-0.00585812947278083));
#6073=CARTESIAN_POINT('',(0.0517,0.00827515466267497,-0.00585812947278083));
#6074=CARTESIAN_POINT('',(0.0517,0.00827515466267497,-0.00585812947278083));
#6075=CARTESIAN_POINT('',(0.049,0.027,-0.00585812947278083));
#6076=CARTESIAN_POINT('',(0.0575,0.027,-0.00585812947278083));
#6077=CARTESIAN_POINT('',(0.0575,0.028,-0.00585812947278083));
#6078=CARTESIAN_POINT('',(0.0575,0.003,-0.00585812947278083));
#6079=CARTESIAN_POINT('',(0.049,0.003,-0.00585812947278083));
#6080=CARTESIAN_POINT('',(0.0517,0.00827015947201971,-0.00585812947278083));
#6081=CARTESIAN_POINT('',(0.0575,0.0515,-0.0622));
#6082=CARTESIAN_POINT('',(0.0575,0.027,-0.021));
#6083=CARTESIAN_POINT('',(0.0575,0.027,-0.00441569688567087));
#6084=CARTESIAN_POINT('',(0.0575,0.027,0.00241444));
#6085=CARTESIAN_POINT('',(0.0575,0.028,-0.00441569688567087));
#6086=CARTESIAN_POINT('',(0.0575,0.003,-0.00441569688567087));
#6087=CARTESIAN_POINT('',(0.0575,0.003,-0.022));
#6088=CARTESIAN_POINT('',(0.0575,0.003,0.026));
#6089=CARTESIAN_POINT('',(0.0575,0.0515,0.026));
#6090=CARTESIAN_POINT('',(0.0575,0.08,0.004));
#6091=CARTESIAN_POINT('',(0.0575,0.0635,0.004));
#6092=CARTESIAN_POINT('',(0.0575,0.0635,-0.021));
#6093=CARTESIAN_POINT('',(0.0575,0.0635,-0.021));
#6094=CARTESIAN_POINT('',(0.0575,0.08,-0.021));
#6095=CARTESIAN_POINT('',(0.0575,0.055,-0.021));
#6096=CARTESIAN_POINT('',(0.0575,0.055,-0.021));
#6097=CARTESIAN_POINT('',(0.0575,0.055,0.004));
#6098=CARTESIAN_POINT('',(0.0575,0.08,0.004));
#6099=CARTESIAN_POINT('',(0.0575,0.05,0.004));
#6100=CARTESIAN_POINT('',(0.0575,0.05,-0.021));
#6101=CARTESIAN_POINT('',(0.0575,0.05,-0.021));
#6102=CARTESIAN_POINT('',(0.0575,0.08,-0.021));
#6103=CARTESIAN_POINT('',(0.0575,0.0415,-0.021));
#6104=CARTESIAN_POINT('',(0.0575,0.0415,-0.021));
#6105=CARTESIAN_POINT('',(0.0575,0.0415,0.004));
#6106=CARTESIAN_POINT('',(0.0575,0.08,0.004));
#6107=CARTESIAN_POINT('',(0.0575,0.0365,0.004));
#6108=CARTESIAN_POINT('',(0.0575,0.0365,-0.021));
#6109=CARTESIAN_POINT('',(0.0575,0.0365,-0.021));
#6110=CARTESIAN_POINT('',(0.0575,0.08,-0.021));
#6111=CARTESIAN_POINT('',(0.0575,0.08,0.004));
#6112=CARTESIAN_POINT('',(0.0575,0.02858556,0.004));
#6113=CARTESIAN_POINT('',(0.0575,0.02858556,0.00241444));
#6114=CARTESIAN_POINT('',(2.08166817117217E-17,0.003,-0.022));
#6115=CARTESIAN_POINT('',(0.0478780517560053,0.003,-0.00441569688567087));
#6116=CARTESIAN_POINT('',(0.0395727683832596,0.003,-0.00441569688567087));
#6117=CARTESIAN_POINT('',(0.0389144359476351,0.003,-0.00585812947278083));
#6118=CARTESIAN_POINT('',(0.0382561035120106,0.003,-0.00441569688567087));
#6119=CARTESIAN_POINT('',(0.039085564052365,0.003,-0.00576699573350095));
#6120=CARTESIAN_POINT('',(0.0375,0.003,-0.00576699573350095));
#6121=CARTESIAN_POINT('',(0.0375,0.003,-0.009));
#6122=CARTESIAN_POINT('',(0.0375,0.003,-0.022));
#6123=CARTESIAN_POINT('',(2.08166817117217E-17,0.003,-0.022));
#6124=CARTESIAN_POINT('',(-0.0259,0.003,-0.022));
#6125=CARTESIAN_POINT('',(-0.0259,0.003,-0.022));
#6126=CARTESIAN_POINT('',(-0.0259,0.003,0.0207526542805108));
#6127=CARTESIAN_POINT('',(-0.00230537608125838,0.003,0.0219891961231106));
#6128=CARTESIAN_POINT('',(-0.0575,0.003,0.0190965684551667));
#6129=CARTESIAN_POINT('',(-0.0575,0.003,-0.022));
#6130=CARTESIAN_POINT('',(-0.0575,0.003,0.026));
#6131=CARTESIAN_POINT('',(2.08166817117217E-17,0.003,0.026));
#6132=CARTESIAN_POINT('',(0.049,0.027,-0.021));
#6133=CARTESIAN_POINT('',(0.049,0.027,-0.00441569688567087));
#6134=CARTESIAN_POINT('',(0.0411582134242268,0.027,-0.00441569688567087));
#6135=CARTESIAN_POINT('',(0.0531000016778593,0.027,0.00241444));
#6136=CARTESIAN_POINT('',(0.0531000016778593,0.027,0.00241444));
#6137=CARTESIAN_POINT('',(0.0531000016778593,0.027,-0.0095196));
#6138=CARTESIAN_POINT('',(0.0446613610669078,0.027,-0.00108095938904849));
#6139=CARTESIAN_POINT('',(0.0425809593890486,0.027,-0.00316136106690778));
#6140=CARTESIAN_POINT('',(0.0425809593890486,0.027,-0.00316136106690779));
#6141=CARTESIAN_POINT('',(0.0318999983221408,0.027,0.0075196));
#6142=CARTESIAN_POINT('',(0.0389144359476351,0.08,-0.00585812947278083));
#6143=CARTESIAN_POINT('',(0.0395727683832596,0.08,-0.00441569688567087));
#6144=CARTESIAN_POINT('',(0.0395727683832595,0.0272916017617225,-0.00441569688567087));
#6145=CARTESIAN_POINT('',(0.0395727683832595,0.0272916017617225,-0.00441569688567083));
#6146=CARTESIAN_POINT('',(0.0390665230556137,0.0276231038081758,-0.00418464434113538));
#6147=CARTESIAN_POINT('',(0.0385718382427038,0.0281156828340277,-0.00424746191230515));
#6148=CARTESIAN_POINT('',(0.0381781420478811,0.02858556,-0.00445389136713881));
#6149=CARTESIAN_POINT('',(0.0381781420478811,0.02858556,-0.00445389136713881));
#6150=CARTESIAN_POINT('',(0.0381781420478811,0.08,-0.00445389136713882));
#6151=CARTESIAN_POINT('',(0.0381781420478811,0.025,-0.00445389136713882));
#6152=CARTESIAN_POINT('',(0.0389144359476351,0.025,-0.00585812947278083));
#6153=CARTESIAN_POINT('',(0.0382561035120106,0.025,-0.00441569688567087));
#6154=CARTESIAN_POINT('',(0.0382561035120106,0.003,-0.00441569688567087));
#6155=CARTESIAN_POINT('',(0.0318999983221408,0.02858556,0.0075196));
#6156=CARTESIAN_POINT('',(0.0395727683832595,0.0272916017617225,-0.00441569688567087));
#6157=CARTESIAN_POINT('',(0.0400774189999117,0.0270983464969757,-0.00441569688567087));
#6158=CARTESIAN_POINT('',(0.0406176499476856,0.027,-0.00441569688567087));
#6159=CARTESIAN_POINT('',(0.0411582134242268,0.027,-0.00441569688567087));
#6160=CARTESIAN_POINT('',(0.0425809593890486,0.02858556,-0.00316136106690779));
#6161=CARTESIAN_POINT('',(0.0414597991610704,0.02858556,-0.00204020083892964));
#6162=CARTESIAN_POINT('',(0.0318999983221408,0.02858556,0.0075196));
#6163=CARTESIAN_POINT('',(-0.01,0.018,-0.006));
#6164=CARTESIAN_POINT('',(0.00971209191771595,0.018,-0.006));
#6165=CARTESIAN_POINT('',(0.00971209191771595,0.025,-0.006));
#6166=CARTESIAN_POINT('',(-0.01,0.025,-0.006));
#6167=CARTESIAN_POINT('',(0.0318999983221408,0.025,-0.006));
#6168=CARTESIAN_POINT('',(0.0318999983221408,0.033,-0.006));
#6169=CARTESIAN_POINT('',(0.,0.045,-0.022));
#6170=CARTESIAN_POINT('',(-0.01,0.025,-0.022));
#6171=CARTESIAN_POINT('',(0.0375,0.025,-0.022));
#6172=CARTESIAN_POINT('',(-0.0259,0.025,-0.022));
#6173=CARTESIAN_POINT('',(-0.0259,0.045,-0.022));
#6174=CARTESIAN_POINT('',(0.0375,0.08,-0.022));
#6175=CARTESIAN_POINT('',(-0.01,0.025,-0.006));
#6176=CARTESIAN_POINT('',(0.00971209191771595,0.025,-0.0557619918566307));
#6177=CARTESIAN_POINT('',(-0.0254749499694574,0.025,-0.0205749499694574));
#6178=CARTESIAN_POINT('',(-0.01045,0.025,-0.00555));
#6179=CARTESIAN_POINT('',(-0.0259,0.025,-0.021));
#6180=CARTESIAN_POINT('',(-0.0259,0.025,-0.006));
#6181=CARTESIAN_POINT('',(0.0375,0.025,-0.006));
#6182=CARTESIAN_POINT('',(0.0375,0.025,-0.00576699573350095));
#6183=CARTESIAN_POINT('',(0.039085564052365,0.025,-0.00576699573350095));
#6184=CARTESIAN_POINT('',(0.0318999983221408,0.025,0.0075196));
#6185=CARTESIAN_POINT('',(-0.0675,0.09,0.));
#6186=CARTESIAN_POINT('',(-0.0675,0.1,0.));
#6187=CARTESIAN_POINT('',(-0.0675,0.1,0.0224485281374238));
#6188=CARTESIAN_POINT('',(-0.0675,0.1,0.0245514718625761));
#6189=CARTESIAN_POINT('',(-0.0675,0.0985514718625761,0.0224485281374238));
#6190=CARTESIAN_POINT('',(-0.0675,0.0985514718625761,0.021));
#6191=CARTESIAN_POINT('',(-0.0675,0.1,0.021));
#6192=CARTESIAN_POINT('',(-0.0675,0.078,0.021));
#6193=CARTESIAN_POINT('',(-0.0675,0.078,0.));
#6194=CARTESIAN_POINT('',(-0.0675,0.078,-0.026));
#6195=CARTESIAN_POINT('',(-0.0675,0.09,-0.026));
#6196=CARTESIAN_POINT('',(-0.0675,0.,-0.026));
#6197=CARTESIAN_POINT('',(-0.0675,0.,0.));
#6198=CARTESIAN_POINT('',(-0.0675,0.,0.026));
#6199=CARTESIAN_POINT('',(-0.0675,0.09,0.026));
#6200=CARTESIAN_POINT('',(-0.0675,0.0985514718625761,0.026));
#6201=CARTESIAN_POINT('',(-0.0675,0.0985514718625761,0.0245514718625761));
#6202=CARTESIAN_POINT('',(-0.0675,0.075,-0.000625654870662143));
#6203=CARTESIAN_POINT('',(-0.0675,0.075,-0.0198238004036607));
#6204=CARTESIAN_POINT('',(-0.0675,0.075,0.0185724906623363));
#6205=CARTESIAN_POINT('',(-0.0675,0.039,0.0185724906623363));
#6206=CARTESIAN_POINT('',(-0.0675,0.003,0.0185724906623363));
#6207=CARTESIAN_POINT('',(-0.0675,0.003,-0.000625654870662143));
#6208=CARTESIAN_POINT('',(-0.0675,0.003,-0.0198238004036607));
#6209=CARTESIAN_POINT('',(-0.0675,0.039,-0.0198238004036607));
#6210=CARTESIAN_POINT('',(1.38777878078145E-17,0.033,-0.0622));
#6211=CARTESIAN_POINT('',(-0.045,0.033,0.018));
#6212=CARTESIAN_POINT('',(-0.045,0.033,0.0197516656962048));
#6213=CARTESIAN_POINT('',(-0.045,0.033,0.026));
#6214=CARTESIAN_POINT('',(-0.00440639819293821,0.033,0.021879086220013));
#6215=CARTESIAN_POINT('',(-0.0575,0.033,0.0190965684551667));
#6216=CARTESIAN_POINT('',(-0.0575,0.033,-0.0622));
#6217=CARTESIAN_POINT('',(-0.0575,0.033,0.026));
#6218=CARTESIAN_POINT('',(-0.0075,0.033,0.026));
#6219=CARTESIAN_POINT('',(-0.0575,0.0515,-0.0622));
#6220=CARTESIAN_POINT('',(-0.0575,0.0515,-0.022));
#6221=CARTESIAN_POINT('',(-0.0575,0.0515,-0.0203478781964911));
#6222=CARTESIAN_POINT('',(-0.01,0.025,-0.006));
#6223=CARTESIAN_POINT('',(-0.0114417578519585,0.025,0.0215103786438262));
#6224=CARTESIAN_POINT('',(-0.045,0.025,0.0197516656962048));
#6225=CARTESIAN_POINT('',(-0.0575,0.025,0.0190965684551667));
#6226=CARTESIAN_POINT('',(-0.045,0.025,-0.006));
#6227=CARTESIAN_POINT('',(-0.045,0.025,0.026));
#6228=CARTESIAN_POINT('',(-0.0075,0.025,0.026));
#6229=CARTESIAN_POINT('',(-0.0575,0.025,0.026));
#6230=CARTESIAN_POINT('',(-0.0575,0.025,-0.006));
#6231=CARTESIAN_POINT('',(0.,0.075,0.));
#6232=CARTESIAN_POINT('',(0.,0.075,-0.026));
#6233=CARTESIAN_POINT('',(0.0675,0.075,-0.026));
#6234=CARTESIAN_POINT('',(0.0423729833462074,0.075,-0.026));
#6235=CARTESIAN_POINT('',(0.0423729833462074,0.075,-0.0025));
#6236=CARTESIAN_POINT('',(0.0423729833462074,0.075,0.021));
#6237=CARTESIAN_POINT('',(0.045,0.075,0.021));
#6238=CARTESIAN_POINT('',(0.0675,0.075,0.021));
#6239=CARTESIAN_POINT('',(0.0675,0.075,0.));
#6240=CARTESIAN_POINT('',(0.0675,0.075,0.0141761995963394));
#6241=CARTESIAN_POINT('',(0.0575,0.075,0.0141761995963394));
#6242=CARTESIAN_POINT('',(0.0475,0.075,0.0141761995963394));
#6243=CARTESIAN_POINT('',(0.0475,0.075,-0.00282380040366064));
#6244=CARTESIAN_POINT('',(0.0475,0.075,-0.0198238004036607));
#6245=CARTESIAN_POINT('',(0.0575,0.075,-0.0198238004036607));
#6246=CARTESIAN_POINT('',(0.0675,0.075,-0.0198238004036607));
#6247=CARTESIAN_POINT('',(0.0675,0.075,0.));
#6248=CARTESIAN_POINT('',(0.,0.075,0.));
#6249=CARTESIAN_POINT('',(0.045,0.075,0.021));
#6250=CARTESIAN_POINT('',(-0.0639485281374239,0.075,0.021));
#6251=CARTESIAN_POINT('',(-0.0310514718625762,0.075,0.021));
#6252=CARTESIAN_POINT('',(-0.0639485281374239,0.075,0.0224485281374238));
#6253=CARTESIAN_POINT('',(-0.0625,0.075,0.0224485281374238));
#6254=CARTESIAN_POINT('',(-0.0625,0.075,0.0235));
#6255=CARTESIAN_POINT('',(-0.0625,0.075,0.0235857864376269));
#6256=CARTESIAN_POINT('',(0.,0.075,0.0235857864376269));
#6257=CARTESIAN_POINT('',(-0.0325,0.075,0.0235857864376269));
#6258=CARTESIAN_POINT('',(-0.0325,0.075,0.0235));
#6259=CARTESIAN_POINT('',(-0.0325,0.075,0.0224485281374238));
#6260=CARTESIAN_POINT('',(-0.0310514718625762,0.075,0.0224485281374238));
#6261=CARTESIAN_POINT('',(-0.065,0.1,0.021));
#6262=CARTESIAN_POINT('',(0.0385,0.074,0.021));
#6263=CARTESIAN_POINT('',(0.0419641016151377,0.076,0.021));
#6264=CARTESIAN_POINT('',(-0.065,0.076,0.021));
#6265=CARTESIAN_POINT('',(0.0439485281374239,0.076,0.021));
#6266=CARTESIAN_POINT('',(0.0439485281374239,0.1,0.021));
#6267=CARTESIAN_POINT('',(0.0439485281374239,0.1,0.021));
#6268=CARTESIAN_POINT('',(0.065,0.1,0.021));
#6269=CARTESIAN_POINT('',(0.0210514718625762,0.1,0.021));
#6270=CARTESIAN_POINT('',(0.0210514718625762,0.1,0.021));
#6271=CARTESIAN_POINT('',(0.0210514718625762,0.078,0.021));
#6272=CARTESIAN_POINT('',(0.045,0.078,0.021));
#6273=CARTESIAN_POINT('',(0.0189485281374238,0.078,0.021));
#6274=CARTESIAN_POINT('',(0.0189485281374238,0.1,0.021));
#6275=CARTESIAN_POINT('',(0.0189485281374238,0.1,0.021));
#6276=CARTESIAN_POINT('',(0.065,0.1,0.021));
#6277=CARTESIAN_POINT('',(-0.00394852813742386,0.1,0.021));
#6278=CARTESIAN_POINT('',(-0.00394852813742386,0.08,0.021));
#6279=CARTESIAN_POINT('',(-0.00394852813742386,0.078,0.021));
#6280=CARTESIAN_POINT('',(0.045,0.078,0.021));
#6281=CARTESIAN_POINT('',(-0.00605147186257614,0.078,0.021));
#6282=CARTESIAN_POINT('',(-0.00605147186257614,0.1,0.021));
#6283=CARTESIAN_POINT('',(-0.00605147186257614,0.1,0.021));
#6284=CARTESIAN_POINT('',(0.065,0.1,0.021));
#6285=CARTESIAN_POINT('',(-0.0289485281374238,0.1,0.021));
#6286=CARTESIAN_POINT('',(-0.0289485281374238,0.1,0.021));
#6287=CARTESIAN_POINT('',(-0.0289485281374238,0.078,0.021));
#6288=CARTESIAN_POINT('',(0.045,0.078,0.021));
#6289=CARTESIAN_POINT('',(-0.0310514718625762,0.078,0.021));
#6290=CARTESIAN_POINT('',(-0.0310514718625762,0.1,0.021));
#6291=CARTESIAN_POINT('',(-0.0310514718625762,0.100551471862576,0.021));
#6292=CARTESIAN_POINT('',(-0.065,0.100551471862576,0.021));
#6293=CARTESIAN_POINT('',(0.0675,0.100551471862576,0.021));
#6294=CARTESIAN_POINT('',(0.0675,0.1,0.021));
#6295=CARTESIAN_POINT('',(-0.065,0.076,0.021));
#6296=CARTESIAN_POINT('',(0.0460514718625762,0.076,0.021));
#6297=CARTESIAN_POINT('',(0.0639485281374239,0.076,0.021));
#6298=CARTESIAN_POINT('',(0.0639485281374239,0.1,0.021));
#6299=CARTESIAN_POINT('',(0.0639485281374239,0.1,0.021));
#6300=CARTESIAN_POINT('',(0.065,0.1,0.021));
#6301=CARTESIAN_POINT('',(0.0460514718625762,0.1,0.021));
#6302=CARTESIAN_POINT('',(0.0460514718625762,0.1,0.021));
#6303=CARTESIAN_POINT('',(0.,0.09,0.026));
#6304=CARTESIAN_POINT('',(0.,0.0775857864376269,0.026));
#6305=CARTESIAN_POINT('',(0.0639485281374239,0.0775857864376269,0.026));
#6306=CARTESIAN_POINT('',(0.0460514718625762,0.0775857864376269,0.026));
#6307=CARTESIAN_POINT('',(0.0460514718625762,0.09,0.026));
#6308=CARTESIAN_POINT('',(0.0460514718625762,0.1,0.026));
#6309=CARTESIAN_POINT('',(0.,0.1,0.026));
#6310=CARTESIAN_POINT('',(0.0639485281374239,0.1,0.026));
#6311=CARTESIAN_POINT('',(0.0639485281374239,0.09,0.026));
#6312=CARTESIAN_POINT('',(0.,0.0775857864376269,0.026));
#6313=CARTESIAN_POINT('',(0.0439485281374239,0.0775857864376269,0.026));
#6314=CARTESIAN_POINT('',(0.0210514718625762,0.0775857864376269,0.026));
#6315=CARTESIAN_POINT('',(0.0210514718625762,0.09,0.026));
#6316=CARTESIAN_POINT('',(0.0210514718625762,0.1,0.026));
#6317=CARTESIAN_POINT('',(0.,0.1,0.026));
#6318=CARTESIAN_POINT('',(0.0439485281374239,0.1,0.026));
#6319=CARTESIAN_POINT('',(0.0439485281374239,0.08,0.026));
#6320=CARTESIAN_POINT('',(0.,0.0775857864376269,0.026));
#6321=CARTESIAN_POINT('',(0.0189485281374238,0.0775857864376269,0.026));
#6322=CARTESIAN_POINT('',(-0.00394852813742386,0.0775857864376269,0.026));
#6323=CARTESIAN_POINT('',(-0.00394852813742386,0.1,0.026));
#6324=CARTESIAN_POINT('',(-0.00394852813742386,0.1,0.026));
#6325=CARTESIAN_POINT('',(0.,0.1,0.026));
#6326=CARTESIAN_POINT('',(0.0189485281374238,0.1,0.026));
#6327=CARTESIAN_POINT('',(0.0189485281374238,0.08,0.026));
#6328=CARTESIAN_POINT('',(0.,0.0775857864376269,0.026));
#6329=CARTESIAN_POINT('',(-0.00605147186257614,0.0775857864376269,0.026));
#6330=CARTESIAN_POINT('',(-0.0289485281374238,0.0775857864376269,0.026));
#6331=CARTESIAN_POINT('',(-0.0289485281374238,0.09,0.026));
#6332=CARTESIAN_POINT('',(-0.0289485281374238,0.1,0.026));
#6333=CARTESIAN_POINT('',(0.,0.1,0.026));
#6334=CARTESIAN_POINT('',(-0.00605147186257614,0.1,0.026));
#6335=CARTESIAN_POINT('',(-0.00605147186257614,0.08,0.026));
#6336=CARTESIAN_POINT('',(-0.045,0.0132,0.026));
#6337=CARTESIAN_POINT('',(-0.0575,0.0515,0.026));
#6338=CARTESIAN_POINT('',(-0.0575,0.0515,0.026));
#6339=CARTESIAN_POINT('',(0.,0.0725857864376269,0.026));
#6340=CARTESIAN_POINT('',(-0.0310514718625762,0.0725857864376269,0.026));
#6341=CARTESIAN_POINT('',(-0.0639485281374239,0.0725857864376269,0.026));
#6342=CARTESIAN_POINT('',(-0.0639485281374239,0.1,0.026));
#6343=CARTESIAN_POINT('',(-0.0639485281374239,0.0985514718625761,0.026));
#6344=CARTESIAN_POINT('',(0.,0.0985514718625761,0.026));
#6345=CARTESIAN_POINT('',(0.,0.,0.026));
#6346=CARTESIAN_POINT('',(0.0675,0.,0.026));
#6347=CARTESIAN_POINT('',(0.0675,0.09,0.026));
#6348=CARTESIAN_POINT('',(0.0675,0.100551471862576,0.026));
#6349=CARTESIAN_POINT('',(0.,0.100551471862576,0.026));
#6350=CARTESIAN_POINT('',(-0.0310514718625762,0.100551471862576,0.026));
#6351=CARTESIAN_POINT('',(-0.0310514718625762,0.09,0.026));
#6352=CARTESIAN_POINT('',(-0.065,0.1,0.021));
#6353=CARTESIAN_POINT('',(0.045,0.078,0.021));
#6354=CARTESIAN_POINT('',(-0.0639485281374239,0.078,0.021));
#6355=CARTESIAN_POINT('',(-0.065,0.0985514718625761,0.021));
#6356=CARTESIAN_POINT('',(-0.0639485281374239,0.0985514718625761,0.021));
#6357=CARTESIAN_POINT('',(-0.0639485281374239,0.075,0.021));
#6358=CARTESIAN_POINT('',(0.,0.09,-0.026));
#6359=CARTESIAN_POINT('',(0.0385,0.074,-0.026));
#6360=CARTESIAN_POINT('',(0.0385,0.078,-0.026));
#6361=CARTESIAN_POINT('',(0.0675,0.09,-0.026));
#6362=CARTESIAN_POINT('',(0.0675,0.,-0.026));
#6363=CARTESIAN_POINT('',(0.,0.,-0.026));
#6364=CARTESIAN_POINT('',(0.,0.078,-0.026));
#6365=CARTESIAN_POINT('',(0.0675,0.09,0.));
#6366=CARTESIAN_POINT('',(0.0675,0.08,-0.0198238004036607));
#6367=CARTESIAN_POINT('',(0.0675,0.076,-0.0198238004036607));
#6368=CARTESIAN_POINT('',(0.0675,0.076,0.));
#6369=CARTESIAN_POINT('',(0.0675,0.076,0.0141761995963394));
#6370=CARTESIAN_POINT('',(0.0675,0.08,0.0141761995963394));
#6371=CARTESIAN_POINT('',(0.0675,0.100551471862576,0.0224485281374238));
#6372=CARTESIAN_POINT('',(0.0675,0.102,0.0224485281374238));
#6373=CARTESIAN_POINT('',(0.0675,0.102,0.));
#6374=CARTESIAN_POINT('',(0.0675,0.102,0.0245514718625761));
#6375=CARTESIAN_POINT('',(0.0675,0.100551471862576,0.0245514718625761));
#6376=CARTESIAN_POINT('',(0.0675,0.,0.));
#6377=CARTESIAN_POINT('',(-0.0575,0.0515,-0.0622));
#6378=CARTESIAN_POINT('',(-0.0575,0.0515,0.0190965684551667));
#6379=CARTESIAN_POINT('',(0.0375,0.08,-0.009));
#6380=CARTESIAN_POINT('',(0.0375,0.0365,-0.021));
#6381=CARTESIAN_POINT('',(0.0375,0.0365,-0.021));
#6382=CARTESIAN_POINT('',(0.0375,0.0365,-0.00851366974606292));
#6383=CARTESIAN_POINT('',(0.0375,0.0415,-0.00851366974606292));
#6384=CARTESIAN_POINT('',(0.0375,0.0415,-0.00851366974606292));
#6385=CARTESIAN_POINT('',(0.0375,0.0415,-0.021));
#6386=CARTESIAN_POINT('',(0.0375,0.0415,-0.021));
#6387=CARTESIAN_POINT('',(0.0375,0.04575,-0.021));
#6388=CARTESIAN_POINT('',(0.0375,0.05,-0.021));
#6389=CARTESIAN_POINT('',(0.0375,0.05,-0.021));
#6390=CARTESIAN_POINT('',(0.0375,0.05,-0.00851366974606292));
#6391=CARTESIAN_POINT('',(0.0375,0.055,-0.00851366974606292));
#6392=CARTESIAN_POINT('',(0.0375,0.055,-0.00851366974606292));
#6393=CARTESIAN_POINT('',(0.0375,0.055,-0.021));
#6394=CARTESIAN_POINT('',(0.0375,0.055,-0.021));
#6395=CARTESIAN_POINT('',(0.0375,0.05925,-0.021));
#6396=CARTESIAN_POINT('',(0.0375,0.0635,-0.021));
#6397=CARTESIAN_POINT('',(0.0375,0.0635,-0.021));
#6398=CARTESIAN_POINT('',(0.0375,0.0635,-0.00851366974606292));
#6399=CARTESIAN_POINT('',(0.0375,0.07,-0.00851366974606292));
#6400=CARTESIAN_POINT('',(0.0375,0.08,-0.022));
#6401=CARTESIAN_POINT('',(0.0375,0.03475,-0.021));
#6402=CARTESIAN_POINT('',(-0.0575,0.0515,-0.0622));
#6403=CARTESIAN_POINT('',(-0.0575,0.0515,0.0190965684551667));
#6404=CARTESIAN_POINT('',(0.0375,0.08,-0.009));
#6405=CARTESIAN_POINT('',(0.0375,0.0132797068219042,-0.0157));
#6406=CARTESIAN_POINT('',(0.0375,0.00827265706734733,-0.0157));
#6407=CARTESIAN_POINT('',(0.0375,0.0130140995091137,-0.0107));
#6408=CARTESIAN_POINT('',(0.0375,0.0132797068219042,-0.0057));
#6409=CARTESIAN_POINT('',(0.0375,0.00827310529828555,-0.00576699573350095));
#6410=CARTESIAN_POINT('',(0.0375,0.08,-0.00576699573350095));
#6411=CARTESIAN_POINT('',(0.0375,0.08,-0.00576699573350095));
#6412=CARTESIAN_POINT('',(0.0375,0.00827220883640912,-0.00576699573350095));
#6413=CARTESIAN_POINT('',(0.0375,0.00326560731279049,-0.0057));
#6414=CARTESIAN_POINT('',(0.0375,0.00353121462558098,-0.0107));
#6415=CARTESIAN_POINT('',(0.0375,0.00326560731279048,-0.0157));
#6416=CARTESIAN_POINT('',(0.0375,0.018,-0.018));
#6417=CARTESIAN_POINT('',(0.0375,0.015,-0.018));
#6418=CARTESIAN_POINT('',(0.0375,0.018,-0.015));
#6419=CARTESIAN_POINT('',(0.0375,0.018,-0.012));
#6420=CARTESIAN_POINT('',(0.0375,0.015,-0.012));
#6421=CARTESIAN_POINT('',(0.0375,0.012,-0.012));
#6422=CARTESIAN_POINT('',(0.0375,0.012,-0.015));
#6423=CARTESIAN_POINT('',(0.0375,0.012,-0.018));
#6424=CARTESIAN_POINT('',(0.0475,0.08,0.004));
#6425=CARTESIAN_POINT('',(0.0475,0.0415,0.004));
#6426=CARTESIAN_POINT('',(0.050013669746063,0.0415,0.004));
#6427=CARTESIAN_POINT('',(0.050013669746063,0.08,0.004));
#6428=CARTESIAN_POINT('',(0.050013669746063,0.0365,0.004));
#6429=CARTESIAN_POINT('',(0.0475,0.0365,0.004));
#6430=CARTESIAN_POINT('',(0.0475,0.08,0.004));
#6431=CARTESIAN_POINT('',(0.0531000016778593,0.08,0.004));
#6432=CARTESIAN_POINT('',(0.0531000016778593,0.02858556,0.004));
#6433=CARTESIAN_POINT('',(0.0575,0.02858556,0.004));
#6434=CARTESIAN_POINT('',(0.0475,0.08,0.004));
#6435=CARTESIAN_POINT('',(0.0475,0.055,0.004));
#6436=CARTESIAN_POINT('',(0.050013669746063,0.055,0.004));
#6437=CARTESIAN_POINT('',(0.050013669746063,0.08,0.004));
#6438=CARTESIAN_POINT('',(0.050013669746063,0.05,0.004));
#6439=CARTESIAN_POINT('',(0.0475,0.05,0.004));
#6440=CARTESIAN_POINT('',(0.0475,0.08,0.004));
#6441=CARTESIAN_POINT('',(0.050013669746063,0.08,0.004));
#6442=CARTESIAN_POINT('',(0.050013669746063,0.0635,0.004));
#6443=CARTESIAN_POINT('',(0.0475,0.0635,0.004));
#6444=CARTESIAN_POINT('',(0.0475,0.08,0.004));
#6445=CARTESIAN_POINT('',(0.0475,0.0365,0.004));
#6446=CARTESIAN_POINT('',(0.0392774329231046,0.0365,-0.00422256707689544));
#6447=CARTESIAN_POINT('',(0.0457225670768955,0.0365,0.00222256707689545));
#6448=CARTESIAN_POINT('',(0.0457225670768955,0.08,0.00222256707689545));
#6449=CARTESIAN_POINT('',(0.0457225670768955,0.0415,0.00222256707689545));
#6450=CARTESIAN_POINT('',(0.0475,0.0415,0.004));
#6451=CARTESIAN_POINT('',(0.0392774329231046,0.0415,-0.00422256707689544));
#6452=CARTESIAN_POINT('',(0.0392774329231046,0.0365,-0.00422256707689544));
#6453=CARTESIAN_POINT('',(0.0475,0.08,0.004));
#6454=CARTESIAN_POINT('',(0.0414597991610704,0.025,-0.00204020083892964));
#6455=CARTESIAN_POINT('',(0.0435402008389297,0.02858556,4.02008389296521E-5));
#6456=CARTESIAN_POINT('',(0.0435402008389297,0.02858556,4.02008389296521E-5));
#6457=CARTESIAN_POINT('',(0.0435402008389297,0.08,4.02008389296521E-5));
#6458=CARTESIAN_POINT('',(0.0475,0.08,0.004));
#6459=CARTESIAN_POINT('',(0.0475,0.055,0.004));
#6460=CARTESIAN_POINT('',(0.0392774329231046,0.055,-0.00422256707689544));
#6461=CARTESIAN_POINT('',(0.0457225670768955,0.055,0.00222256707689545));
#6462=CARTESIAN_POINT('',(0.0392774329231046,0.05,-0.00422256707689544));
#6463=CARTESIAN_POINT('',(0.0392774329231046,0.05,-0.00422256707689544));
#6464=CARTESIAN_POINT('',(0.0475,0.05,0.004));
#6465=CARTESIAN_POINT('',(0.0457225670768955,0.05,0.00222256707689545));
#6466=CARTESIAN_POINT('',(0.0457225670768955,0.08,0.00222256707689545));
#6467=CARTESIAN_POINT('',(0.0475,0.08,0.004));
#6468=CARTESIAN_POINT('',(0.0392774329231046,0.0635,-0.00422256707689544));
#6469=CARTESIAN_POINT('',(0.0392774329231046,0.0635,-0.00422256707689544));
#6470=CARTESIAN_POINT('',(0.0475,0.0635,0.004));
#6471=CARTESIAN_POINT('',(0.0457225670768955,0.0635,0.00222256707689544));
#6472=CARTESIAN_POINT('',(0.0457225670768955,0.08,0.00222256707689544));
#6473=CARTESIAN_POINT('',(0.0575,0.0515,-0.0622));
#6474=CARTESIAN_POINT('',(0.0575,0.027,-0.021));
#6475=CARTESIAN_POINT('',(0.0575,0.027,-0.021));
#6476=CARTESIAN_POINT('',(0.0575,0.08,-0.021));
#6477=CARTESIAN_POINT('',(0.0575,0.003,-0.021));
#6478=CARTESIAN_POINT('',(0.0575,0.003,-0.022));
#6479=CARTESIAN_POINT('',(0.,0.,0.));
#6480=CARTESIAN_POINT('',(2.08166817117217E-17,0.003,-0.022));
#6481=CARTESIAN_POINT('',(0.0475,0.003,-0.021));
#6482=CARTESIAN_POINT('',(0.0475,0.0635,-0.021));
#6483=CARTESIAN_POINT('',(0.043568535592272,0.0635,-0.00851366974606293));
#6484=CARTESIAN_POINT('',(0.0475,0.0635,-0.021));
#6485=CARTESIAN_POINT('',(0.050013669746063,0.0635,-0.00206853559227204));
#6486=CARTESIAN_POINT('',(0.0475,0.055,-0.021));
#6487=CARTESIAN_POINT('',(0.043568535592272,0.055,-0.00851366974606293));
#6488=CARTESIAN_POINT('',(0.050013669746063,0.055,-0.00206853559227204));
#6489=CARTESIAN_POINT('',(0.0475,0.055,-0.021));
#6490=CARTESIAN_POINT('',(0.0475,0.0365,-0.021));
#6491=CARTESIAN_POINT('',(0.0475,0.0415,-0.021));
#6492=CARTESIAN_POINT('',(0.050013669746063,0.0415,-0.00206853559227204));
#6493=CARTESIAN_POINT('',(0.0475,0.0415,-0.021));
#6494=CARTESIAN_POINT('',(0.0435685355922721,0.0415,-0.00851366974606293));
#6495=CARTESIAN_POINT('',(0.0475,0.05,-0.021));
#6496=CARTESIAN_POINT('',(0.0435685355922721,0.05,-0.00851366974606293));
#6497=CARTESIAN_POINT('',(0.0475,0.05,-0.021));
#6498=CARTESIAN_POINT('',(0.050013669746063,0.05,-0.00206853559227204));
#6499=CARTESIAN_POINT('',(0.0475,0.0365,-0.021));
#6500=CARTESIAN_POINT('',(0.0475,0.0365,-0.021));
#6501=CARTESIAN_POINT('',(0.050013669746063,0.0365,-0.00206853559227204));
#6502=CARTESIAN_POINT('',(0.0435685355922721,0.0365,-0.00851366974606293));
#6503=CARTESIAN_POINT('',(0.0475,0.0365,-0.021));
#6504=CARTESIAN_POINT('',(0.0475,0.0365,-0.021));
#6505=CARTESIAN_POINT('',(0.049,0.027,-0.021));
#6506=CARTESIAN_POINT('',(0.049,0.027,-0.021));
#6507=CARTESIAN_POINT('',(0.0475,0.018,-0.021));
#6508=CARTESIAN_POINT('',(0.0536,0.018,-0.018));
#6509=CARTESIAN_POINT('',(0.0536,0.018,-0.015));
#6510=CARTESIAN_POINT('',(0.0536,0.015,-0.018));
#6511=CARTESIAN_POINT('',(0.0536,0.012,-0.018));
#6512=CARTESIAN_POINT('',(0.0536,0.012,-0.015));
#6513=CARTESIAN_POINT('',(0.0536,0.012,-0.012));
#6514=CARTESIAN_POINT('',(0.0536,0.015,-0.012));
#6515=CARTESIAN_POINT('',(0.0536,0.018,-0.012));
#6516=CARTESIAN_POINT('',(-0.045,0.0132,0.018));
#6517=CARTESIAN_POINT('',(-0.045,0.0132,0.0197516656962048));
#6518=CARTESIAN_POINT('',(0.0531000016778593,0.08,-0.0095196));
#6519=CARTESIAN_POINT('',(0.0531000016778593,0.02858556,-0.0095196));
#6520=CARTESIAN_POINT('',(0.0318999983221408,0.08,0.0075196));
#6521=CARTESIAN_POINT('',(0.039085564052365,0.08,-0.00576699573350095));
#6522=CARTESIAN_POINT('',(0.0375,0.08,-0.00576699573350095));
#6523=CARTESIAN_POINT('',(0.0368711602279782,0.02858556,-0.00887116022797814));
#6524=CARTESIAN_POINT('',(0.0446613610669078,0.02858556,-0.00108095938904849));
#6525=CARTESIAN_POINT('',(0.0531000016778593,0.02858556,-0.0095196));
#6526=CARTESIAN_POINT('',(0.0531000016778593,0.02858556,0.00241444));
#6527=CARTESIAN_POINT('',(0.049,0.02858556,0.00241444));
#6528=CARTESIAN_POINT('',(0.050013669746063,0.08,-0.00206853559227204));
#6529=CARTESIAN_POINT('',(0.043568535592272,0.08,-0.00851366974606293));
#6530=CARTESIAN_POINT('',(0.043568535592272,0.08,-0.00851366974606293));
#6531=CARTESIAN_POINT('',(0.050013669746063,0.08,-0.00206853559227204));
#6532=CARTESIAN_POINT('',(0.043568535592272,0.08,-0.00851366974606293));
#6533=CARTESIAN_POINT('',(0.050013669746063,0.08,-0.00206853559227204));
#6534=CARTESIAN_POINT('',(0.0625,0.1,0.0235));
#6535=CARTESIAN_POINT('',(0.0625,0.1,0.0235));
#6536=CARTESIAN_POINT('',(0.0625,0.1,0.0245514718625761));
#6537=CARTESIAN_POINT('',(0.0625,0.1,0.0224485281374238));
#6538=CARTESIAN_POINT('',(0.0625,0.1,0.0224485281374238));
#6539=CARTESIAN_POINT('',(0.0625,0.0790805829536765,0.0224485281374238));
#6540=CARTESIAN_POINT('',(0.0625,0.076,0.025));
#6541=CARTESIAN_POINT('',(0.0625,0.0799197835597961,0.0242029448925249));
#6542=CARTESIAN_POINT('',(0.0625,0.0775857864376269,0.0235857864376269));
#6543=CARTESIAN_POINT('',(0.0625,0.0797984497162997,0.0245514718625761));
#6544=CARTESIAN_POINT('',(0.0625,0.1,0.0245514718625761));
#6545=CARTESIAN_POINT('',(0.0425,0.1,0.0235));
#6546=CARTESIAN_POINT('',(0.0425,0.08,0.0224485281374238));
#6547=CARTESIAN_POINT('',(0.0425,0.1,0.0224485281374238));
#6548=CARTESIAN_POINT('',(0.0425,0.0790805829536765,0.0224485281374238));
#6549=CARTESIAN_POINT('',(0.0425,0.076,0.025));
#6550=CARTESIAN_POINT('',(0.0425,0.0799197835597961,0.0242029448925249));
#6551=CARTESIAN_POINT('',(0.0425,0.0775857864376269,0.0235857864376269));
#6552=CARTESIAN_POINT('',(0.0425,0.0797984497162997,0.0245514718625761));
#6553=CARTESIAN_POINT('',(0.0425,0.1,0.0245514718625761));
#6554=CARTESIAN_POINT('',(0.0425,0.1,0.0245514718625761));
#6555=CARTESIAN_POINT('',(0.0425,0.1,0.0235));
#6556=CARTESIAN_POINT('',(0.0475,0.1,0.0235));
#6557=CARTESIAN_POINT('',(0.0475,0.0775857864376269,0.0235857864376269));
#6558=CARTESIAN_POINT('',(0.0475,0.0797984497162997,0.0245514718625761));
#6559=CARTESIAN_POINT('',(0.0475,0.0799197835597961,0.0242029448925249));
#6560=CARTESIAN_POINT('',(0.0475,0.076,0.025));
#6561=CARTESIAN_POINT('',(0.0475,0.0790805829536765,0.0224485281374238));
#6562=CARTESIAN_POINT('',(0.0475,0.1,0.0224485281374238));
#6563=CARTESIAN_POINT('',(0.0475,0.1,0.0224485281374238));
#6564=CARTESIAN_POINT('',(0.0475,0.1,0.0235));
#6565=CARTESIAN_POINT('',(0.0475,0.1,0.0245514718625761));
#6566=CARTESIAN_POINT('',(0.0475,0.1,0.0245514718625761));
#6567=CARTESIAN_POINT('',(0.0175,0.1,0.0235));
#6568=CARTESIAN_POINT('',(0.0175,0.1,0.0235));
#6569=CARTESIAN_POINT('',(0.0175,0.1,0.0224485281374238));
#6570=CARTESIAN_POINT('',(0.0175,0.1,0.0245514718625761));
#6571=CARTESIAN_POINT('',(0.0175,0.08,0.0224485281374238));
#6572=CARTESIAN_POINT('',(0.0175,0.0790805829536765,0.0224485281374238));
#6573=CARTESIAN_POINT('',(0.0175,0.076,0.025));
#6574=CARTESIAN_POINT('',(0.0175,0.0799197835597961,0.0242029448925249));
#6575=CARTESIAN_POINT('',(0.0175,0.0775857864376269,0.0235857864376269));
#6576=CARTESIAN_POINT('',(0.0175,0.0797984497162997,0.0245514718625761));
#6577=CARTESIAN_POINT('',(0.0175,0.1,0.0245514718625761));
#6578=CARTESIAN_POINT('',(0.0225,0.1,0.0235));
#6579=CARTESIAN_POINT('',(0.0225,0.0775857864376269,0.0235857864376269));
#6580=CARTESIAN_POINT('',(0.0225,0.0797984497162997,0.0245514718625761));
#6581=CARTESIAN_POINT('',(0.0225,0.0799197835597961,0.0242029448925249));
#6582=CARTESIAN_POINT('',(0.0225,0.076,0.025));
#6583=CARTESIAN_POINT('',(0.0225,0.0790805829536765,0.0224485281374238));
#6584=CARTESIAN_POINT('',(0.0225,0.1,0.0224485281374238));
#6585=CARTESIAN_POINT('',(0.0225,0.1,0.0224485281374238));
#6586=CARTESIAN_POINT('',(0.0225,0.1,0.0235));
#6587=CARTESIAN_POINT('',(0.0225,0.1,0.0245514718625761));
#6588=CARTESIAN_POINT('',(0.0225,0.1,0.0245514718625761));
#6589=CARTESIAN_POINT('',(-0.0075,0.1,0.0235));
#6590=CARTESIAN_POINT('',(-0.0075,0.1,0.0235));
#6591=CARTESIAN_POINT('',(-0.0075,0.1,0.0224485281374238));
#6592=CARTESIAN_POINT('',(-0.0075,0.1,0.0245514718625761));
#6593=CARTESIAN_POINT('',(-0.0075,0.08,0.0224485281374238));
#6594=CARTESIAN_POINT('',(-0.0075,0.0790805829536765,0.0224485281374238));
#6595=CARTESIAN_POINT('',(-0.0075,0.076,0.025));
#6596=CARTESIAN_POINT('',(-0.0075,0.0799197835597961,0.0242029448925249));
#6597=CARTESIAN_POINT('',(-0.0075,0.0775857864376269,0.0235857864376269));
#6598=CARTESIAN_POINT('',(-0.0075,0.0797984497162997,0.0245514718625761));
#6599=CARTESIAN_POINT('',(-0.0075,0.1,0.0245514718625761));
#6600=CARTESIAN_POINT('',(-0.0025,0.1,0.0235));
#6601=CARTESIAN_POINT('',(-0.0025,0.08,0.0245514718625761));
#6602=CARTESIAN_POINT('',(-0.0025,0.1,0.0245514718625761));
#6603=CARTESIAN_POINT('',(-0.0025,0.0797984497162997,0.0245514718625761));
#6604=CARTESIAN_POINT('',(-0.0025,0.0775857864376269,0.0235857864376269));
#6605=CARTESIAN_POINT('',(-0.0025,0.0799197835597961,0.0242029448925249));
#6606=CARTESIAN_POINT('',(-0.0025,0.076,0.025));
#6607=CARTESIAN_POINT('',(-0.0025,0.0790805829536765,0.0224485281374238));
#6608=CARTESIAN_POINT('',(-0.0025,0.1,0.0224485281374238));
#6609=CARTESIAN_POINT('',(-0.0025,0.1,0.0224485281374238));
#6610=CARTESIAN_POINT('',(-0.0025,0.1,0.0235));
#6611=CARTESIAN_POINT('',(-0.0325,0.1,0.0235));
#6612=CARTESIAN_POINT('',(-0.0325,0.102,0.0235));
#6613=CARTESIAN_POINT('',(-0.0325,0.102,0.0245514718625761));
#6614=CARTESIAN_POINT('',(-0.0325,0.102,0.0224485281374238));
#6615=CARTESIAN_POINT('',(-0.0325,0.1,0.0224485281374238));
#6616=CARTESIAN_POINT('',(-0.0325,0.0725857864376269,0.0235857864376269));
#6617=CARTESIAN_POINT('',(-0.0325,0.0747984497162997,0.0245514718625761));
#6618=CARTESIAN_POINT('',(-0.0325,0.1,0.0245514718625761));
#6619=CARTESIAN_POINT('',(-0.0275,0.1,0.0235));
#6620=CARTESIAN_POINT('',(-0.0275,0.0775857864376269,0.0235857864376269));
#6621=CARTESIAN_POINT('',(-0.0275,0.0797984497162997,0.0245514718625761));
#6622=CARTESIAN_POINT('',(-0.0275,0.0799197835597961,0.0242029448925249));
#6623=CARTESIAN_POINT('',(-0.0275,0.076,0.025));
#6624=CARTESIAN_POINT('',(-0.0275,0.0790805829536765,0.0224485281374238));
#6625=CARTESIAN_POINT('',(-0.0275,0.1,0.0224485281374238));
#6626=CARTESIAN_POINT('',(-0.0275,0.1,0.0224485281374238));
#6627=CARTESIAN_POINT('',(-0.0275,0.1,0.0235));
#6628=CARTESIAN_POINT('',(-0.0275,0.1,0.0245514718625761));
#6629=CARTESIAN_POINT('',(-0.0275,0.1,0.0245514718625761));
#6630=CARTESIAN_POINT('',(-0.0625,0.1,0.0235));
#6631=CARTESIAN_POINT('',(-0.0625,0.075,0.0245514718625761));
#6632=CARTESIAN_POINT('',(-0.0625,0.1,0.0245514718625761));
#6633=CARTESIAN_POINT('',(-0.0625,0.0747984497162997,0.0245514718625761));
#6634=CARTESIAN_POINT('',(-0.0625,0.0725857864376269,0.0235857864376269));
#6635=CARTESIAN_POINT('',(-0.0625,0.1,0.0224485281374238));
#6636=CARTESIAN_POINT('',(-0.0625,0.1,0.0224485281374238));
#6637=CARTESIAN_POINT('',(-0.0625,0.1,0.0235));
#6638=CARTESIAN_POINT('',(0.,0.1,0.));
#6639=CARTESIAN_POINT('',(0.,0.1,0.0224485281374238));
#6640=CARTESIAN_POINT('',(0.,0.1,0.0245514718625761));
#6641=CARTESIAN_POINT('',(0.0175,0.1,0.0235));
#6642=CARTESIAN_POINT('',(0.0439485281374239,0.1,0.0224485281374238));
#6643=CARTESIAN_POINT('',(0.0439485281374239,0.1,0.0245514718625761));
#6644=CARTESIAN_POINT('',(0.0210514718625762,0.1,0.0245514718625761));
#6645=CARTESIAN_POINT('',(0.0210514718625762,0.1,0.0224485281374238));
#6646=CARTESIAN_POINT('',(0.0175,0.1,0.0235));
#6647=CARTESIAN_POINT('',(0.0189485281374238,0.1,0.0224485281374238));
#6648=CARTESIAN_POINT('',(0.0189485281374238,0.1,0.0245514718625761));
#6649=CARTESIAN_POINT('',(-0.00394852813742386,0.1,0.0245514718625761));
#6650=CARTESIAN_POINT('',(-0.00394852813742386,0.1,0.0224485281374238));
#6651=CARTESIAN_POINT('',(0.0175,0.1,0.0235));
#6652=CARTESIAN_POINT('',(-0.00605147186257614,0.1,0.0224485281374238));
#6653=CARTESIAN_POINT('',(-0.00605147186257614,0.1,0.0245514718625761));
#6654=CARTESIAN_POINT('',(-0.0289485281374238,0.1,0.0245514718625761));
#6655=CARTESIAN_POINT('',(-0.0289485281374238,0.1,0.0224485281374238));
#6656=CARTESIAN_POINT('',(0.0175,0.1,0.0235));
#6657=CARTESIAN_POINT('',(0.0639485281374239,0.1,0.0245514718625761));
#6658=CARTESIAN_POINT('',(0.0460514718625762,0.1,0.0245514718625761));
#6659=CARTESIAN_POINT('',(0.0460514718625762,0.1,0.0224485281374238));
#6660=CARTESIAN_POINT('',(0.0639485281374239,0.1,0.0224485281374238));
#6661=CARTESIAN_POINT('',(0.0175,0.102,0.0235));
#6662=CARTESIAN_POINT('',(0.0175,0.102,0.0224485281374238));
#6663=CARTESIAN_POINT('',(0.0175,0.102,0.0245514718625761));
#6664=CARTESIAN_POINT('',(-0.0639485281374239,0.1,0.0224485281374238));
#6665=CARTESIAN_POINT('',(-0.0639485281374239,0.075,0.021));
#6666=CARTESIAN_POINT('',(-0.0639485281374239,0.0985514718625761,0.0224485281374238));
#6667=CARTESIAN_POINT('',(-0.065,0.0985514718625761,0.0224485281374238));
#6668=CARTESIAN_POINT('',(-0.0639485281374239,0.1,0.0245514718625761));
#6669=CARTESIAN_POINT('',(-0.0625,0.0747984497162997,0.0245514718625762));
#6670=CARTESIAN_POINT('',(-0.0625,0.0745816621984919,0.0250481944676142));
#6671=CARTESIAN_POINT('',(-0.0629681355056155,0.0738521040413494,0.0257934080473472));
#6672=CARTESIAN_POINT('',(-0.0636222547442313,0.073007003940532,0.026));
#6673=CARTESIAN_POINT('',(-0.0639485281374239,0.0725857864376269,0.026));
#6674=CARTESIAN_POINT('',(-0.0639485281374239,0.0985514718625761,0.0245514718625761));
#6675=CARTESIAN_POINT('',(0.,0.0985514718625761,0.0245514718625761));
#6676=CARTESIAN_POINT('',(-0.0310514718625762,0.1,0.0224485281374238));
#6677=CARTESIAN_POINT('',(-0.0310514718625762,0.100551471862576,0.0224485281374238));
#6678=CARTESIAN_POINT('',(-0.0310514718625762,0.1,0.021));
#6679=CARTESIAN_POINT('',(-0.065,0.100551471862576,0.0224485281374238));
#6680=CARTESIAN_POINT('',(-0.0310514718625762,0.09,0.0245514718625761));
#6681=CARTESIAN_POINT('',(-0.0325,0.0747984497162997,0.0245514718625761));
#6682=CARTESIAN_POINT('',(-0.0325,0.0745816621984919,0.0250481944676142));
#6683=CARTESIAN_POINT('',(-0.0320318644943862,0.0738521040413482,0.0257934080473472));
#6684=CARTESIAN_POINT('',(-0.0313777452557656,0.0730070039405344,0.026));
#6685=CARTESIAN_POINT('',(-0.0310514718625762,0.0725857864376269,0.026));
#6686=CARTESIAN_POINT('',(-0.0310514718625762,0.100551471862576,0.0245514718625761));
#6687=CARTESIAN_POINT('',(0.,0.100551471862576,0.0245514718625761));
#6688=CARTESIAN_POINT('',(0.0639485281374239,0.1,0.0224485281374238));
#6689=CARTESIAN_POINT('',(0.0625,0.0790805829536765,0.0224485281374238));
#6690=CARTESIAN_POINT('',(0.0625,0.0786662388564281,0.0219482594957579));
#6691=CARTESIAN_POINT('',(0.062961022930342,0.0776432157588679,0.0212162815660663));
#6692=CARTESIAN_POINT('',(0.0636177874899251,0.0765496102228958,0.021));
#6693=CARTESIAN_POINT('',(0.0639485281374239,0.076,0.021));
#6694=CARTESIAN_POINT('',(0.0639485281374239,0.09,0.0245514718625761));
#6695=CARTESIAN_POINT('',(0.0625,0.0797984497162997,0.0245514718625761));
#6696=CARTESIAN_POINT('',(0.0625,0.0795816621984918,0.0250481944676142));
#6697=CARTESIAN_POINT('',(0.0629681355056153,0.0788521040413493,0.0257934080473472));
#6698=CARTESIAN_POINT('',(0.0636222547442317,0.0780070039405322,0.026));
#6699=CARTESIAN_POINT('',(0.0639485281374239,0.0775857864376269,0.026));
#6700=CARTESIAN_POINT('',(0.0439485281374239,0.09,0.0245514718625761));
#6701=CARTESIAN_POINT('',(0.0425,0.0797984497162997,0.0245514718625761));
#6702=CARTESIAN_POINT('',(0.0425,0.0795816621984918,0.0250481944676142));
#6703=CARTESIAN_POINT('',(0.0429681355056136,0.078852104041348,0.0257934080473472));
#6704=CARTESIAN_POINT('',(0.0436222547442349,0.0780070039405348,0.026));
#6705=CARTESIAN_POINT('',(0.0439485281374239,0.0775857864376269,0.026));
#6706=CARTESIAN_POINT('',(0.0460514718625762,0.1,0.0224485281374238));
#6707=CARTESIAN_POINT('',(0.0475,0.0790805829536765,0.0224485281374238));
#6708=CARTESIAN_POINT('',(0.0475,0.0786662388564281,0.0219482594957579));
#6709=CARTESIAN_POINT('',(0.0470389770696582,0.0776432157588678,0.0212162815660663));
#6710=CARTESIAN_POINT('',(0.0463822125100747,0.076549610222896,0.021));
#6711=CARTESIAN_POINT('',(0.0460514718625762,0.076,0.021));
#6712=CARTESIAN_POINT('',(0.0460514718625762,0.1,0.0245514718625761));
#6713=CARTESIAN_POINT('',(0.0475,0.0797984497162997,0.0245514718625761));
#6714=CARTESIAN_POINT('',(0.0475,0.0795816621984918,0.0250481944676142));
#6715=CARTESIAN_POINT('',(0.0470318644943865,0.078852104041348,0.0257934080473472));
#6716=CARTESIAN_POINT('',(0.0463777452557651,0.0780070039405348,0.026));
#6717=CARTESIAN_POINT('',(0.0460514718625762,0.0775857864376269,0.026));
#6718=CARTESIAN_POINT('',(0.0439485281374239,0.1,0.0224485281374238));
#6719=CARTESIAN_POINT('',(0.0425,0.0790805829536765,0.0224485281374238));
#6720=CARTESIAN_POINT('',(0.0425,0.0786662388564281,0.0219482594957579));
#6721=CARTESIAN_POINT('',(0.042961022930342,0.0776432157588678,0.0212162815660663));
#6722=CARTESIAN_POINT('',(0.0436177874899251,0.0765496102228958,0.021));
#6723=CARTESIAN_POINT('',(0.0439485281374239,0.076,0.021));
#6724=CARTESIAN_POINT('',(0.0189485281374238,0.1,0.0224485281374238));
#6725=CARTESIAN_POINT('',(0.0189485281374238,0.1,0.021));
#6726=CARTESIAN_POINT('',(0.0189485281374238,0.076,0.021));
#6727=CARTESIAN_POINT('',(0.0175,0.0790805829536765,0.0224485281374238));
#6728=CARTESIAN_POINT('',(0.0175,0.0786662388564281,0.0219482594957579));
#6729=CARTESIAN_POINT('',(0.0179610229303419,0.0776432157588678,0.0212162815660663));
#6730=CARTESIAN_POINT('',(0.0186177874899252,0.0765496102228959,0.021));
#6731=CARTESIAN_POINT('',(0.0189485281374238,0.076,0.021));
#6732=CARTESIAN_POINT('',(0.0210514718625762,0.1,0.0224485281374238));
#6733=CARTESIAN_POINT('',(0.0225,0.0790805829536765,0.0224485281374238));
#6734=CARTESIAN_POINT('',(0.0225,0.0786662388564281,0.0219482594957579));
#6735=CARTESIAN_POINT('',(0.0220389770696581,0.0776432157588678,0.0212162815660663));
#6736=CARTESIAN_POINT('',(0.0213822125100748,0.0765496102228959,0.021));
#6737=CARTESIAN_POINT('',(0.0210514718625762,0.076,0.021));
#6738=CARTESIAN_POINT('',(0.0210514718625762,0.076,0.021));
#6739=CARTESIAN_POINT('',(0.0210514718625762,0.1,0.021));
#6740=CARTESIAN_POINT('',(0.0189485281374238,0.09,0.0245514718625761));
#6741=CARTESIAN_POINT('',(0.0175,0.0797984497162997,0.0245514718625761));
#6742=CARTESIAN_POINT('',(0.0175,0.0795816621984918,0.0250481944676142));
#6743=CARTESIAN_POINT('',(0.0179681355056136,0.078852104041348,0.0257934080473472));
#6744=CARTESIAN_POINT('',(0.0186222547442349,0.0780070039405348,0.026));
#6745=CARTESIAN_POINT('',(0.0189485281374238,0.0775857864376269,0.026));
#6746=CARTESIAN_POINT('',(0.0210514718625762,0.1,0.0245514718625761));
#6747=CARTESIAN_POINT('',(0.0225,0.0797984497162997,0.0245514718625761));
#6748=CARTESIAN_POINT('',(0.0225,0.0795816621984918,0.0250481944676142));
#6749=CARTESIAN_POINT('',(0.0220318644943864,0.078852104041348,0.0257934080473472));
#6750=CARTESIAN_POINT('',(0.0213777452557651,0.0780070039405348,0.026));
#6751=CARTESIAN_POINT('',(0.0210514718625762,0.0775857864376269,0.026));
#6752=CARTESIAN_POINT('',(-0.00394852813742386,0.1,0.0224485281374238));
#6753=CARTESIAN_POINT('',(-0.0025,0.0790805829536765,0.0224485281374238));
#6754=CARTESIAN_POINT('',(-0.0025,0.0786662388564281,0.0219482594957579));
#6755=CARTESIAN_POINT('',(-0.00296102293034208,0.0776432157588679,0.0212162815660663));
#6756=CARTESIAN_POINT('',(-0.00361778748992491,0.0765496102228957,0.021));
#6757=CARTESIAN_POINT('',(-0.00394852813742386,0.076,0.021));
#6758=CARTESIAN_POINT('',(-0.00394852813742386,0.076,0.021));
#6759=CARTESIAN_POINT('',(-0.00394852813742386,0.08,0.021));
#6760=CARTESIAN_POINT('',(-0.00605147186257614,0.1,0.0224485281374238));
#6761=CARTESIAN_POINT('',(-0.00605147186257614,0.1,0.021));
#6762=CARTESIAN_POINT('',(-0.00605147186257614,0.076,0.021));
#6763=CARTESIAN_POINT('',(-0.0075,0.0790805829536765,0.0224485281374239));
#6764=CARTESIAN_POINT('',(-0.0075,0.0786662388564281,0.0219482594957579));
#6765=CARTESIAN_POINT('',(-0.007038977069658,0.0776432157588678,0.0212162815660663));
#6766=CARTESIAN_POINT('',(-0.00638221251007492,0.0765496102228959,0.021));
#6767=CARTESIAN_POINT('',(-0.00605147186257614,0.076,0.021));
#6768=CARTESIAN_POINT('',(-0.00605147186257614,0.09,0.0245514718625761));
#6769=CARTESIAN_POINT('',(-0.0075,0.0797984497162997,0.0245514718625761));
#6770=CARTESIAN_POINT('',(-0.0075,0.0795816621984918,0.0250481944676142));
#6771=CARTESIAN_POINT('',(-0.00703186449438605,0.0788521040413483,0.0257934080473472));
#6772=CARTESIAN_POINT('',(-0.00637774525576579,0.0780070039405343,0.026));
#6773=CARTESIAN_POINT('',(-0.00605147186257614,0.0775857864376269,0.026));
#6774=CARTESIAN_POINT('',(-0.00394852813742386,0.1,0.0245514718625761));
#6775=CARTESIAN_POINT('',(-0.0025,0.0797984497162997,0.0245514718625761));
#6776=CARTESIAN_POINT('',(-0.0025,0.0795816621984918,0.0250481944676142));
#6777=CARTESIAN_POINT('',(-0.00296813550561393,0.0788521040413483,0.0257934080473472));
#6778=CARTESIAN_POINT('',(-0.00362225474423424,0.0780070039405343,0.026));
#6779=CARTESIAN_POINT('',(-0.00394852813742386,0.0775857864376269,0.026));
#6780=CARTESIAN_POINT('',(-0.0289485281374238,0.1,0.0224485281374238));
#6781=CARTESIAN_POINT('',(-0.0275,0.0790805829536765,0.0224485281374238));
#6782=CARTESIAN_POINT('',(-0.0275,0.0786662388564281,0.0219482594957579));
#6783=CARTESIAN_POINT('',(-0.0279610229303419,0.0776432157588678,0.0212162815660663));
#6784=CARTESIAN_POINT('',(-0.0286177874899252,0.0765496102228959,0.021));
#6785=CARTESIAN_POINT('',(-0.0289485281374238,0.076,0.021));
#6786=CARTESIAN_POINT('',(-0.0289485281374238,0.076,0.021));
#6787=CARTESIAN_POINT('',(-0.0289485281374238,0.1,0.021));
#6788=CARTESIAN_POINT('',(-0.0289485281374238,0.1,0.0245514718625761));
#6789=CARTESIAN_POINT('',(-0.0275,0.0797984497162997,0.0245514718625762));
#6790=CARTESIAN_POINT('',(-0.0275,0.0795816621984919,0.0250481944676142));
#6791=CARTESIAN_POINT('',(-0.0279681355056135,0.078852104041348,0.0257934080473472));
#6792=CARTESIAN_POINT('',(-0.028622254744235,0.0780070039405349,0.026));
#6793=CARTESIAN_POINT('',(-0.0289485281374239,0.0775857864376269,0.026));
#6794=CARTESIAN_POINT('',(0.,0.0775857864376269,0.0235857864376269));
#6795=CARTESIAN_POINT('',(0.055,0.0799197835597961,0.0242029448925249));
#6796=CARTESIAN_POINT('',(0.,0.0775857864376269,0.0235857864376269));
#6797=CARTESIAN_POINT('',(0.0325,0.0799197835597961,0.0242029448925249));
#6798=CARTESIAN_POINT('',(0.,0.0775857864376269,0.0235857864376269));
#6799=CARTESIAN_POINT('',(0.0075,0.0799197835597961,0.0242029448925249));
#6800=CARTESIAN_POINT('',(0.,0.0775857864376269,0.0235857864376269));
#6801=CARTESIAN_POINT('',(-0.0175,0.0799197835597961,0.0242029448925249));
#6802=CARTESIAN_POINT('',(0.,0.0725857864376269,0.0235857864376269));
#6803=CARTESIAN_POINT('',(-0.065,0.076,0.025));
#6804=CARTESIAN_POINT('',(-0.065,0.076,0.025));
#6805=CARTESIAN_POINT('',(-0.065,0.076,0.021));
#6806=CARTESIAN_POINT('',(-0.065,0.076,0.025));
#6807=CARTESIAN_POINT('',(-0.065,0.076,0.021));
#6808=CARTESIAN_POINT('',(-0.065,0.076,0.025));
#6809=CARTESIAN_POINT('',(-0.065,0.076,0.021));
#6810=CARTESIAN_POINT('',(0.0575,0.08,-0.0198238004036607));
#6811=CARTESIAN_POINT('',(0.0475,0.08,-0.0198238004036607));
#6812=CARTESIAN_POINT('',(0.0475,0.076,-0.0198238004036607));
#6813=CARTESIAN_POINT('',(0.0675,0.076,-0.0198238004036607));
#6814=CARTESIAN_POINT('',(0.0475,0.08,-0.00282380040366064));
#6815=CARTESIAN_POINT('',(0.0475,0.08,0.0141761995963394));
#6816=CARTESIAN_POINT('',(0.0475,0.076,0.0141761995963394));
#6817=CARTESIAN_POINT('',(0.0475,0.076,-0.0198238004036607));
#6818=CARTESIAN_POINT('',(0.0575,0.08,0.0141761995963394));
#6819=CARTESIAN_POINT('',(0.0575,0.076,0.0141761995963394));
#6820=CARTESIAN_POINT('',(0.,0.08,-0.00120710678118655));
#6821=CARTESIAN_POINT('',(1.97468888073308E-18,0.08,0.0101761995963394));
#6822=CARTESIAN_POINT('',(0.0515,0.08,0.0101761995963394));
#6823=CARTESIAN_POINT('',(0.0635,0.08,0.0101761995963394));
#6824=CARTESIAN_POINT('',(0.0635,0.08,-0.00120710678118655));
#6825=CARTESIAN_POINT('',(0.0635,0.08,-0.0158238004036607));
#6826=CARTESIAN_POINT('',(0.0475,0.08,-0.0158238004036607));
#6827=CARTESIAN_POINT('',(0.0515,0.08,-0.0158238004036607));
#6828=CARTESIAN_POINT('',(0.0515,0.08,0.0141761995963394));
#6829=CARTESIAN_POINT('',(0.0515,0.076,-0.00120710678118657));
#6830=CARTESIAN_POINT('',(0.0515,0.076,0.0101761995963394));
#6831=CARTESIAN_POINT('',(0.0515,0.076,-0.0158238004036607));
#6832=CARTESIAN_POINT('',(0.,0.076,-0.0158238004036607));
#6833=CARTESIAN_POINT('',(0.0635,0.076,-0.0158238004036607));
#6834=CARTESIAN_POINT('',(0.0575,0.076,0.0101761995963394));
#6835=CARTESIAN_POINT('',(0.0635,0.076,0.0101761995963394));
#6836=CARTESIAN_POINT('',(0.0635,0.076,0.));
#6837=CARTESIAN_POINT('',(0.045,0.078,0.021));
#6838=CARTESIAN_POINT('',(0.045,0.078,0.021));
#6839=CARTESIAN_POINT('',(0.045,0.078,0.021));
#6840=CARTESIAN_POINT('',(0.045,0.078,0.021));
#6841=CARTESIAN_POINT('',(0.045,0.078,0.021));
#6842=CARTESIAN_POINT('',(0.0385,0.074,0.021));
#6843=CARTESIAN_POINT('',(0.0385,0.078,0.021));
#6844=CARTESIAN_POINT('',(0.045,0.078,0.021));
#6845=CARTESIAN_POINT('',(0.045,0.078,0.021));
#6846=CARTESIAN_POINT('',(0.045,0.078,0.021));
#6847=CARTESIAN_POINT('',(0.,0.078,-0.00120710678118655));
#6848=CARTESIAN_POINT('',(0.0385,0.078,-0.00120710678118655));
#6849=CARTESIAN_POINT('',(0.0385,0.074,-0.0025));
#6850=CARTESIAN_POINT('',(-0.0675,0.039,-0.0198238004036607));
#6851=CARTESIAN_POINT('',(-0.0575,0.0515,-0.0203478781964911));
#6852=CARTESIAN_POINT('',(-0.0575,0.025,-0.0203478781964911));
#6853=CARTESIAN_POINT('',(-0.0575,0.003,-0.0203478781964911));
#6854=CARTESIAN_POINT('',(-0.0108799858145188,0.025,-0.022791129610096));
#6855=CARTESIAN_POINT('',(-0.0259756380424697,0.025,-0.022));
#6856=CARTESIAN_POINT('',(-0.0259756380424697,0.045,-0.022));
#6857=CARTESIAN_POINT('',(-0.0259756380424697,0.003,-0.022));
#6858=CARTESIAN_POINT('',(-7.11486315362336E-5,0.003,-0.0233575967634881));
#6859=CARTESIAN_POINT('',(-0.0675,0.07,-0.0198238004036607));
#6860=CARTESIAN_POINT('',(-0.0259,0.07,-0.0220039640218351));
#6861=CARTESIAN_POINT('',(-0.0259,0.05,-0.0220039640218351));
#6862=CARTESIAN_POINT('',(-0.0259,0.0771801636181745,-0.0220039640218351));
#6863=CARTESIAN_POINT('',(-0.0693763728554028,0.0749016634655414,-0.019725463869202));
#6864=CARTESIAN_POINT('',(-0.0693763728554028,0.00309833653445864,-0.019725463869202));
#6865=CARTESIAN_POINT('',(-0.0259,0.000819836381825481,-0.0220039640218351));
#6866=CARTESIAN_POINT('',(-0.0259,0.05,-0.0220039640218351));
#6867=CARTESIAN_POINT('',(-0.0259,0.033,-0.0220039640218351));
#6868=CARTESIAN_POINT('',(-0.0675,0.033,-0.0198238004036607));
#6869=CARTESIAN_POINT('',(-0.0259,0.05,0.));
#6870=CARTESIAN_POINT('',(-0.0259,0.05,-0.021));
#6871=CARTESIAN_POINT('',(-0.0259,0.033,-0.0622));
#6872=CARTESIAN_POINT('',(-0.0259,0.000819836381825478,-8.88773181078213E-18));
#6873=CARTESIAN_POINT('',(-0.0259,0.000819836381825474,0.0207526542805108));
#6874=CARTESIAN_POINT('',(-0.0259,0.05,0.0207526542805108));
#6875=CARTESIAN_POINT('',(-0.0675,0.075,-0.0198238004036607));
#6876=CARTESIAN_POINT('',(-0.0259,0.0771801636181745,0.));
#6877=CARTESIAN_POINT('',(-0.0259,0.0771801636181745,0.0207526542805108));
#6878=CARTESIAN_POINT('',(-0.0695012710640106,0.0748951178277918,0.0184676084901281));
#6879=CARTESIAN_POINT('',(-0.0675,0.003,-0.0198238004036607));
#6880=CARTESIAN_POINT('',(-0.0695012710640106,0.00310488217220819,0.0184676084901281));
#6881=CARTESIAN_POINT('',(-0.0675,0.039,0.0185724906623363));
#6882=CARTESIAN_POINT('',(-0.0259,0.05,0.0207526542805108));
#6883=CARTESIAN_POINT('',(-0.0259,0.05,0.));
#6884=CARTESIAN_POINT('',(-0.0259,0.07,-0.0622));
#6885=CARTESIAN_POINT('',(2.08166817117217E-17,0.003,-0.022));
#6886=CARTESIAN_POINT('',(-0.0575,0.003,-0.022));
#6887=CARTESIAN_POINT('',(-0.0575,0.003,-0.022));
#6888=CARTESIAN_POINT('',(2.08166817117217E-17,0.003,-0.022));
#6889=CARTESIAN_POINT('',(-0.01,0.025,-0.006));
#6890=CARTESIAN_POINT('',(-0.0575,0.025,-0.006));
#6891=CARTESIAN_POINT('',(-0.0575,0.025,-0.022));
#6892=CARTESIAN_POINT('',(-0.01,0.025,-0.022));
#6893=CARTESIAN_POINT('',(0.,0.045,-0.022));
#6894=CARTESIAN_POINT('',(-0.0575,0.018,-0.022));
#6895=CARTESIAN_POINT('',(-0.0575,0.0515,-0.0622));
#6896=CARTESIAN_POINT('',(-0.0109,0.018,-0.006));
#6897=CARTESIAN_POINT('',(-0.0254749499694574,0.018,-0.0205749499694574));
#6898=CARTESIAN_POINT('',(0.00971209191771595,0.018,-0.0557619918566307));
#6899=CARTESIAN_POINT('',(0.0478780517560053,0.028,-0.00441569688567087));
#6900=CARTESIAN_POINT('',(0.0517,0.0132797068219042,-0.0157));
#6901=CARTESIAN_POINT('',(0.0517,0.0130140995091137,-0.0107));
#6902=CARTESIAN_POINT('',(0.0517,0.00827265706734733,-0.0157));
#6903=CARTESIAN_POINT('',(0.0517,0.00326560731279048,-0.0157));
#6904=CARTESIAN_POINT('',(0.0517,0.00353121462558098,-0.0107));
#6905=CARTESIAN_POINT('',(0.0517,0.0132797068219042,-0.0057));
#6906=CARTESIAN_POINT('',(0.0517,0.0132797068219042,-0.0057));
#6907=CARTESIAN_POINT('',(0.0517,0.00827310529828555,-0.00576699573350096));
#6908=CARTESIAN_POINT('',(0.0517,0.00827310529828555,-0.00576699573350096));
#6909=CARTESIAN_POINT('',(0.0517,0.00326560731279049,-0.0057));
#6910=CARTESIAN_POINT('',(0.0517,0.00827220883640913,-0.00576699573350096));
#6911=CARTESIAN_POINT('',(0.0517,0.00827220883640913,-0.00576699573350096));
#6912=CARTESIAN_POINT('',(0.0517,0.00326560731279049,-0.0057));
#6913=CARTESIAN_POINT('',(0.0517,0.08,-0.00576699573350096));
#6914=CARTESIAN_POINT('',(0.0517,0.08,-0.00576699573350096));
#6915=CARTESIAN_POINT('',(0.0517,0.014,-0.01385));
#6916=CARTESIAN_POINT('',(-0.0614,0.033,-0.0622));
#6917=CARTESIAN_POINT('',(-0.0614,0.033,-0.022));
#6918=CARTESIAN_POINT('',(-0.0614,0.07,-0.0622));
#6919=CARTESIAN_POINT('',(-0.0614,0.07,-0.022));
#6920=CARTESIAN_POINT('',(-0.0614,0.08,-0.022));
#6921=CARTESIAN_POINT('',(0.,0.,0.));
#6922=CARTESIAN_POINT('',(-0.0457757359312881,0.0282636834713075,0.0366412651914372));
#6923=CARTESIAN_POINT('',(-0.0340514718625761,0.0282636834713075,0.0366412651914372));
#6924=CARTESIAN_POINT('',(-0.0340514718625761,0.0280711702269594,0.0352055868097447));
#6925=CARTESIAN_POINT('',(-0.0340514718625761,0.0275991701650952,0.0316856197172464));
#6926=CARTESIAN_POINT('',(-0.0457757359312881,0.0280711702269594,0.0352055868097447));
#6927=CARTESIAN_POINT('',(-0.045,0.0280711702269594,0.0352055868097447));
#6928=CARTESIAN_POINT('',(-0.045,0.0282636834713075,0.0366412651914372));
#6929=CARTESIAN_POINT('',(-0.045,0.0275991701650952,0.0316856197172464));
#6930=CARTESIAN_POINT('',(-0.0457757359312881,0.0275991701650952,0.0316856197172464));
#6931=CARTESIAN_POINT('',(-0.0340514718625761,0.0237673156706801,0.0372441929530583));
#6932=CARTESIAN_POINT('',(-0.0340514718625761,0.0192709478700526,0.0378471207146795));
#6933=CARTESIAN_POINT('',(-0.0340514718625761,0.0190784346257044,0.036411442332987));
#6934=CARTESIAN_POINT('',(-0.0340514718625761,0.0186064345638403,0.0328914752404888));
#6935=CARTESIAN_POINT('',(-0.0340514718625761,0.0235748024263319,0.0358085145713659));
#6936=CARTESIAN_POINT('',(-0.0340514718625761,0.0231028023644677,0.0322885474788676));
#6937=CARTESIAN_POINT('',(-0.0457757359312881,0.0192709478700526,0.0378471207146795));
#6938=CARTESIAN_POINT('',(-0.0575,0.0192709478700526,0.0378471207146795));
#6939=CARTESIAN_POINT('',(-0.0575,0.0190784346257044,0.036411442332987));
#6940=CARTESIAN_POINT('',(-0.0575,0.0186064345638403,0.0328914752404888));
#6941=CARTESIAN_POINT('',(-0.0340514718625761,0.0190784346257044,0.036411442332987));
#6942=CARTESIAN_POINT('',(-0.0457757359312881,0.0186064345638403,0.0328914752404888));
#6943=CARTESIAN_POINT('',(-0.0575,0.0523286250517068,0.0334143447071766));
#6944=CARTESIAN_POINT('',(-0.0575,0.0339927367972013,0.0358730439401624));
#6945=CARTESIAN_POINT('',(-0.0575,0.033800223552853,0.0344373655584699));
#6946=CARTESIAN_POINT('',(-0.0575,0.0333282234909889,0.0309173984659717));
#6947=CARTESIAN_POINT('',(-0.0575,0.0521361118073586,0.0319786663254841));
#6948=CARTESIAN_POINT('',(-0.0575,0.0516641117454944,0.0284586992329858));
#6949=CARTESIAN_POINT('',(-0.0075,0.0339927367972013,0.0358730439401624));
#6950=CARTESIAN_POINT('',(-0.045,0.0339927367972013,0.0358730439401624));
#6951=CARTESIAN_POINT('',(-0.045,0.033800223552853,0.0344373655584699));
#6952=CARTESIAN_POINT('',(-0.045,0.0333282234909889,0.0309173984659717));
#6953=CARTESIAN_POINT('',(-0.0075,0.033800223552853,0.0344373655584699));
#6954=CARTESIAN_POINT('',(-0.0075,0.0333282234909889,0.0309173984659717));
#6955=CARTESIAN_POINT('',(-0.0310514718625762,0.00578184446817021,0.039655903999543));
#6956=CARTESIAN_POINT('',(-0.0310514718625762,0.0732273614775823,0.0306119875752254));
#6957=CARTESIAN_POINT('',(-0.0310514718625762,0.073034848233234,0.0291763091935329));
#6958=CARTESIAN_POINT('',(-0.0310514718625762,0.0725628481713699,0.0256563421010347));
#6959=CARTESIAN_POINT('',(-0.0310514718625762,0.00558933122382197,0.0382202256178505));
#6960=CARTESIAN_POINT('',(-0.0310514718625762,0.0010929634231945,0.0388231533794718));
#6961=CARTESIAN_POINT('',(-0.0310514718625762,0.00128547666754274,0.0402588317611642));
#6962=CARTESIAN_POINT('',(-0.0310514718625762,0.000620963361330342,0.0353031862869736));
#6963=CARTESIAN_POINT('',(-0.0310514718625762,0.00511733116195781,0.0347002585253523));
#6964=CARTESIAN_POINT('',(-2.05728532071789E-18,0.0732273614775823,0.0306119875752254));
#6965=CARTESIAN_POINT('',(-0.0340514718625761,0.0732273614775823,0.0306119875752254));
#6966=CARTESIAN_POINT('',(-0.0340514718625761,0.073034848233234,0.0291763091935329));
#6967=CARTESIAN_POINT('',(-0.0340514718625761,0.0725628481713699,0.0256563421010347));
#6968=CARTESIAN_POINT('',(-0.0310514718625762,0.073034848233234,0.0291763091935329));
#6969=CARTESIAN_POINT('',(-1.6639994562475E-18,0.0725628481713699,0.0256563421010347));
#6970=CARTESIAN_POINT('',(-0.0340514718625761,0.0687309936769548,0.0312149153368465));
#6971=CARTESIAN_POINT('',(-0.0340514718625761,0.0706645133062124,0.0309556454741907));
#6972=CARTESIAN_POINT('',(-0.0340514718625761,0.0704720000618642,0.0295199670924982));
#6973=CARTESIAN_POINT('',(-0.0340514718625761,0.07,0.026));
#6974=CARTESIAN_POINT('',(-0.0340514718625761,0.0685384804326066,0.0297792369551541));
#6975=CARTESIAN_POINT('',(-0.0340514718625761,0.0680664803707424,0.0262592698626558));
#6976=CARTESIAN_POINT('',(4.86803278901035E-18,0.0706645133062124,0.0309556454741907));
#6977=CARTESIAN_POINT('',(-0.0575,0.0706645133062124,0.0309556454741907));
#6978=CARTESIAN_POINT('',(-0.0575,0.0704720000618641,0.0295199670924982));
#6979=CARTESIAN_POINT('',(-0.0575,0.07,0.026));
#6980=CARTESIAN_POINT('',(4.98196991715763E-18,0.0704720000618642,0.0295199670924982));
#6981=CARTESIAN_POINT('',(5.26131865348073E-18,0.07,0.026));
#6982=CARTESIAN_POINT('',(-0.0575,0.0687309936769548,0.0312149153368465));
#6983=CARTESIAN_POINT('',(-0.0575,0.0732273614775823,0.0306119875752254));
#6984=CARTESIAN_POINT('',(-0.0575,0.073034848233234,0.0291763091935329));
#6985=CARTESIAN_POINT('',(-0.0575,0.0725628481713699,0.0256563421010347));
#6986=CARTESIAN_POINT('',(-0.0575,0.0704720000618641,0.0295199670924982));
#6987=CARTESIAN_POINT('',(-0.0575,0.0680664803707424,0.0262592698626558));
#6988=CARTESIAN_POINT('',(-2.05728532071789E-18,0.0732273614775823,0.0306119875752254));
#6989=CARTESIAN_POINT('',(-0.0605,0.0732273614775823,0.0306119875752254));
#6990=CARTESIAN_POINT('',(-0.0605,0.073034848233234,0.0291763091935329));
#6991=CARTESIAN_POINT('',(-0.0605,0.0725628481713699,0.0256563421010347));
#6992=CARTESIAN_POINT('',(-0.0575,0.073034848233234,0.0291763091935329));
#6993=CARTESIAN_POINT('',(-1.6639994562475E-18,0.0725628481713699,0.0256563421010347));
#6994=CARTESIAN_POINT('',(-0.0605,0.0687309936769548,0.0312149153368465));
#6995=CARTESIAN_POINT('',(-0.0605,0.00128547666754274,0.0402588317611642));
#6996=CARTESIAN_POINT('',(-0.0605,0.0010929634231945,0.0388231533794718));
#6997=CARTESIAN_POINT('',(-0.0605,0.000620963361330342,0.0353031862869736));
#6998=CARTESIAN_POINT('',(-0.0605,0.0685384804326066,0.0297792369551541));
#6999=CARTESIAN_POINT('',(-0.0605,0.0680664803707424,0.0262592698626558));
#7000=CARTESIAN_POINT('',(-2.43837235971637E-18,0.00128547666754274,0.0402588317611642));
#7001=CARTESIAN_POINT('',(-0.0575,0.00128547666754274,0.0402588317611642));
#7002=CARTESIAN_POINT('',(-0.0575,0.0010929634231945,0.0388231533794718));
#7003=CARTESIAN_POINT('',(-0.0575,0.000620963361330342,0.0353031862869736));
#7004=CARTESIAN_POINT('',(-2.32443523156909E-18,0.0010929634231945,0.0388231533794718));
#7005=CARTESIAN_POINT('',(-2.045086495246E-18,0.000620963361330342,0.0353031862869736));
#7006=CARTESIAN_POINT('',(-0.0575,0.00578184446817021,0.039655903999543));
#7007=CARTESIAN_POINT('',(-0.0575,0.0102782122687977,0.0390529762379219));
#7008=CARTESIAN_POINT('',(-0.0575,0.0100856990244494,0.0376172978562294));
#7009=CARTESIAN_POINT('',(-0.0575,0.00961369896258529,0.0340973307637311));
#7010=CARTESIAN_POINT('',(-0.0575,0.0010929634231945,0.0388231533794718));
#7011=CARTESIAN_POINT('',(-0.0575,0.00511733116195781,0.0347002585253523));
#7012=CARTESIAN_POINT('',(-0.0457757359312881,0.0102782122687977,0.0390529762379219));
#7013=CARTESIAN_POINT('',(-0.0340514718625761,0.0102782122687977,0.0390529762379219));
#7014=CARTESIAN_POINT('',(-0.0340514718625761,0.0100856990244494,0.0376172978562294));
#7015=CARTESIAN_POINT('',(-0.0340514718625761,0.00961369896258529,0.0340973307637311));
#7016=CARTESIAN_POINT('',(-0.0457757359312881,0.0100856990244494,0.0376172978562294));
#7017=CARTESIAN_POINT('',(-0.0457757359312881,0.00961369896258529,0.0340973307637311));
#7018=CARTESIAN_POINT('',(-0.0340514718625761,0.00578184446817021,0.039655903999543));
#7019=CARTESIAN_POINT('',(-0.0340514718625761,0.00128547666754274,0.0402588317611642));
#7020=CARTESIAN_POINT('',(-0.0340514718625761,0.0010929634231945,0.0388231533794718));
#7021=CARTESIAN_POINT('',(-0.0340514718625761,0.000620963361330342,0.0353031862869736));
#7022=CARTESIAN_POINT('',(-0.0340514718625761,0.00558933122382197,0.0382202256178505));
#7023=CARTESIAN_POINT('',(-0.0340514718625761,0.00511733116195781,0.0347002585253523));
#7024=CARTESIAN_POINT('',(-0.0457757359312881,0.0462491546738175,0.0342295541449524));
#7025=CARTESIAN_POINT('',(-0.0340514718625761,0.0462491546738175,0.0342295541449524));
#7026=CARTESIAN_POINT('',(-0.0340514718625761,0.0460566414294692,0.03279387576326));
#7027=CARTESIAN_POINT('',(-0.0340514718625761,0.0455846413676051,0.0292739086707617));
#7028=CARTESIAN_POINT('',(-0.0457757359312881,0.0460566414294692,0.03279387576326));
#7029=CARTESIAN_POINT('',(-0.0575,0.0460566414294692,0.03279387576326));
#7030=CARTESIAN_POINT('',(-0.0575,0.0462491546738175,0.0342295541449524));
#7031=CARTESIAN_POINT('',(-0.0575,0.0455846413676051,0.0292739086707617));
#7032=CARTESIAN_POINT('',(-0.0457757359312881,0.0455846413676051,0.0292739086707617));
#7033=CARTESIAN_POINT('',(-0.0340514718625761,0.04175278687319,0.0348324819065736));
#7034=CARTESIAN_POINT('',(-0.0340514718625761,0.0372564190725625,0.0354354096681948));
#7035=CARTESIAN_POINT('',(-0.0340514718625761,0.0370639058282142,0.0339997312865023));
#7036=CARTESIAN_POINT('',(-0.0340514718625761,0.0365919057663501,0.0304797641940041));
#7037=CARTESIAN_POINT('',(-0.0340514718625761,0.0415602736288418,0.0333968035248812));
#7038=CARTESIAN_POINT('',(-0.0340514718625761,0.0410882735669776,0.0298768364323829));
#7039=CARTESIAN_POINT('',(-0.0457757359312881,0.0372564190725625,0.0354354096681948));
#7040=CARTESIAN_POINT('',(-0.0575,0.0372564190725625,0.0354354096681948));
#7041=CARTESIAN_POINT('',(-0.0575,0.0370639058282142,0.0339997312865023));
#7042=CARTESIAN_POINT('',(-0.0575,0.0365919057663501,0.0304797641940041));
#7043=CARTESIAN_POINT('',(-0.0340514718625761,0.0370639058282142,0.0339997312865023));
#7044=CARTESIAN_POINT('',(-0.0457757359312881,0.0365919057663501,0.0304797641940041));
#7045=CARTESIAN_POINT('',(-0.0340514718625761,0.0597382580756999,0.0324207708600889));
#7046=CARTESIAN_POINT('',(-0.0340514718625761,0.0552418902750724,0.0330236986217101));
#7047=CARTESIAN_POINT('',(-0.0340514718625761,0.0550493770307242,0.0315880202400176));
#7048=CARTESIAN_POINT('',(-0.0340514718625761,0.05457737696886,0.0280680531475194));
#7049=CARTESIAN_POINT('',(-0.0340514718625761,0.0595457448313516,0.0309850924783964));
#7050=CARTESIAN_POINT('',(-0.0340514718625761,0.0640421126319791,0.0303821647167752));
#7051=CARTESIAN_POINT('',(-0.0340514718625761,0.0642346258763274,0.0318178430984677));
#7052=CARTESIAN_POINT('',(-0.0340514718625761,0.063570112570115,0.026862197624277));
#7053=CARTESIAN_POINT('',(-0.0340514718625761,0.0590737447694875,0.0274651253858982));
#7054=CARTESIAN_POINT('',(-0.0457757359312881,0.0552418902750724,0.0330236986217101));
#7055=CARTESIAN_POINT('',(-0.0575,0.0552418902750724,0.0330236986217101));
#7056=CARTESIAN_POINT('',(-0.0575,0.0550493770307242,0.0315880202400176));
#7057=CARTESIAN_POINT('',(-0.0575,0.05457737696886,0.0280680531475194));
#7058=CARTESIAN_POINT('',(-0.0340514718625761,0.0550493770307242,0.0315880202400176));
#7059=CARTESIAN_POINT('',(-0.0457757359312881,0.05457737696886,0.0280680531475194));
#7060=CARTESIAN_POINT('',(-0.0575,0.0523286250517068,0.0334143447071766));
#7061=CARTESIAN_POINT('',(-0.0575,0.0642346258763274,0.0318178430984677));
#7062=CARTESIAN_POINT('',(-0.0575,0.0640421126319791,0.0303821647167752));
#7063=CARTESIAN_POINT('',(-0.0575,0.063570112570115,0.026862197624277));
#7064=CARTESIAN_POINT('',(-0.0575,0.0521361118073586,0.0319786663254841));
#7065=CARTESIAN_POINT('',(-0.0575,0.0516641117454944,0.0284586992329858));
#7066=CARTESIAN_POINT('',(-2.43837235971637E-18,0.00128547666754274,0.0402588317611642));
#7067=CARTESIAN_POINT('',(-2.32443523156909E-18,0.0010929634231945,0.0388231533794718));
#7068=CARTESIAN_POINT('',(-2.045086495246E-18,0.000620963361330342,0.0353031862869736));
#7069=CARTESIAN_POINT('',(-0.0575,0.0523286250517068,0.0334143447071766));
#7070=CARTESIAN_POINT('',(-0.0575,0.0521361118073586,0.0319786663254841));
#7071=CARTESIAN_POINT('',(-0.0575,0.0516641117454944,0.0284586992329858));
#7072=CARTESIAN_POINT('',(-0.0457757359312881,0.0642346258763274,0.0318178430984677));
#7073=CARTESIAN_POINT('',(-0.0457757359312881,0.0640421126319791,0.0303821647167752));
#7074=CARTESIAN_POINT('',(-0.0457757359312881,0.063570112570115,0.026862197624277));
#7075=CARTESIAN_POINT('',(-0.045,0.0143683807194062,0.0385045166327635));
#7076=CARTESIAN_POINT('',(-0.045,0.0141758674750579,0.037068838251071));
#7077=CARTESIAN_POINT('',(-0.045,0.0137038674131938,0.0335488711585728));
#7078=CARTESIAN_POINT('',(-2.17441666976889E-18,0.0511152213134415,0.0335770526599719));
#7079=CARTESIAN_POINT('',(-0.0575,0.0178352694883601,0.0380396339590277));
#7080=CARTESIAN_POINT('',(-0.0326029437251523,0.0178352694883601,0.0380396339590277));
#7081=CARTESIAN_POINT('',(-0.0589485281374238,0.0178352694883601,0.0380396339590277));
#7082=CARTESIAN_POINT('',(-0.0589485281374238,0.0511152213134415,0.0335770526599719));
#7083=CARTESIAN_POINT('',(-0.0589485281374238,0.0354284151788938,0.0356805306958142));
#7084=CARTESIAN_POINT('',(-2.25751205317374E-18,0.0354284151788938,0.0356805306958142));
#7085=CARTESIAN_POINT('',(-0.0435514718625762,0.0354284151788938,0.0356805306958142));
#7086=CARTESIAN_POINT('',(-0.0435514718625762,0.0511152213134415,0.0335770526599719));
#7087=CARTESIAN_POINT('',(-0.0435514718625762,0.029699361853,0.0364487519470889));
#7088=CARTESIAN_POINT('',(-2.2878597146785E-18,0.029699361853,0.0364487519470889));
#7089=CARTESIAN_POINT('',(-0.0326029437251523,0.029699361853,0.0364487519470889));
#7090=CARTESIAN_POINT('',(-0.0326029437251523,0.0511152213134415,0.0335770526599719));
#7091=CARTESIAN_POINT('',(-0.0326029437251523,0.0511152213134415,0.0335770526599719));
#7092=CARTESIAN_POINT('',(-0.0326029437251523,0.0476848330555099,0.0340370409006042));
#7093=CARTESIAN_POINT('',(-0.0326029437251523,0.03582074069087,0.035627922912543));
#7094=CARTESIAN_POINT('',(-0.0575,0.03582074069087,0.035627922912543));
#7095=CARTESIAN_POINT('',(-0.0589485281374238,0.03582074069087,0.035627922912543));
#7096=CARTESIAN_POINT('',(-0.0589485281374238,0.0511152213134415,0.0335770526599719));
#7097=CARTESIAN_POINT('',(-0.0589485281374238,0.0476848330555099,0.0340370409006042));
#7098=CARTESIAN_POINT('',(-2.19258795492888E-18,0.0476848330555099,0.0340370409006042));
#7099=CARTESIAN_POINT('',(-0.0326029437251523,0.0511152213134415,0.0335770526599719));
#7100=CARTESIAN_POINT('',(-0.0326029437251523,0.0656703042580198,0.0316253298541195));
#7101=CARTESIAN_POINT('',(-0.0326029437251523,0.0538062118933799,0.0332162118660583));
#7102=CARTESIAN_POINT('',(-0.0575,0.0538062118933799,0.0332162118660583));
#7103=CARTESIAN_POINT('',(-0.0589485281374238,0.0538062118933799,0.0332162118660583));
#7104=CARTESIAN_POINT('',(-0.0589485281374238,0.0511152213134415,0.0335770526599719));
#7105=CARTESIAN_POINT('',(-0.0589485281374238,0.0656703042580198,0.0316253298541195));
#7106=CARTESIAN_POINT('',(-2.09731619517926E-18,0.0656703042580198,0.0316253298541195));
#7107=CARTESIAN_POINT('',(-0.0590514718625761,0.0511152213134415,0.0335770526599719));
#7108=CARTESIAN_POINT('',(-0.0590514718625761,0.0717916830958898,0.0308045008195736));
#7109=CARTESIAN_POINT('',(-0.0590514718625761,0.00272115504923522,0.040066318516816));
#7110=CARTESIAN_POINT('',(-2.43076735430294E-18,0.00272115504923522,0.040066318516816));
#7111=CARTESIAN_POINT('',(-0.0589485281374238,0.00272115504923522,0.040066318516816));
#7112=CARTESIAN_POINT('',(-0.0589485281374238,0.0102782122687977,0.0390529762379219));
#7113=CARTESIAN_POINT('',(-0.0589485281374238,0.0117138906504902,0.0388604629935736));
#7114=CARTESIAN_POINT('',(-2.38313147442813E-18,0.0117138906504902,0.0388604629935736));
#7115=CARTESIAN_POINT('',(-0.0326029437251523,0.0117138906504902,0.0388604629935736));
#7116=CARTESIAN_POINT('',(-0.0326029437251523,0.0511152213134415,0.0335770526599719));
#7117=CARTESIAN_POINT('',(-0.0326029437251523,0.00272115504923522,0.040066318516816));
#7118=CARTESIAN_POINT('',(-2.43076735430294E-18,0.00272115504923522,0.040066318516816));
#7119=CARTESIAN_POINT('',(-0.0325,0.00272115504923522,0.040066318516816));
#7120=CARTESIAN_POINT('',(-0.0325,0.0511152213134415,0.0335770526599719));
#7121=CARTESIAN_POINT('',(-0.0325,0.0717916830958898,0.0308045008195736));
#7122=CARTESIAN_POINT('',(-0.0340514718625761,0.0717916830958898,0.0308045008195736));
#7123=CARTESIAN_POINT('',(-0.0326029437251523,0.0717916830958898,0.0308045008195736));
#7124=CARTESIAN_POINT('',(-0.0326029437251523,0.0511152213134415,0.0335770526599719));
#7125=CARTESIAN_POINT('',(-0.0326029437251523,0.0692288349245199,0.031148158718539));
#7126=CARTESIAN_POINT('',(-2.07846612031032E-18,0.0692288349245199,0.031148158718539));
#7127=CARTESIAN_POINT('',(-0.0589485281374238,0.0692288349245199,0.031148158718539));
#7128=CARTESIAN_POINT('',(-0.0589485281374238,0.0732273614775823,0.0306119875752254));
#7129=CARTESIAN_POINT('',(-0.0589485281374238,0.0717916830958898,0.0308045008195736));
#7130=CARTESIAN_POINT('',(-0.0605,0.0717916830958898,0.0308045008195736));
#7131=CARTESIAN_POINT('',(-1.78113080529851E-18,0.0504507080072291,0.0286214071857812));
#7132=CARTESIAN_POINT('',(-2.23676847723291E-18,0.0176427562440119,0.0366039555773352));
#7133=CARTESIAN_POINT('',(-0.0589485281374238,0.0176427562440119,0.0366039555773352));
#7134=CARTESIAN_POINT('',(-0.0326029437251523,0.0176427562440119,0.0366039555773352));
#7135=CARTESIAN_POINT('',(-0.0326029437251523,0.0235748024263319,0.0358085145713659));
#7136=CARTESIAN_POINT('',(-0.0326029437251523,0.0295068486086518,0.0350130735653964));
#7137=CARTESIAN_POINT('',(-0.0589485281374238,0.0521361118073586,0.0319786663254841));
#7138=CARTESIAN_POINT('',(-0.0589485281374238,0.0352359019345455,0.0342448523141217));
#7139=CARTESIAN_POINT('',(-0.0457757359312881,0.0295068486086518,0.0350130735653964));
#7140=CARTESIAN_POINT('',(-0.0435514718625762,0.0295068486086518,0.0350130735653964));
#7141=CARTESIAN_POINT('',(-0.0075,0.0352359019345455,0.0342448523141217));
#7142=CARTESIAN_POINT('',(-0.0435514718625762,0.0352359019345455,0.0342448523141217));
#7143=CARTESIAN_POINT('',(-0.0435514718625762,0.0141758674750579,0.037068838251071));
#7144=CARTESIAN_POINT('',(-0.0457757359312881,0.0115213774061419,0.0374247846118811));
#7145=CARTESIAN_POINT('',(-0.0326029437251523,0.0115213774061419,0.0374247846118811));
#7146=CARTESIAN_POINT('',(-0.0589485281374238,0.0115213774061419,0.0374247846118811));
#7147=CARTESIAN_POINT('',(-0.0589485281374238,0.0509227080690933,0.0321413742782795));
#7148=CARTESIAN_POINT('',(-0.0589485281374238,0.00252864180488698,0.0386306401351235));
#7149=CARTESIAN_POINT('',(-0.0326029437251523,0.00558933122382197,0.0382202256178505));
#7150=CARTESIAN_POINT('',(-0.0326029437251523,0.00252864180488698,0.0386306401351235));
#7151=CARTESIAN_POINT('',(-2.31683022615565E-18,0.00252864180488698,0.0386306401351235));
#7152=CARTESIAN_POINT('',(-0.0590514718625761,0.00252864180488698,0.0386306401351235));
#7153=CARTESIAN_POINT('',(-2.31683022615565E-18,0.00252864180488698,0.0386306401351235));
#7154=CARTESIAN_POINT('',(-0.0325,0.00252864180488698,0.0386306401351235));
#7155=CARTESIAN_POINT('',(-0.0590514718625761,0.0685384804326066,0.0297792369551541));
#7156=CARTESIAN_POINT('',(-0.0590514718625761,0.0715991698515416,0.0293688224378812));
#7157=CARTESIAN_POINT('',(-0.0325,0.00558933122382197,0.0382202256178505));
#7158=CARTESIAN_POINT('',(-0.0325,0.0715991698515416,0.0293688224378812));
#7159=CARTESIAN_POINT('',(-1.95095319798404E-18,0.0715991698515416,0.0293688224378812));
#7160=CARTESIAN_POINT('',(-0.0589485281374238,0.0715991698515416,0.0293688224378812));
#7161=CARTESIAN_POINT('',(-1.95095319798404E-18,0.0715991698515416,0.0293688224378812));
#7162=CARTESIAN_POINT('',(-0.0326029437251523,0.0715991698515416,0.0293688224378812));
#7163=CARTESIAN_POINT('',(-0.0589485281374238,0.0509227080690933,0.0321413742782795));
#7164=CARTESIAN_POINT('',(-0.0589485281374238,0.0690363216801717,0.0297124803368464));
#7165=CARTESIAN_POINT('',(-0.0326029437251523,0.0685384804326066,0.0297792369551541));
#7166=CARTESIAN_POINT('',(-0.0326029437251523,0.0690363216801717,0.0297124803368464));
#7167=CARTESIAN_POINT('',(4.97436491174419E-18,0.0690363216801717,0.0297124803368464));
#7168=CARTESIAN_POINT('',(-0.0589485281374238,0.0521361118073586,0.0319786663254841));
#7169=CARTESIAN_POINT('',(-0.0589485281374238,0.0654777910136716,0.030189651472427));
#7170=CARTESIAN_POINT('',(-0.0589485281374238,0.0536136986490317,0.0317805334843658));
#7171=CARTESIAN_POINT('',(-2.04622495773366E-18,0.0536136986490317,0.0317805334843658));
#7172=CARTESIAN_POINT('',(-0.0326029437251523,0.0536136986490317,0.0317805334843658));
#7173=CARTESIAN_POINT('',(-0.0457757359312881,0.0654777910136716,0.030189651472427));
#7174=CARTESIAN_POINT('',(-0.0326029437251523,0.0654777910136716,0.030189651472427));
#7175=CARTESIAN_POINT('',(-0.0326029437251523,0.0595457448313516,0.0309850924783964));
#7176=CARTESIAN_POINT('',(-0.0589485281374238,0.0521361118073586,0.0319786663254841));
#7177=CARTESIAN_POINT('',(-0.0589485281374238,0.0474923198111617,0.0326013625189117));
#7178=CARTESIAN_POINT('',(-0.0589485281374238,0.0356282274465218,0.0341922445308506));
#7179=CARTESIAN_POINT('',(-2.14149671748329E-18,0.0356282274465218,0.0341922445308506));
#7180=CARTESIAN_POINT('',(-0.0326029437251523,0.0356282274465218,0.0341922445308506));
#7181=CARTESIAN_POINT('',(-0.0457757359312881,0.0474923198111617,0.0326013625189117));
#7182=CARTESIAN_POINT('',(-0.0326029437251523,0.0474923198111617,0.0326013625189117));
#7183=CARTESIAN_POINT('',(-0.0326029437251523,0.0415602736288418,0.0333968035248812));
#7184=MECHANICAL_DESIGN_GEOMETRIC_PRESENTATION_REPRESENTATION('',(#4246),
#7188);
#7185=MECHANICAL_DESIGN_GEOMETRIC_PRESENTATION_REPRESENTATION('',(#4247),
#7189);
#7186=MECHANICAL_DESIGN_GEOMETRIC_PRESENTATION_REPRESENTATION('',(#4248),
#7190);
#7187=MECHANICAL_DESIGN_GEOMETRIC_PRESENTATION_REPRESENTATION('',(#4249),
#7191);
#7188=(
GEOMETRIC_REPRESENTATION_CONTEXT(3)
GLOBAL_UNCERTAINTY_ASSIGNED_CONTEXT((#7192))
GLOBAL_UNIT_ASSIGNED_CONTEXT((#7204,#7200,#7196))
REPRESENTATION_CONTEXT('Part 3','TOP_LEVEL_ASSEMBLY_PART')
);
#7189=(
GEOMETRIC_REPRESENTATION_CONTEXT(3)
GLOBAL_UNCERTAINTY_ASSIGNED_CONTEXT((#7193))
GLOBAL_UNIT_ASSIGNED_CONTEXT((#7205,#7201,#7197))
REPRESENTATION_CONTEXT('Part 4','TOP_LEVEL_ASSEMBLY_PART')
);
#7190=(
GEOMETRIC_REPRESENTATION_CONTEXT(3)
GLOBAL_UNCERTAINTY_ASSIGNED_CONTEXT((#7194))
GLOBAL_UNIT_ASSIGNED_CONTEXT((#7206,#7202,#7198))
REPRESENTATION_CONTEXT('Part 1','TOP_LEVEL_ASSEMBLY_PART')
);
#7191=(
GEOMETRIC_REPRESENTATION_CONTEXT(3)
GLOBAL_UNCERTAINTY_ASSIGNED_CONTEXT((#7195))
GLOBAL_UNIT_ASSIGNED_CONTEXT((#7207,#7203,#7199))
REPRESENTATION_CONTEXT('Part 2','TOP_LEVEL_ASSEMBLY_PART')
);
#7192=UNCERTAINTY_MEASURE_WITH_UNIT(LENGTH_MEASURE(1.E-8),#7204,
'DISTANCE_ACCURACY_VALUE','Maximum Tolerance applied to model');
#7193=UNCERTAINTY_MEASURE_WITH_UNIT(LENGTH_MEASURE(2.E-5),#7205,
'DISTANCE_ACCURACY_VALUE','Maximum Tolerance applied to model');
#7194=UNCERTAINTY_MEASURE_WITH_UNIT(LENGTH_MEASURE(2.E-5),#7206,
'DISTANCE_ACCURACY_VALUE','Maximum Tolerance applied to model');
#7195=UNCERTAINTY_MEASURE_WITH_UNIT(LENGTH_MEASURE(1.E-8),#7207,
'DISTANCE_ACCURACY_VALUE','Maximum Tolerance applied to model');
#7196=(
NAMED_UNIT(*)
SI_UNIT($,.STERADIAN.)
SOLID_ANGLE_UNIT()
);
#7197=(
NAMED_UNIT(*)
SI_UNIT($,.STERADIAN.)
SOLID_ANGLE_UNIT()
);
#7198=(
NAMED_UNIT(*)
SI_UNIT($,.STERADIAN.)
SOLID_ANGLE_UNIT()
);
#7199=(
NAMED_UNIT(*)
SI_UNIT($,.STERADIAN.)
SOLID_ANGLE_UNIT()
);
#7200=(
NAMED_UNIT(*)
PLANE_ANGLE_UNIT()
SI_UNIT($,.RADIAN.)
);
#7201=(
NAMED_UNIT(*)
PLANE_ANGLE_UNIT()
SI_UNIT($,.RADIAN.)
);
#7202=(
NAMED_UNIT(*)
PLANE_ANGLE_UNIT()
SI_UNIT($,.RADIAN.)
);
#7203=(
NAMED_UNIT(*)
PLANE_ANGLE_UNIT()
SI_UNIT($,.RADIAN.)
);
#7204=(
LENGTH_UNIT()
NAMED_UNIT(*)
SI_UNIT($,.METRE.)
);
#7205=(
LENGTH_UNIT()
NAMED_UNIT(*)
SI_UNIT($,.METRE.)
);
#7206=(
LENGTH_UNIT()
NAMED_UNIT(*)
SI_UNIT($,.METRE.)
);
#7207=(
LENGTH_UNIT()
NAMED_UNIT(*)
SI_UNIT($,.METRE.)
);
#7208=PRODUCT_DEFINITION_SHAPE('','',#7212);
#7209=PRODUCT_DEFINITION_SHAPE('','',#7213);
#7210=PRODUCT_DEFINITION_SHAPE('','',#7214);
#7211=PRODUCT_DEFINITION_SHAPE('','',#7215);
#7212=PRODUCT_DEFINITION('','',#7220,#7216);
#7213=PRODUCT_DEFINITION('','',#7221,#7217);
#7214=PRODUCT_DEFINITION('','',#7222,#7218);
#7215=PRODUCT_DEFINITION('','',#7223,#7219);
#7216=PRODUCT_DEFINITION_CONTEXT('',#7244,'design');
#7217=PRODUCT_DEFINITION_CONTEXT('',#7245,'design');
#7218=PRODUCT_DEFINITION_CONTEXT('',#7246,'design');
#7219=PRODUCT_DEFINITION_CONTEXT('',#7247,'design');
#7220=PRODUCT_DEFINITION_FORMATION_WITH_SPECIFIED_SOURCE('','',#7228,
 .NOT_KNOWN.);
#7221=PRODUCT_DEFINITION_FORMATION_WITH_SPECIFIED_SOURCE('','',#7229,
 .NOT_KNOWN.);
#7222=PRODUCT_DEFINITION_FORMATION_WITH_SPECIFIED_SOURCE('','',#7230,
 .NOT_KNOWN.);
#7223=PRODUCT_DEFINITION_FORMATION_WITH_SPECIFIED_SOURCE('','',#7231,
 .NOT_KNOWN.);
#7224=PRODUCT_RELATED_PRODUCT_CATEGORY('','',(#7228));
#7225=PRODUCT_RELATED_PRODUCT_CATEGORY('','',(#7229));
#7226=PRODUCT_RELATED_PRODUCT_CATEGORY('','',(#7230));
#7227=PRODUCT_RELATED_PRODUCT_CATEGORY('','',(#7231));
#7228=PRODUCT('Part 3','Part 3','Part 3',(#7236));
#7229=PRODUCT('Part 4','Part 4','Part 4',(#7237));
#7230=PRODUCT('Part 1','Part 1','Part 1',(#7238));
#7231=PRODUCT('Part 2','Part 2','Part 2',(#7239));
#7232=PRODUCT_CATEGORY('','');
#7233=PRODUCT_CATEGORY('','');
#7234=PRODUCT_CATEGORY('','');
#7235=PRODUCT_CATEGORY('','');
#7236=PRODUCT_CONTEXT('',#7244,'mechanical');
#7237=PRODUCT_CONTEXT('',#7245,'mechanical');
#7238=PRODUCT_CONTEXT('',#7246,'mechanical');
#7239=PRODUCT_CONTEXT('',#7247,'mechanical');
#7240=APPLICATION_PROTOCOL_DEFINITION('international standard',
'ap242_managed_model_based_3d_engineering',2020,#7244);
#7241=APPLICATION_PROTOCOL_DEFINITION('international standard',
'ap242_managed_model_based_3d_engineering',2020,#7245);
#7242=APPLICATION_PROTOCOL_DEFINITION('international standard',
'ap242_managed_model_based_3d_engineering',2020,#7246);
#7243=APPLICATION_PROTOCOL_DEFINITION('international standard',
'ap242_managed_model_based_3d_engineering',2020,#7247);
#7244=APPLICATION_CONTEXT('managed model based 3d engineering');
#7245=APPLICATION_CONTEXT('managed model based 3d engineering');
#7246=APPLICATION_CONTEXT('managed model based 3d engineering');
#7247=APPLICATION_CONTEXT('managed model based 3d engineering');
ENDSEC;
END-ISO-10303-21;
